205,Socks,4,1
211,Glasses,10,1
215,Jackets,6,1
224,Wallet,10,1
200,Jeans,10,2
203,Sandals,7,2
204,Formal Wear,8,2
206,Swimwear,4,2
225,Cap,12,2
206,Swimwear,4,3
211,Glasses,9,3
214,Suits,2,3
219,Boxers,7,3
224,Wallet,2,3
207,Kahkis,2,4
214,Suits,5,4
217,Ties,7,4
218,Briefs,10,4
226,Watch,5,4
202,Shoes,1,5
204,Formal Wear,6,5
214,Suits,6,5
225,Cap,4,5
206,Swimwear,10,6
208,Gowns,6,6
211,Glasses,1,6
212,Sunglasses,2,6
218,Briefs,8,6
222,Earrings,1,6
202,Shoes,5,7
206,Swimwear,10,7
209,Dresses,5,7
210,T-shirts,7,7
213,Tracksuit,2,7
221,Scarves,5,7
224,Wallet,15,7
225,Cap,6,7
201,Underwear,2,8
202,Shoes,6,8
206,Swimwear,10,8
222,Earrings,10,8
223,Belts,3,8
225,Cap,8,8
204,Formal Wear,10,9
211,Glasses,5,9
213,Tracksuit,8,9
216,Coats,9,9
217,Ties,9,9
221,Scarves,9,9
226,Watch,2,9
203,Sandals,1,10
206,Swimwear,7,10
210,T-shirts,9,10
213,Tracksuit,3,10
223,Belts,11,10
226,Watch,7,10
204,Formal Wear,10,11
205,Socks,9,11
209,Dresses,10,11
210,T-shirts,1,11
212,Sunglasses,5,11
214,Suits,16,11
206,Swimwear,10,12
211,Glasses,5,12
216,Coats,10,12
217,Ties,6,12
218,Briefs,10,12
222,Earrings,5,12
205,Socks,10,13
214,Suits,10,13
225,Cap,8,13
201,Underwear,4,14
200,Jeans,8,15
202,Shoes,1,15
203,Sandals,14,15
206,Swimwear,10,15
207,Kahkis,16,15
208,Gowns,8,15
218,Briefs,1,15
222,Earrings,3,15
225,Cap,8,15
200,Jeans,5,16
201,Underwear,1,16
205,Socks,9,16
207,Kahkis,2,16
215,Jackets,10,16
213,Tracksuit,8,17
218,Briefs,3,17
222,Earrings,2,17
224,Wallet,6,17
226,Watch,3,17
201,Underwear,10,18
204,Formal Wear,4,18
200,Jeans,8,19
205,Socks,9,19
208,Gowns,6,19
209,Dresses,5,19
213,Tracksuit,9,19
220,Bow-ties,3,19
222,Earrings,4,20
224,Wallet,6,20
204,Formal Wear,9,21
208,Gowns,10,21
211,Glasses,10,21
215,Jackets,4,21
218,Briefs,4,21
223,Belts,2,21
224,Wallet,7,21
200,Jeans,5,22
202,Shoes,10,22
207,Kahkis,10,22
200,Jeans,10,23
204,Formal Wear,2,23
210,T-shirts,17,23
222,Earrings,7,23
223,Belts,1,23
226,Watch,5,23
208,Gowns,10,24
219,Boxers,10,24
203,Sandals,5,25
208,Gowns,6,25
213,Tracksuit,5,25
217,Ties,26,25
220,Bow-ties,2,25
224,Wallet,3,25
205,Socks,3,26
206,Swimwear,6,26
212,Sunglasses,1,26
214,Suits,8,26
215,Jackets,4,26
200,Jeans,3,27
202,Shoes,4,27
203,Sandals,8,27
209,Dresses,1,28
210,T-shirts,10,28
225,Cap,6,28
204,Formal Wear,6,32
218,Briefs,10,32
213,Tracksuit,8,33
214,Suits,5,33
221,Scarves,1,33
202,Shoes,3,34
204,Formal Wear,1,34
208,Gowns,7,34
212,Sunglasses,3,34
214,Suits,5,34
220,Bow-ties,3,34
226,Watch,5,34
211,Glasses,6,35
216,Coats,1,35
219,Boxers,3,35
220,Bow-ties,3,35
221,Scarves,3,35
206,Swimwear,8,36
207,Kahkis,6,36
208,Gowns,6,36
211,Glasses,6,36
212,Sunglasses,7,36
213,Tracksuit,12,36
217,Ties,3,36
205,Socks,10,37
207,Kahkis,10,37
210,T-shirts,6,37
212,Sunglasses,5,37
220,Bow-ties,1,37
206,Swimwear,9,38
214,Suits,5,38
216,Coats,3,38
204,Formal Wear,4,39
205,Socks,7,39
211,Glasses,2,39
222,Earrings,4,39
225,Cap,2,39
201,Underwear,4,40
211,Glasses,7,40
220,Bow-ties,3,40
221,Scarves,7,40
202,Shoes,7,41
210,T-shirts,10,41
214,Suits,8,41
216,Coats,4,41
217,Ties,6,41
219,Boxers,10,41
220,Bow-ties,10,41
221,Scarves,1,41
223,Belts,8,41
226,Watch,6,41
201,Underwear,1,42
205,Socks,5,42
218,Briefs,6,42
220,Bow-ties,7,42
200,Jeans,2,43
206,Swimwear,8,43
220,Bow-ties,1,43
225,Cap,9,43
207,Kahkis,10,44
208,Gowns,4,44
219,Boxers,10,44
224,Wallet,6,44
202,Shoes,2,45
203,Sandals,18,45
205,Socks,10,45
218,Briefs,10,45
221,Scarves,4,45
223,Belts,7,45
204,Formal Wear,10,46
207,Kahkis,2,46
219,Boxers,8,46
203,Sandals,8,47
205,Socks,3,47
215,Jackets,3,47
203,Sandals,8,48
210,T-shirts,4,48
212,Sunglasses,9,48
200,Jeans,1,49
203,Sandals,1,49
207,Kahkis,7,49
209,Dresses,10,49
217,Ties,4,49
225,Cap,6,49
200,Jeans,3,50
202,Shoes,2,50
210,T-shirts,6,50
212,Sunglasses,1,50
219,Boxers,8,50
221,Scarves,2,50
223,Belts,8,50
226,Watch,8,50
207,Kahkis,5,51
208,Gowns,8,51
210,T-shirts,8,51
211,Glasses,8,51
218,Briefs,5,51
219,Boxers,10,51
202,Shoes,4,52
209,Dresses,17,52
210,T-shirts,7,52
211,Glasses,6,52
212,Sunglasses,7,52
217,Ties,3,52
219,Boxers,3,52
220,Bow-ties,4,52
222,Earrings,9,52
224,Wallet,12,52
201,Underwear,5,53
205,Socks,3,53
210,T-shirts,2,53
205,Socks,2,54
206,Swimwear,10,54
210,T-shirts,6,54
213,Tracksuit,4,54
219,Boxers,6,54
222,Earrings,10,54
202,Shoes,8,55
205,Socks,6,55
206,Swimwear,18,55
207,Kahkis,6,55
208,Gowns,6,55
222,Earrings,4,55
206,Swimwear,8,56
209,Dresses,10,56
211,Glasses,10,56
217,Ties,9,56
223,Belts,8,56
201,Underwear,10,57
204,Formal Wear,9,57
206,Swimwear,11,57
208,Gowns,9,57
211,Glasses,7,57
212,Sunglasses,6,57
200,Jeans,2,58
201,Underwear,3,58
208,Gowns,4,58
210,T-shirts,2,58
212,Sunglasses,2,58
226,Watch,9,58
204,Formal Wear,10,59
205,Socks,1,59
208,Gowns,3,59
213,Tracksuit,1,59
221,Scarves,5,59
200,Jeans,2,60
201,Underwear,12,60
211,Glasses,4,60
218,Briefs,4,60
222,Earrings,2,60
224,Wallet,9,60
202,Shoes,15,61
216,Coats,4,61
225,Cap,1,61
202,Shoes,1,62
206,Swimwear,1,62
211,Glasses,4,62
213,Tracksuit,3,62
215,Jackets,6,62
219,Boxers,2,62
200,Jeans,2,63
206,Swimwear,6,63
211,Glasses,2,63
213,Tracksuit,13,63
215,Jackets,3,63
217,Ties,7,63
223,Belts,4,63
202,Shoes,10,64
210,T-shirts,10,64
211,Glasses,7,64
213,Tracksuit,7,64
214,Suits,1,64
216,Coats,7,64
217,Ties,4,64
219,Boxers,8,64
220,Bow-ties,11,64
206,Swimwear,8,65
214,Suits,9,65
221,Scarves,2,65
200,Jeans,3,66
201,Underwear,7,66
210,T-shirts,1,66
211,Glasses,2,66
226,Watch,10,66
208,Gowns,12,67
210,T-shirts,4,67
218,Briefs,3,67
226,Watch,16,67
203,Sandals,1,68
204,Formal Wear,8,68
214,Suits,1,68
218,Briefs,7,68
220,Bow-ties,12,68
202,Shoes,10,69
203,Sandals,5,69
206,Swimwear,10,69
211,Glasses,4,69
215,Jackets,5,69
218,Briefs,4,69
221,Scarves,7,69
223,Belts,5,69
224,Wallet,3,69
204,Formal Wear,4,70
205,Socks,3,70
211,Glasses,7,70
223,Belts,5,70
224,Wallet,4,70
206,Swimwear,4,71
210,T-shirts,3,71
218,Briefs,9,71
221,Scarves,3,71
222,Earrings,5,71
226,Watch,7,71
200,Jeans,1,72
201,Underwear,10,72
206,Swimwear,7,72
210,T-shirts,16,72
212,Sunglasses,5,72
214,Suits,5,72
220,Bow-ties,1,72
201,Underwear,5,73
206,Swimwear,7,73
212,Sunglasses,6,73
214,Suits,5,73
216,Coats,3,73
218,Briefs,6,73
219,Boxers,8,73
200,Jeans,3,74
209,Dresses,5,74
217,Ties,4,74
221,Scarves,10,74
204,Formal Wear,7,75
206,Swimwear,3,75
207,Kahkis,8,75
209,Dresses,5,75
211,Glasses,9,75
214,Suits,5,75
218,Briefs,5,75
220,Bow-ties,4,75
224,Wallet,1,75
212,Sunglasses,10,76
221,Scarves,3,76
200,Jeans,8,77
201,Underwear,3,77
203,Sandals,3,77
204,Formal Wear,9,77
210,T-shirts,8,77
213,Tracksuit,5,77
215,Jackets,6,77
216,Coats,8,77
217,Ties,9,77
218,Briefs,10,77
226,Watch,10,77
204,Formal Wear,2,78
207,Kahkis,9,78
208,Gowns,8,78
213,Tracksuit,6,78
220,Bow-ties,6,78
221,Scarves,10,78
222,Earrings,4,78
224,Wallet,2,78
201,Underwear,2,79
203,Sandals,5,79
204,Formal Wear,9,79
205,Socks,10,79
206,Swimwear,10,79
209,Dresses,11,79
212,Sunglasses,9,79
214,Suits,1,79
217,Ties,8,79
220,Bow-ties,4,79
222,Earrings,10,79
225,Cap,3,79
204,Formal Wear,9,80
207,Kahkis,8,80
208,Gowns,6,80
209,Dresses,9,80
218,Briefs,11,80
200,Jeans,7,81
210,T-shirts,7,81
217,Ties,14,81
223,Belts,15,81
226,Watch,9,81
202,Shoes,2,82
208,Gowns,9,82
209,Dresses,5,82
213,Tracksuit,7,82
217,Ties,5,82
225,Cap,4,82
226,Watch,11,82
207,Kahkis,4,83
208,Gowns,4,83
210,T-shirts,6,83
218,Briefs,9,83
226,Watch,3,83
203,Sandals,6,84
204,Formal Wear,6,84
212,Sunglasses,7,84
219,Boxers,10,84
220,Bow-ties,6,84
223,Belts,7,84
225,Cap,7,84
201,Underwear,1,85
210,T-shirts,4,85
211,Glasses,1,85
216,Coats,3,85
218,Briefs,8,85
225,Cap,1,85
226,Watch,7,85
202,Shoes,12,86
203,Sandals,4,86
205,Socks,7,86
212,Sunglasses,12,86
219,Boxers,1,86
224,Wallet,10,86
206,Swimwear,1,87
212,Sunglasses,4,87
213,Tracksuit,7,87
214,Suits,2,87
219,Boxers,3,87
220,Bow-ties,9,87
224,Wallet,9,87
205,Socks,2,91
217,Ties,4,91
204,Formal Wear,7,93
206,Swimwear,12,93
219,Boxers,5,93
213,Tracksuit,8,94
222,Earrings,10,94
205,Socks,8,95
209,Dresses,8,95
224,Wallet,15,95
223,Belts,10,96
224,Wallet,8,96
200,Jeans,4,97
205,Socks,9,97
207,Kahkis,1,97
208,Gowns,6,97
209,Dresses,5,97
214,Suits,2,97
216,Coats,2,97
217,Ties,9,97
218,Briefs,4,97
206,Swimwear,4,98
210,T-shirts,10,98
211,Glasses,10,98
214,Suits,9,98
226,Watch,2,98
200,Jeans,7,99
204,Formal Wear,9,99
207,Kahkis,3,99
208,Gowns,8,99
210,T-shirts,2,99
211,Glasses,9,99
222,Earrings,6,99
215,Jackets,8,100
217,Ties,9,100
222,Earrings,8,100
205,Socks,4,101
210,T-shirts,1,101
211,Glasses,5,101
217,Ties,5,101
223,Belts,1,101
202,Shoes,1,102
205,Socks,11,102
224,Wallet,7,102
201,Underwear,7,103
215,Jackets,3,103
221,Scarves,5,103
209,Dresses,3,104
220,Bow-ties,3,104
206,Swimwear,9,105
208,Gowns,7,105
211,Glasses,9,105
212,Sunglasses,8,105
213,Tracksuit,2,105
214,Suits,13,105
218,Briefs,6,105
223,Belts,6,105
225,Cap,1,105
200,Jeans,6,106
204,Formal Wear,2,106
207,Kahkis,1,106
217,Ties,12,106
219,Boxers,5,106
223,Belts,21,106
224,Wallet,16,106
225,Cap,9,106
226,Watch,3,106
217,Ties,4,107
224,Wallet,8,107
215,Jackets,6,108
216,Coats,5,108
204,Formal Wear,7,109
205,Socks,6,109
206,Swimwear,2,109
213,Tracksuit,5,109
214,Suits,6,109
221,Scarves,3,109
223,Belts,5,109
224,Wallet,7,109
206,Swimwear,7,110
221,Scarves,10,110
201,Underwear,7,111
209,Dresses,1,111
214,Suits,6,111
215,Jackets,2,111
216,Coats,8,111
203,Sandals,6,112
206,Swimwear,8,112
212,Sunglasses,10,112
215,Jackets,8,112
219,Boxers,1,112
220,Bow-ties,7,112
224,Wallet,7,112
225,Cap,9,112
201,Underwear,17,113
203,Sandals,6,113
212,Sunglasses,7,113
213,Tracksuit,8,113
216,Coats,10,113
220,Bow-ties,6,113
223,Belts,9,113
225,Cap,13,113
202,Shoes,1,114
213,Tracksuit,10,114
220,Bow-ties,7,114
224,Wallet,8,114
200,Jeans,1,115
203,Sandals,7,115
206,Swimwear,8,115
214,Suits,2,115
219,Boxers,7,116
200,Jeans,9,117
203,Sandals,7,117
217,Ties,1,117
219,Boxers,1,117
225,Cap,10,117
226,Watch,1,117
200,Jeans,9,118
209,Dresses,1,118
216,Coats,5,118
217,Ties,7,118
202,Shoes,1,121
205,Socks,10,121
211,Glasses,5,121
213,Tracksuit,2,121
217,Ties,1,121
221,Scarves,2,121
224,Wallet,10,121
204,Formal Wear,4,122
219,Boxers,4,122
220,Bow-ties,8,122
200,Jeans,9,123
203,Sandals,9,123
212,Sunglasses,9,123
214,Suits,1,123
226,Watch,8,123
209,Dresses,7,124
219,Boxers,8,124
221,Scarves,1,124
223,Belts,7,124
200,Jeans,9,125
202,Shoes,4,125
206,Swimwear,9,125
221,Scarves,3,125
205,Socks,6,126
213,Tracksuit,10,126
226,Watch,6,126
205,Socks,9,127
218,Briefs,2,127
223,Belts,2,127
205,Socks,4,128
201,Underwear,4,129
202,Shoes,8,129
220,Bow-ties,9,129
222,Earrings,9,129
202,Shoes,16,130
204,Formal Wear,2,130
211,Glasses,6,130
214,Suits,2,130
216,Coats,8,130
224,Wallet,8,130
208,Gowns,2,131
209,Dresses,6,131
213,Tracksuit,9,131
216,Coats,1,131
226,Watch,5,131
200,Jeans,9,132
219,Boxers,3,132
224,Wallet,9,132
205,Socks,2,133
215,Jackets,8,133
223,Belts,4,133
225,Cap,2,133
211,Glasses,4,134
218,Briefs,9,134
202,Shoes,8,135
203,Sandals,9,135
209,Dresses,8,135
212,Sunglasses,15,135
219,Boxers,13,135
220,Bow-ties,1,135
223,Belts,1,135
205,Socks,3,136
221,Scarves,2,136
204,Formal Wear,10,137
205,Socks,7,137
213,Tracksuit,1,137
214,Suits,1,137
201,Underwear,6,138
204,Formal Wear,5,138
213,Tracksuit,9,138
203,Sandals,9,139
204,Formal Wear,8,139
212,Sunglasses,3,139
214,Suits,15,139
215,Jackets,3,139
222,Earrings,5,139
210,T-shirts,8,140
216,Coats,10,140
225,Cap,2,140
206,Swimwear,7,141
211,Glasses,7,141
216,Coats,6,141
200,Jeans,5,142
202,Shoes,17,142
209,Dresses,6,142
211,Glasses,16,142
220,Bow-ties,7,142
201,Underwear,3,143
207,Kahkis,8,143
209,Dresses,4,143
218,Briefs,2,143
221,Scarves,10,143
204,Formal Wear,1,144
212,Sunglasses,1,144
213,Tracksuit,9,144
215,Jackets,1,144
216,Coats,10,144
224,Wallet,2,144
225,Cap,6,144
226,Watch,5,144
201,Underwear,1,145
210,T-shirts,5,145
213,Tracksuit,6,145
222,Earrings,5,145
225,Cap,5,145
210,T-shirts,10,146
214,Suits,7,146
223,Belts,10,146
226,Watch,1,146
210,T-shirts,5,147
213,Tracksuit,3,147
221,Scarves,7,147
224,Wallet,3,147
225,Cap,3,147
201,Underwear,8,148
204,Formal Wear,8,148
218,Briefs,6,148
203,Sandals,5,152
206,Swimwear,1,152
209,Dresses,3,152
210,T-shirts,9,152
211,Glasses,9,152
212,Sunglasses,10,152
214,Suits,18,152
219,Boxers,8,152
201,Underwear,2,153
204,Formal Wear,16,153
206,Swimwear,3,153
211,Glasses,2,153
213,Tracksuit,14,153
216,Coats,10,153
218,Briefs,7,153
221,Scarves,14,153
225,Cap,3,153
201,Underwear,8,154
207,Kahkis,5,154
213,Tracksuit,14,154
214,Suits,8,154
216,Coats,10,154
221,Scarves,4,154
223,Belts,10,154
226,Watch,11,154
200,Jeans,5,155
203,Sandals,6,155
204,Formal Wear,9,155
208,Gowns,8,155
212,Sunglasses,12,155
213,Tracksuit,9,155
214,Suits,9,155
216,Coats,9,155
219,Boxers,14,155
221,Scarves,4,155
201,Underwear,9,156
203,Sandals,1,156
206,Swimwear,2,156
207,Kahkis,7,156
213,Tracksuit,7,156
214,Suits,4,156
215,Jackets,18,156
217,Ties,14,156
218,Briefs,12,156
220,Bow-ties,2,156
221,Scarves,6,156
225,Cap,10,156
203,Sandals,8,157
204,Formal Wear,5,157
205,Socks,13,157
210,T-shirts,9,157
212,Sunglasses,2,157
213,Tracksuit,16,157
214,Suits,7,157
215,Jackets,6,157
219,Boxers,1,157
220,Bow-ties,1,157
221,Scarves,10,157
222,Earrings,6,157
223,Belts,7,157
200,Jeans,9,158
202,Shoes,4,158
204,Formal Wear,7,158
205,Socks,6,158
208,Gowns,4,158
210,T-shirts,10,158
213,Tracksuit,11,158
216,Coats,7,158
219,Boxers,5,158
220,Bow-ties,8,158
222,Earrings,8,158
224,Wallet,8,158
201,Underwear,8,159
202,Shoes,6,159
204,Formal Wear,10,159
206,Swimwear,8,159
214,Suits,5,159
218,Briefs,6,159
221,Scarves,8,159
224,Wallet,24,159
226,Watch,7,159
205,Socks,8,160
207,Kahkis,6,160
208,Gowns,7,160
210,T-shirts,6,160
212,Sunglasses,3,160
214,Suits,4,160
218,Briefs,9,160
219,Boxers,7,160
221,Scarves,3,160
200,Jeans,5,161
201,Underwear,10,161
202,Shoes,10,161
212,Sunglasses,15,161
213,Tracksuit,5,161
215,Jackets,10,161
217,Ties,7,161
222,Earrings,2,161
225,Cap,1,161
202,Shoes,4,162
203,Sandals,6,162
205,Socks,3,162
208,Gowns,1,162
209,Dresses,9,162
212,Sunglasses,9,162
213,Tracksuit,7,162
217,Ties,1,162
220,Bow-ties,6,162
221,Scarves,6,162
222,Earrings,3,162
225,Cap,1,162
206,Swimwear,15,163
208,Gowns,7,163
212,Sunglasses,10,163
213,Tracksuit,5,163
216,Coats,12,163
218,Briefs,1,163
219,Boxers,7,163
220,Bow-ties,3,163
223,Belts,1,163
224,Wallet,5,163
225,Cap,3,163
202,Shoes,9,164
215,Jackets,6,164
216,Coats,9,164
217,Ties,9,164
218,Briefs,8,164
221,Scarves,3,164
222,Earrings,13,164
223,Belts,9,164
205,Socks,7,165
206,Swimwear,10,165
207,Kahkis,5,165
208,Gowns,5,165
209,Dresses,10,165
210,T-shirts,7,165
213,Tracksuit,7,165
215,Jackets,8,165
216,Coats,1,165
220,Bow-ties,3,165
221,Scarves,5,165
223,Belts,1,165
226,Watch,2,165
200,Jeans,5,166
203,Sandals,8,166
207,Kahkis,7,166
208,Gowns,9,166
212,Sunglasses,6,166
213,Tracksuit,8,166
215,Jackets,6,166
216,Coats,4,166
222,Earrings,10,166
223,Belts,9,166
204,Formal Wear,3,167
205,Socks,7,167
207,Kahkis,7,167
209,Dresses,1,167
210,T-shirts,8,167
211,Glasses,10,167
212,Sunglasses,5,167
213,Tracksuit,8,167
217,Ties,15,167
218,Briefs,3,167
219,Boxers,9,167
225,Cap,9,167
226,Watch,11,167
201,Underwear,8,168
202,Shoes,2,168
205,Socks,7,168
213,Tracksuit,6,168
219,Boxers,4,168
224,Wallet,9,168
225,Cap,4,168
200,Jeans,5,169
215,Jackets,7,169
218,Briefs,5,169
221,Scarves,9,169
222,Earrings,8,169
225,Cap,7,169
226,Watch,6,169
203,Sandals,8,170
204,Formal Wear,1,170
209,Dresses,6,170
210,T-shirts,3,170
215,Jackets,6,170
222,Earrings,7,170
226,Watch,10,170
206,Swimwear,6,171
208,Gowns,20,171
213,Tracksuit,10,171
220,Bow-ties,1,171
224,Wallet,9,171
225,Cap,5,171
203,Sandals,3,172
205,Socks,8,172
208,Gowns,9,172
213,Tracksuit,2,172
216,Coats,2,172
218,Briefs,6,172
220,Bow-ties,6,172
221,Scarves,4,172
225,Cap,14,172
201,Underwear,11,173
206,Swimwear,8,173
208,Gowns,6,173
214,Suits,2,173
215,Jackets,14,173
217,Ties,8,173
219,Boxers,12,173
224,Wallet,7,173
226,Watch,6,173
205,Socks,1,174
209,Dresses,7,174
213,Tracksuit,7,174
219,Boxers,3,174
220,Bow-ties,10,174
222,Earrings,13,174
203,Sandals,3,175
207,Kahkis,2,175
214,Suits,2,175
219,Boxers,7,175
221,Scarves,10,175
226,Watch,5,175
203,Sandals,4,176
204,Formal Wear,10,176
210,T-shirts,4,176
220,Bow-ties,6,176
201,Underwear,7,177
212,Sunglasses,10,177
214,Suits,1,177
215,Jackets,2,177
216,Coats,5,177
217,Ties,10,177
218,Briefs,6,177
222,Earrings,2,177
223,Belts,9,177
204,Formal Wear,9,178
205,Socks,8,178
206,Swimwear,3,178
208,Gowns,2,178
212,Sunglasses,10,178
218,Briefs,14,178
203,Sandals,14,179
208,Gowns,9,179
214,Suits,6,179
216,Coats,8,179
217,Ties,4,179
218,Briefs,2,179
222,Earrings,6,179
224,Wallet,9,179
202,Shoes,8,182
212,Sunglasses,7,182
216,Coats,2,182
221,Scarves,1,182
222,Earrings,7,182
226,Watch,10,182
200,Jeans,5,183
201,Underwear,9,183
205,Socks,1,183
206,Swimwear,1,183
212,Sunglasses,2,183
219,Boxers,5,183
226,Watch,9,183
203,Sandals,6,184
207,Kahkis,7,184
212,Sunglasses,6,184
221,Scarves,7,184
224,Wallet,8,184
202,Shoes,11,185
203,Sandals,4,185
208,Gowns,5,185
209,Dresses,3,185
212,Sunglasses,8,185
214,Suits,1,185
218,Briefs,10,185
223,Belts,1,185
200,Jeans,2,186
203,Sandals,5,186
205,Socks,1,186
209,Dresses,10,186
215,Jackets,7,186
218,Briefs,9,186
200,Jeans,8,187
207,Kahkis,9,187
214,Suits,1,187
218,Briefs,1,187
222,Earrings,2,187
226,Watch,9,187
202,Shoes,12,188
208,Gowns,12,188
210,T-shirts,3,188
217,Ties,14,188
218,Briefs,5,188
219,Boxers,8,188
221,Scarves,6,188
226,Watch,3,188
217,Ties,4,189
220,Bow-ties,1,189
221,Scarves,8,189
223,Belts,8,189
225,Cap,10,189
200,Jeans,7,190
203,Sandals,1,190
206,Swimwear,3,190
207,Kahkis,6,190
216,Coats,10,190
219,Boxers,3,190
220,Bow-ties,9,190
222,Earrings,10,190
206,Swimwear,9,191
207,Kahkis,9,191
208,Gowns,4,191
212,Sunglasses,6,191
214,Suits,12,191
217,Ties,6,191
219,Boxers,9,191
220,Bow-ties,2,191
226,Watch,1,191
200,Jeans,6,192
217,Ties,10,192
222,Earrings,3,192
223,Belts,13,192
226,Watch,10,192
202,Shoes,7,193
205,Socks,8,193
207,Kahkis,9,193
211,Glasses,3,193
212,Sunglasses,7,193
215,Jackets,10,193
216,Coats,10,193
221,Scarves,5,193
222,Earrings,2,193
224,Wallet,1,193
225,Cap,8,193
226,Watch,2,193
200,Jeans,4,194
209,Dresses,1,194
213,Tracksuit,5,194
215,Jackets,13,194
216,Coats,6,194
217,Ties,10,194
221,Scarves,2,194
225,Cap,10,194
226,Watch,7,194
202,Shoes,8,195
204,Formal Wear,7,195
212,Sunglasses,14,195
213,Tracksuit,18,195
214,Suits,16,195
219,Boxers,5,195
222,Earrings,10,195
224,Wallet,7,195
206,Swimwear,7,196
207,Kahkis,9,196
210,T-shirts,2,196
213,Tracksuit,4,196
214,Suits,9,196
225,Cap,10,196
226,Watch,3,196
203,Sandals,8,197
207,Kahkis,9,197
208,Gowns,9,197
217,Ties,3,197
223,Belts,1,197
200,Jeans,4,198
205,Socks,2,198
206,Swimwear,5,198
208,Gowns,8,198
210,T-shirts,6,198
211,Glasses,6,198
213,Tracksuit,7,198
219,Boxers,4,198
220,Bow-ties,5,198
201,Underwear,7,199
206,Swimwear,10,199
211,Glasses,10,199
213,Tracksuit,1,199
217,Ties,5,199
219,Boxers,16,199
223,Belts,1,199
226,Watch,8,199
202,Shoes,7,200
204,Formal Wear,2,200
207,Kahkis,5,200
209,Dresses,10,200
221,Scarves,2,200
226,Watch,1,200
202,Shoes,18,202
204,Formal Wear,17,202
209,Dresses,4,202
210,T-shirts,9,202
219,Boxers,6,202
220,Bow-ties,6,202
200,Jeans,10,203
203,Sandals,9,203
206,Swimwear,7,203
207,Kahkis,14,203
208,Gowns,13,203
210,T-shirts,20,203
213,Tracksuit,9,203
217,Ties,7,203
220,Bow-ties,6,203
222,Earrings,7,203
223,Belts,9,203
204,Formal Wear,6,204
209,Dresses,10,204
210,T-shirts,7,204
211,Glasses,5,204
219,Boxers,2,204
222,Earrings,4,204
226,Watch,10,204
216,Coats,4,205
219,Boxers,9,205
224,Wallet,1,205
200,Jeans,1,206
201,Underwear,3,206
211,Glasses,5,206
220,Bow-ties,4,206
223,Belts,4,206
226,Watch,6,206
209,Dresses,2,207
211,Glasses,7,207
212,Sunglasses,16,207
213,Tracksuit,3,207
214,Suits,10,207
221,Scarves,3,207
222,Earrings,10,207
201,Underwear,5,208
207,Kahkis,13,208
209,Dresses,10,208
214,Suits,1,208
221,Scarves,4,208
222,Earrings,8,208
223,Belts,7,208
224,Wallet,6,208
202,Shoes,3,209
204,Formal Wear,4,209
208,Gowns,7,209
212,Sunglasses,9,209
216,Coats,8,209
221,Scarves,1,209
208,Gowns,1,213
212,Sunglasses,4,213
214,Suits,10,213
206,Swimwear,9,214
207,Kahkis,1,214
209,Dresses,13,214
224,Wallet,8,214
208,Gowns,2,215
221,Scarves,3,215
222,Earrings,6,215
203,Sandals,9,216
204,Formal Wear,3,216
214,Suits,8,216
219,Boxers,1,216
220,Bow-ties,3,216
226,Watch,3,216
200,Jeans,2,217
210,T-shirts,3,217
215,Jackets,8,217
221,Scarves,4,217
200,Jeans,10,218
201,Underwear,8,218
206,Swimwear,4,218
209,Dresses,7,218
213,Tracksuit,4,218
216,Coats,7,218
223,Belts,5,218
205,Socks,8,219
206,Swimwear,10,219
210,T-shirts,5,219
218,Briefs,7,219
221,Scarves,1,219
222,Earrings,1,219
204,Formal Wear,5,220
209,Dresses,5,220
211,Glasses,7,220
213,Tracksuit,9,220
221,Scarves,7,220
203,Sandals,1,221
205,Socks,2,221
206,Swimwear,4,221
222,Earrings,9,221
224,Wallet,8,221
206,Swimwear,7,222
216,Coats,10,222
219,Boxers,13,222
221,Scarves,3,222
223,Belts,10,222
225,Cap,10,222
202,Shoes,3,223
213,Tracksuit,6,223
218,Briefs,1,223
223,Belts,7,223
200,Jeans,6,224
201,Underwear,3,224
203,Sandals,6,224
204,Formal Wear,8,224
206,Swimwear,9,224
208,Gowns,7,224
216,Coats,7,224
220,Bow-ties,13,224
222,Earrings,4,224
200,Jeans,10,225
203,Sandals,5,225
204,Formal Wear,8,225
206,Swimwear,9,225
209,Dresses,8,225
221,Scarves,10,225
207,Kahkis,1,226
214,Suits,6,226
215,Jackets,2,226
219,Boxers,10,226
225,Cap,1,226
201,Underwear,6,227
222,Earrings,2,227
224,Wallet,6,227
207,Kahkis,3,228
209,Dresses,4,228
221,Scarves,1,228
222,Earrings,6,228
226,Watch,5,228
202,Shoes,5,229
219,Boxers,1,229
224,Wallet,1,229
225,Cap,1,229
226,Watch,1,229
205,Socks,8,230
214,Suits,7,230
223,Belts,10,230
201,Underwear,5,231
204,Formal Wear,1,231
209,Dresses,1,231
217,Ties,2,231
210,T-shirts,2,232
217,Ties,7,232
220,Bow-ties,3,232
221,Scarves,4,232
223,Belts,10,232
204,Formal Wear,6,233
219,Boxers,8,233
220,Bow-ties,8,233
204,Formal Wear,1,234
208,Gowns,5,234
214,Suits,9,234
216,Coats,8,234
220,Bow-ties,9,234
206,Swimwear,8,235
222,Earrings,9,235
204,Formal Wear,5,236
205,Socks,7,236
212,Sunglasses,9,236
214,Suits,1,236
209,Dresses,7,237
221,Scarves,7,237
222,Earrings,6,237
225,Cap,3,237
226,Watch,2,237
200,Jeans,7,238
212,Sunglasses,8,238
220,Bow-ties,2,238
204,Formal Wear,4,239
206,Swimwear,9,239
213,Tracksuit,2,239
216,Coats,10,239
219,Boxers,10,239
221,Scarves,4,239
223,Belts,5,239
202,Shoes,3,240
211,Glasses,2,240
216,Coats,3,240
217,Ties,9,244
212,Sunglasses,1,245
218,Briefs,6,245
220,Bow-ties,3,245
226,Watch,8,245
200,Jeans,7,246
203,Sandals,10,246
209,Dresses,1,246
210,T-shirts,18,246
223,Belts,8,246
224,Wallet,9,246
213,Tracksuit,9,247
214,Suits,2,247
215,Jackets,10,247
216,Coats,5,247
224,Wallet,9,247
207,Kahkis,8,248
208,Gowns,2,248
213,Tracksuit,8,248
216,Coats,2,248
218,Briefs,6,248
224,Wallet,10,248
201,Underwear,9,250
203,Sandals,5,250
210,T-shirts,3,250
214,Suits,10,250
220,Bow-ties,5,250
224,Wallet,10,250
225,Cap,9,250
208,Gowns,9,251
209,Dresses,6,251
217,Ties,7,251
200,Jeans,1,252
205,Socks,10,252
206,Swimwear,6,252
208,Gowns,1,252
217,Ties,1,252
224,Wallet,5,252
201,Underwear,1,253
208,Gowns,4,253
219,Boxers,3,253
221,Scarves,8,253
223,Belts,4,253
224,Wallet,7,253
225,Cap,9,253
203,Sandals,9,254
206,Swimwear,10,254
221,Scarves,9,254
222,Earrings,6,254
208,Gowns,12,255
224,Wallet,12,255
202,Shoes,8,256
216,Coats,10,256
218,Briefs,1,257
221,Scarves,2,257
204,Formal Wear,1,258
207,Kahkis,2,258
209,Dresses,9,259
214,Suits,14,259
220,Bow-ties,6,259
224,Wallet,6,259
209,Dresses,4,260
216,Coats,9,260
217,Ties,9,260
200,Jeans,8,261
203,Sandals,3,261
206,Swimwear,4,261
209,Dresses,8,261
212,Sunglasses,8,261
213,Tracksuit,1,261
215,Jackets,1,261
217,Ties,5,261
218,Briefs,3,261
209,Dresses,8,262
213,Tracksuit,2,262
215,Jackets,4,262
224,Wallet,7,262
204,Formal Wear,4,263
206,Swimwear,3,263
209,Dresses,3,263
210,T-shirts,3,263
224,Wallet,2,263
226,Watch,7,263
208,Gowns,10,264
200,Jeans,2,265
207,Kahkis,7,265
212,Sunglasses,2,265
213,Tracksuit,18,265
214,Suits,4,265
216,Coats,5,265
224,Wallet,10,265
218,Briefs,8,266
220,Bow-ties,6,266
226,Watch,4,266
202,Shoes,7,267
212,Sunglasses,4,267
219,Boxers,11,267
223,Belts,10,267
225,Cap,6,267
202,Shoes,10,268
214,Suits,8,268
218,Briefs,7,268
209,Dresses,9,269
216,Coats,1,269
217,Ties,4,269
224,Wallet,7,269
226,Watch,4,269
211,Glasses,4,270
215,Jackets,2,270
217,Ties,5,270
224,Wallet,16,270
204,Formal Wear,9,271
205,Socks,3,271
215,Jackets,9,271
220,Bow-ties,3,271
203,Sandals,8,274
207,Kahkis,6,274
216,Coats,6,274
219,Boxers,4,274
221,Scarves,4,274
222,Earrings,6,274
224,Wallet,10,274
226,Watch,4,274
200,Jeans,7,275
202,Shoes,8,275
208,Gowns,1,275
209,Dresses,1,275
212,Sunglasses,9,275
213,Tracksuit,6,275
215,Jackets,3,275
217,Ties,1,275
218,Briefs,3,275
220,Bow-ties,3,275
224,Wallet,1,275
226,Watch,13,275
200,Jeans,1,276
202,Shoes,4,276
205,Socks,5,276
206,Swimwear,5,276
207,Kahkis,1,276
209,Dresses,10,276
220,Bow-ties,1,276
222,Earrings,3,276
223,Belts,9,276
225,Cap,11,276
201,Underwear,6,277
203,Sandals,2,277
204,Formal Wear,1,277
208,Gowns,8,277
209,Dresses,5,277
210,T-shirts,3,277
212,Sunglasses,2,277
213,Tracksuit,5,277
215,Jackets,6,277
216,Coats,3,277
224,Wallet,4,277
225,Cap,10,277
200,Jeans,6,278
202,Shoes,8,278
204,Formal Wear,12,278
205,Socks,6,278
208,Gowns,6,278
213,Tracksuit,6,278
216,Coats,9,278
200,Jeans,4,279
201,Underwear,8,279
202,Shoes,5,279
203,Sandals,16,279
204,Formal Wear,1,279
207,Kahkis,4,279
208,Gowns,8,279
213,Tracksuit,6,279
222,Earrings,7,279
202,Shoes,1,280
204,Formal Wear,10,280
205,Socks,16,280
207,Kahkis,8,280
208,Gowns,10,280
209,Dresses,7,280
211,Glasses,5,280
212,Sunglasses,8,280
213,Tracksuit,6,280
215,Jackets,13,280
216,Coats,4,280
217,Ties,3,280
218,Briefs,3,280
219,Boxers,2,280
224,Wallet,3,280
225,Cap,6,280
226,Watch,5,280
201,Underwear,6,281
204,Formal Wear,6,281
205,Socks,3,281
206,Swimwear,5,281
207,Kahkis,1,281
208,Gowns,3,281
209,Dresses,9,281
210,T-shirts,4,281
211,Glasses,3,281
217,Ties,8,281
220,Bow-ties,6,281
222,Earrings,2,281
224,Wallet,4,281
225,Cap,2,281
200,Jeans,8,282
203,Sandals,1,282
204,Formal Wear,10,282
208,Gowns,1,282
209,Dresses,3,282
210,T-shirts,2,282
211,Glasses,4,282
212,Sunglasses,4,282
218,Briefs,4,282
222,Earrings,2,282
223,Belts,3,282
224,Wallet,7,282
204,Formal Wear,8,283
205,Socks,9,283
206,Swimwear,10,283
209,Dresses,7,283
212,Sunglasses,6,283
214,Suits,2,283
216,Coats,9,283
217,Ties,8,283
219,Boxers,8,283
221,Scarves,4,283
222,Earrings,3,283
226,Watch,6,283
200,Jeans,15,284
206,Swimwear,4,284
209,Dresses,2,284
212,Sunglasses,4,284
213,Tracksuit,2,284
217,Ties,19,284
218,Briefs,6,284
222,Earrings,2,284
223,Belts,5,284
224,Wallet,1,284
226,Watch,3,284
200,Jeans,19,285
203,Sandals,1,285
204,Formal Wear,8,285
205,Socks,2,285
206,Swimwear,11,285
207,Kahkis,12,285
209,Dresses,4,285
210,T-shirts,25,285
211,Glasses,4,285
213,Tracksuit,4,285
217,Ties,6,285
218,Briefs,13,285
220,Bow-ties,2,285
221,Scarves,9,285
223,Belts,5,285
224,Wallet,7,285
204,Formal Wear,9,286
207,Kahkis,2,286
208,Gowns,8,286
210,T-shirts,7,286
212,Sunglasses,9,286
213,Tracksuit,8,286
216,Coats,5,286
220,Bow-ties,2,286
222,Earrings,1,286
225,Cap,12,286
203,Sandals,13,287
204,Formal Wear,11,287
205,Socks,13,287
206,Swimwear,7,287
207,Kahkis,5,287
209,Dresses,10,287
210,T-shirts,12,287
211,Glasses,4,287
214,Suits,1,287
218,Briefs,4,287
219,Boxers,9,287
223,Belts,10,287
226,Watch,10,287
201,Underwear,4,288
203,Sandals,9,288
205,Socks,9,288
211,Glasses,8,288
214,Suits,1,288
219,Boxers,4,288
222,Earrings,26,288
224,Wallet,1,288
225,Cap,2,288
200,Jeans,2,289
202,Shoes,1,289
204,Formal Wear,3,289
205,Socks,5,289
206,Swimwear,2,289
208,Gowns,4,289
214,Suits,10,289
215,Jackets,7,289
216,Coats,9,289
223,Belts,10,289
203,Sandals,4,290
211,Glasses,5,290
213,Tracksuit,8,290
215,Jackets,15,290
216,Coats,6,290
217,Ties,5,290
218,Briefs,6,290
224,Wallet,1,290
200,Jeans,10,291
201,Underwear,9,291
203,Sandals,11,291
207,Kahkis,4,291
209,Dresses,6,291
216,Coats,18,291
218,Briefs,8,291
220,Bow-ties,7,291
224,Wallet,18,291
225,Cap,2,291
226,Watch,5,291
200,Jeans,5,292
210,T-shirts,3,292
211,Glasses,3,292
213,Tracksuit,6,292
215,Jackets,5,292
216,Coats,9,292
217,Ties,6,292
218,Briefs,5,292
219,Boxers,9,292
222,Earrings,2,292
223,Belts,5,292
225,Cap,8,292
204,Formal Wear,20,293
208,Gowns,8,293
211,Glasses,2,293
216,Coats,2,293
217,Ties,5,293
222,Earrings,6,293
223,Belts,5,293
224,Wallet,18,293
225,Cap,8,293
203,Sandals,8,294
204,Formal Wear,15,294
210,T-shirts,7,294
214,Suits,9,294
216,Coats,5,294
218,Briefs,11,294
221,Scarves,4,294
225,Cap,10,294
200,Jeans,14,295
201,Underwear,4,295
204,Formal Wear,2,295
207,Kahkis,5,295
213,Tracksuit,8,295
217,Ties,10,295
218,Briefs,10,295
226,Watch,12,295
206,Swimwear,1,296
209,Dresses,8,296
210,T-shirts,8,296
212,Sunglasses,4,296
213,Tracksuit,3,296
214,Suits,7,296
223,Belts,10,296
224,Wallet,5,296
226,Watch,1,296
203,Sandals,5,297
207,Kahkis,12,297
208,Gowns,1,297
212,Sunglasses,14,297
216,Coats,2,297
218,Briefs,5,297
220,Bow-ties,8,297
222,Earrings,8,297
225,Cap,9,297
203,Sandals,8,298
204,Formal Wear,3,298
205,Socks,6,298
207,Kahkis,5,298
208,Gowns,8,298
210,T-shirts,10,298
211,Glasses,4,298
212,Sunglasses,4,298
217,Ties,9,298
219,Boxers,2,298
221,Scarves,1,298
223,Belts,3,298
225,Cap,1,298
200,Jeans,5,299
201,Underwear,12,299
203,Sandals,1,299
204,Formal Wear,5,299
206,Swimwear,17,299
211,Glasses,6,299
213,Tracksuit,5,299
215,Jackets,5,299
218,Briefs,4,299
222,Earrings,13,299
202,Shoes,12,300
204,Formal Wear,1,300
205,Socks,10,300
206,Swimwear,10,300
207,Kahkis,4,300
210,T-shirts,2,300
212,Sunglasses,6,300
215,Jackets,8,300
217,Ties,10,300
223,Belts,8,300
225,Cap,3,300
201,Underwear,7,301
202,Shoes,9,301
204,Formal Wear,7,301
207,Kahkis,1,301
213,Tracksuit,4,301
215,Jackets,5,301
216,Coats,23,301
217,Ties,9,301
218,Briefs,10,301
219,Boxers,6,301
220,Bow-ties,1,301
221,Scarves,3,301
200,Jeans,12,305
202,Shoes,7,305
203,Sandals,33,305
204,Formal Wear,8,305
205,Socks,29,305
206,Swimwear,12,305
208,Gowns,20,305
211,Glasses,10,305
212,Sunglasses,6,305
213,Tracksuit,5,305
216,Coats,6,305
218,Briefs,3,305
219,Boxers,14,305
220,Bow-ties,2,305
221,Scarves,7,305
223,Belts,5,305
225,Cap,4,305
226,Watch,7,305
200,Jeans,16,306
201,Underwear,2,306
204,Formal Wear,6,306
205,Socks,9,306
206,Swimwear,9,306
207,Kahkis,16,306
208,Gowns,16,306
210,T-shirts,9,306
211,Glasses,4,306
212,Sunglasses,9,306
214,Suits,4,306
215,Jackets,10,306
216,Coats,4,306
217,Ties,3,306
218,Briefs,9,306
220,Bow-ties,7,306
221,Scarves,2,306
222,Earrings,9,306
223,Belts,6,306
224,Wallet,9,306
204,Formal Wear,11,307
207,Kahkis,5,307
208,Gowns,1,307
210,T-shirts,7,307
214,Suits,18,307
215,Jackets,4,307
216,Coats,2,307
218,Briefs,14,307
219,Boxers,5,307
220,Bow-ties,10,307
221,Scarves,16,307
223,Belts,1,307
225,Cap,5,307
202,Shoes,6,308
203,Sandals,8,308
204,Formal Wear,7,308
205,Socks,9,308
206,Swimwear,6,308
207,Kahkis,7,308
208,Gowns,5,308
209,Dresses,17,308
212,Sunglasses,1,308
215,Jackets,10,308
216,Coats,11,308
218,Briefs,17,308
219,Boxers,18,308
221,Scarves,9,308
222,Earrings,2,308
223,Belts,9,308
224,Wallet,6,308
225,Cap,14,308
226,Watch,7,308
200,Jeans,11,309
203,Sandals,7,309
204,Formal Wear,27,309
205,Socks,3,309
206,Swimwear,2,309
207,Kahkis,4,309
208,Gowns,7,309
210,T-shirts,5,309
212,Sunglasses,10,309
214,Suits,9,309
217,Ties,7,309
218,Briefs,2,309
219,Boxers,7,309
221,Scarves,9,309
222,Earrings,2,309
224,Wallet,9,309
225,Cap,25,309
201,Underwear,5,310
203,Sandals,14,310
204,Formal Wear,3,310
205,Socks,14,310
207,Kahkis,6,310
208,Gowns,1,310
209,Dresses,4,310
210,T-shirts,12,310
211,Glasses,12,310
212,Sunglasses,6,310
213,Tracksuit,5,310
216,Coats,10,310
219,Boxers,9,310
220,Bow-ties,8,310
221,Scarves,4,310
223,Belts,10,310
202,Shoes,10,311
204,Formal Wear,5,311
205,Socks,8,311
206,Swimwear,1,311
207,Kahkis,3,311
209,Dresses,18,311
211,Glasses,22,311
212,Sunglasses,16,311
214,Suits,6,311
215,Jackets,7,311
216,Coats,15,311
218,Briefs,14,311
219,Boxers,4,311
220,Bow-ties,5,311
221,Scarves,16,311
223,Belts,4,311
225,Cap,2,311
226,Watch,2,311
201,Underwear,9,312
203,Sandals,8,312
204,Formal Wear,9,312
205,Socks,9,312
206,Swimwear,5,312
207,Kahkis,7,312
210,T-shirts,5,312
211,Glasses,10,312
212,Sunglasses,16,312
214,Suits,4,312
215,Jackets,18,312
218,Briefs,13,312
220,Bow-ties,8,312
221,Scarves,10,312
222,Earrings,4,312
223,Belts,5,312
225,Cap,6,312
200,Jeans,9,313
201,Underwear,12,313
203,Sandals,2,313
204,Formal Wear,11,313
205,Socks,9,313
206,Swimwear,17,313
207,Kahkis,10,313
209,Dresses,9,313
210,T-shirts,15,313
211,Glasses,6,313
213,Tracksuit,3,313
214,Suits,10,313
216,Coats,6,313
217,Ties,24,313
218,Briefs,9,313
219,Boxers,11,313
220,Bow-ties,5,313
221,Scarves,5,313
222,Earrings,5,313
223,Belts,19,313
224,Wallet,7,313
226,Watch,10,313
201,Underwear,2,314
202,Shoes,11,314
205,Socks,1,314
206,Swimwear,3,314
207,Kahkis,7,314
208,Gowns,9,314
211,Glasses,12,314
213,Tracksuit,3,314
215,Jackets,7,314
216,Coats,19,314
217,Ties,1,314
218,Briefs,9,314
219,Boxers,3,314
220,Bow-ties,23,314
221,Scarves,13,314
222,Earrings,1,314
200,Jeans,6,315
201,Underwear,3,315
202,Shoes,14,315
204,Formal Wear,6,315
205,Socks,1,315
206,Swimwear,20,315
207,Kahkis,4,315
208,Gowns,21,315
209,Dresses,4,315
210,T-shirts,6,315
214,Suits,1,315
216,Coats,7,315
217,Ties,6,315
218,Briefs,7,315
220,Bow-ties,9,315
222,Earrings,1,315
223,Belts,1,315
224,Wallet,9,315
226,Watch,6,315
200,Jeans,4,316
201,Underwear,15,316
204,Formal Wear,6,316
206,Swimwear,6,316
207,Kahkis,6,316
208,Gowns,1,316
211,Glasses,18,316
213,Tracksuit,9,316
215,Jackets,5,316
217,Ties,10,316
221,Scarves,3,316
222,Earrings,10,316
223,Belts,28,316
224,Wallet,3,316
225,Cap,18,316
226,Watch,5,316
200,Jeans,10,317
201,Underwear,13,317
203,Sandals,6,317
204,Formal Wear,1,317
205,Socks,10,317
206,Swimwear,8,317
209,Dresses,7,317
210,T-shirts,7,317
211,Glasses,4,317
212,Sunglasses,2,317
220,Bow-ties,3,317
222,Earrings,6,317
224,Wallet,6,317
225,Cap,7,317
202,Shoes,9,318
203,Sandals,9,318
205,Socks,16,318
207,Kahkis,6,318
209,Dresses,8,318
210,T-shirts,14,318
212,Sunglasses,7,318
213,Tracksuit,9,318
214,Suits,7,318
215,Jackets,20,318
217,Ties,15,318
222,Earrings,5,318
224,Wallet,2,318
225,Cap,3,318
201,Underwear,4,319
202,Shoes,1,319
203,Sandals,4,319
205,Socks,1,319
207,Kahkis,2,319
208,Gowns,6,319
209,Dresses,5,319
210,T-shirts,6,319
214,Suits,5,319
215,Jackets,1,319
217,Ties,9,319
219,Boxers,8,319
221,Scarves,1,319
224,Wallet,6,319
203,Sandals,7,320
204,Formal Wear,9,320
205,Socks,5,320
207,Kahkis,9,320
209,Dresses,10,320
213,Tracksuit,4,320
215,Jackets,2,320
217,Ties,7,320
219,Boxers,11,320
222,Earrings,1,320
224,Wallet,5,320
226,Watch,8,320
200,Jeans,10,321
201,Underwear,12,321
202,Shoes,9,321
204,Formal Wear,10,321
205,Socks,13,321
206,Swimwear,7,321
211,Glasses,10,321
212,Sunglasses,8,321
215,Jackets,16,321
216,Coats,8,321
217,Ties,4,321
218,Briefs,9,321
219,Boxers,4,321
221,Scarves,6,321
222,Earrings,7,321
223,Belts,1,321
224,Wallet,3,321
225,Cap,10,321
201,Underwear,9,322
203,Sandals,9,322
205,Socks,1,322
207,Kahkis,7,322
208,Gowns,10,322
210,T-shirts,2,322
213,Tracksuit,9,322
215,Jackets,11,322
216,Coats,4,322
218,Briefs,9,322
219,Boxers,16,322
220,Bow-ties,6,322
221,Scarves,11,322
222,Earrings,15,322
223,Belts,20,322
224,Wallet,7,322
226,Watch,10,322
201,Underwear,10,323
204,Formal Wear,2,323
206,Swimwear,9,323
207,Kahkis,1,323
210,T-shirts,3,323
213,Tracksuit,6,323
215,Jackets,7,323
216,Coats,3,323
218,Briefs,2,323
221,Scarves,10,323
225,Cap,3,323
200,Jeans,3,324
201,Underwear,21,324
202,Shoes,2,324
204,Formal Wear,10,324
206,Swimwear,9,324
207,Kahkis,3,324
208,Gowns,3,324
209,Dresses,11,324
212,Sunglasses,5,324
213,Tracksuit,8,324
214,Suits,9,324
215,Jackets,4,324
218,Briefs,10,324
219,Boxers,4,324
220,Bow-ties,4,324
224,Wallet,4,324
225,Cap,1,324
200,Jeans,8,325
201,Underwear,10,325
204,Formal Wear,8,325
206,Swimwear,16,325
208,Gowns,5,325
213,Tracksuit,10,325
214,Suits,6,325
215,Jackets,7,325
216,Coats,9,325
217,Ties,7,325
219,Boxers,6,325
221,Scarves,9,325
222,Earrings,2,325
223,Belts,10,325
225,Cap,3,325
226,Watch,1,325
200,Jeans,1,326
202,Shoes,3,326
203,Sandals,18,326
204,Formal Wear,9,326
208,Gowns,6,326
209,Dresses,11,326
210,T-shirts,19,326
211,Glasses,7,326
214,Suits,3,326
215,Jackets,7,326
217,Ties,16,326
222,Earrings,1,326
224,Wallet,5,326
201,Underwear,10,327
202,Shoes,13,327
204,Formal Wear,6,327
206,Swimwear,9,327
207,Kahkis,2,327
208,Gowns,3,327
210,T-shirts,12,327
211,Glasses,7,327
214,Suits,3,327
215,Jackets,23,327
218,Briefs,35,327
220,Bow-ties,12,327
222,Earrings,12,327
223,Belts,19,327
224,Wallet,20,327
226,Watch,1,327
200,Jeans,3,328
201,Underwear,21,328
202,Shoes,7,328
203,Sandals,31,328
204,Formal Wear,19,328
206,Swimwear,1,328
210,T-shirts,3,328
211,Glasses,6,328
212,Sunglasses,7,328
213,Tracksuit,19,328
214,Suits,15,328
215,Jackets,7,328
216,Coats,8,328
218,Briefs,7,328
220,Bow-ties,5,328
221,Scarves,12,328
222,Earrings,1,328
224,Wallet,6,328
225,Cap,1,328
200,Jeans,5,329
201,Underwear,4,329
204,Formal Wear,8,329
205,Socks,16,329
206,Swimwear,27,329
210,T-shirts,5,329
211,Glasses,6,329
212,Sunglasses,10,329
216,Coats,16,329
217,Ties,6,329
219,Boxers,1,329
221,Scarves,5,329
222,Earrings,9,329
223,Belts,13,329
225,Cap,6,329
203,Sandals,10,330
204,Formal Wear,5,330
205,Socks,10,330
207,Kahkis,8,330
208,Gowns,8,330
209,Dresses,10,330
211,Glasses,12,330
212,Sunglasses,3,330
213,Tracksuit,3,330
215,Jackets,3,330
216,Coats,11,330
218,Briefs,1,330
219,Boxers,5,330
220,Bow-ties,7,330
221,Scarves,3,330
223,Belts,17,330
224,Wallet,8,330
225,Cap,9,330
226,Watch,8,330
203,Sandals,8,331
205,Socks,5,331
206,Swimwear,10,331
207,Kahkis,1,331
208,Gowns,8,331
210,T-shirts,1,331
211,Glasses,6,331
215,Jackets,9,331
216,Coats,6,331
217,Ties,2,331
220,Bow-ties,9,331
221,Scarves,4,331
222,Earrings,10,331
223,Belts,4,331
224,Wallet,12,331
204,Formal Wear,1,332
207,Kahkis,3,332
209,Dresses,17,332
211,Glasses,3,332
212,Sunglasses,15,332
213,Tracksuit,13,332
214,Suits,5,332
215,Jackets,18,332
219,Boxers,10,332
222,Earrings,6,332
223,Belts,7,332
224,Wallet,2,332
225,Cap,13,332
226,Watch,13,332
200,Jeans,10,335
201,Underwear,3,335
202,Shoes,2,335
204,Formal Wear,1,335
205,Socks,10,335
207,Kahkis,7,335
208,Gowns,16,335
209,Dresses,8,335
210,T-shirts,3,335
211,Glasses,6,335
212,Sunglasses,17,335
213,Tracksuit,2,335
214,Suits,3,335
216,Coats,9,335
218,Briefs,10,335
219,Boxers,15,335
220,Bow-ties,10,335
221,Scarves,5,335
222,Earrings,18,335
223,Belts,12,335
224,Wallet,15,335
225,Cap,12,335
226,Watch,2,335
200,Jeans,21,336
201,Underwear,17,336
203,Sandals,8,336
205,Socks,4,336
206,Swimwear,11,336
207,Kahkis,3,336
209,Dresses,17,336
210,T-shirts,11,336
211,Glasses,14,336
212,Sunglasses,13,336
213,Tracksuit,11,336
214,Suits,10,336
215,Jackets,22,336
216,Coats,14,336
217,Ties,8,336
218,Briefs,5,336
219,Boxers,5,336
220,Bow-ties,11,336
221,Scarves,5,336
223,Belts,11,336
224,Wallet,6,336
225,Cap,5,336
226,Watch,2,336
201,Underwear,16,337
202,Shoes,2,337
203,Sandals,10,337
204,Formal Wear,11,337
208,Gowns,4,337
209,Dresses,6,337
210,T-shirts,25,337
211,Glasses,18,337
212,Sunglasses,9,337
213,Tracksuit,5,337
214,Suits,9,337
215,Jackets,6,337
216,Coats,10,337
220,Bow-ties,8,337
221,Scarves,4,337
222,Earrings,2,337
223,Belts,19,337
224,Wallet,9,337
225,Cap,5,337
200,Jeans,6,338
201,Underwear,11,338
202,Shoes,15,338
204,Formal Wear,14,338
205,Socks,7,338
207,Kahkis,10,338
208,Gowns,16,338
209,Dresses,11,338
210,T-shirts,5,338
211,Glasses,5,338
213,Tracksuit,4,338
214,Suits,5,338
215,Jackets,17,338
216,Coats,15,338
217,Ties,4,338
218,Briefs,1,338
219,Boxers,29,338
221,Scarves,11,338
222,Earrings,29,338
223,Belts,10,338
224,Wallet,13,338
225,Cap,7,338
226,Watch,2,338
200,Jeans,25,339
201,Underwear,24,339
202,Shoes,11,339
204,Formal Wear,7,339
205,Socks,15,339
206,Swimwear,26,339
207,Kahkis,23,339
208,Gowns,11,339
209,Dresses,13,339
211,Glasses,5,339
212,Sunglasses,2,339
213,Tracksuit,6,339
214,Suits,6,339
216,Coats,9,339
217,Ties,20,339
218,Briefs,5,339
219,Boxers,14,339
220,Bow-ties,4,339
221,Scarves,13,339
222,Earrings,14,339
223,Belts,10,339
224,Wallet,15,339
225,Cap,13,339
226,Watch,5,339
201,Underwear,3,340
203,Sandals,10,340
204,Formal Wear,12,340
205,Socks,5,340
206,Swimwear,3,340
207,Kahkis,8,340
208,Gowns,25,340
209,Dresses,11,340
210,T-shirts,3,340
213,Tracksuit,6,340
214,Suits,15,340
215,Jackets,2,340
216,Coats,5,340
217,Ties,3,340
218,Briefs,12,340
220,Bow-ties,10,340
221,Scarves,31,340
222,Earrings,1,340
224,Wallet,9,340
225,Cap,10,340
226,Watch,11,340
200,Jeans,10,341
202,Shoes,22,341
203,Sandals,22,341
207,Kahkis,3,341
208,Gowns,20,341
209,Dresses,15,341
210,T-shirts,7,341
212,Sunglasses,2,341
213,Tracksuit,10,341
216,Coats,24,341
217,Ties,8,341
219,Boxers,6,341
220,Bow-ties,4,341
222,Earrings,5,341
223,Belts,12,341
224,Wallet,23,341
225,Cap,3,341
226,Watch,10,341
200,Jeans,11,342
202,Shoes,6,342
204,Formal Wear,4,342
205,Socks,29,342
207,Kahkis,14,342
208,Gowns,19,342
209,Dresses,7,342
211,Glasses,8,342
213,Tracksuit,6,342
214,Suits,4,342
215,Jackets,7,342
216,Coats,16,342
217,Ties,27,342
219,Boxers,10,342
222,Earrings,6,342
223,Belts,17,342
224,Wallet,4,342
225,Cap,2,342
226,Watch,9,342
200,Jeans,11,343
201,Underwear,20,343
202,Shoes,3,343
203,Sandals,8,343
204,Formal Wear,4,343
206,Swimwear,2,343
208,Gowns,22,343
209,Dresses,3,343
210,T-shirts,8,343
211,Glasses,32,343
212,Sunglasses,16,343
214,Suits,7,343
216,Coats,14,343
217,Ties,27,343
218,Briefs,43,343
220,Bow-ties,8,343
221,Scarves,8,343
222,Earrings,2,343
223,Belts,6,343
225,Cap,4,343
226,Watch,2,343
200,Jeans,10,344
201,Underwear,3,344
202,Shoes,12,344
203,Sandals,2,344
204,Formal Wear,4,344
205,Socks,12,344
207,Kahkis,11,344
208,Gowns,15,344
209,Dresses,10,344
211,Glasses,2,344
212,Sunglasses,4,344
214,Suits,16,344
216,Coats,14,344
218,Briefs,7,344
220,Bow-ties,14,344
221,Scarves,14,344
222,Earrings,1,344
223,Belts,1,344
224,Wallet,28,344
225,Cap,10,344
202,Shoes,3,345
203,Sandals,11,345
204,Formal Wear,19,345
205,Socks,9,345
207,Kahkis,21,345
208,Gowns,8,345
209,Dresses,16,345
210,T-shirts,7,345
211,Glasses,20,345
212,Sunglasses,11,345
213,Tracksuit,4,345
214,Suits,3,345
215,Jackets,4,345
216,Coats,9,345
218,Briefs,3,345
220,Bow-ties,2,345
222,Earrings,16,345
223,Belts,9,345
224,Wallet,4,345
226,Watch,23,345
200,Jeans,7,346
201,Underwear,8,346
202,Shoes,1,346
203,Sandals,10,346
207,Kahkis,19,346
208,Gowns,18,346
209,Dresses,3,346
210,T-shirts,3,346
211,Glasses,19,346
212,Sunglasses,7,346
213,Tracksuit,15,346
214,Suits,19,346
215,Jackets,2,346
216,Coats,12,346
217,Ties,9,346
219,Boxers,4,346
220,Bow-ties,20,346
221,Scarves,12,346
222,Earrings,12,346
224,Wallet,11,346
225,Cap,7,346
226,Watch,10,346
200,Jeans,3,347
201,Underwear,15,347
204,Formal Wear,9,347
205,Socks,15,347
206,Swimwear,10,347
207,Kahkis,15,347
209,Dresses,5,347
211,Glasses,4,347
212,Sunglasses,15,347
213,Tracksuit,3,347
215,Jackets,7,347
216,Coats,21,347
217,Ties,13,347
218,Briefs,13,347
219,Boxers,8,347
220,Bow-ties,9,347
221,Scarves,9,347
223,Belts,22,347
224,Wallet,3,347
201,Underwear,13,348
202,Shoes,14,348
203,Sandals,11,348
207,Kahkis,13,348
209,Dresses,7,348
210,T-shirts,8,348
212,Sunglasses,7,348
213,Tracksuit,10,348
215,Jackets,9,348
216,Coats,15,348
217,Ties,29,348
218,Briefs,6,348
220,Bow-ties,16,348
221,Scarves,2,348
222,Earrings,3,348
225,Cap,22,348
226,Watch,24,348
200,Jeans,9,349
201,Underwear,16,349
202,Shoes,7,349
203,Sandals,9,349
204,Formal Wear,10,349
206,Swimwear,12,349
207,Kahkis,8,349
209,Dresses,14,349
210,T-shirts,5,349
212,Sunglasses,3,349
214,Suits,13,349
215,Jackets,10,349
216,Coats,9,349
218,Briefs,16,349
219,Boxers,14,349
220,Bow-ties,29,349
221,Scarves,13,349
222,Earrings,16,349
223,Belts,9,349
225,Cap,3,349
226,Watch,9,349
201,Underwear,10,350
203,Sandals,2,350
204,Formal Wear,6,350
205,Socks,10,350
206,Swimwear,5,350
208,Gowns,9,350
209,Dresses,16,350
210,T-shirts,13,350
211,Glasses,7,350
212,Sunglasses,5,350
213,Tracksuit,12,350
214,Suits,4,350
215,Jackets,6,350
216,Coats,6,350
217,Ties,1,350
218,Briefs,4,350
219,Boxers,9,350
221,Scarves,11,350
222,Earrings,1,350
223,Belts,9,350
224,Wallet,1,350
225,Cap,18,350
205,Socks,11,351
206,Swimwear,8,351
208,Gowns,20,351
209,Dresses,18,351
210,T-shirts,1,351
212,Sunglasses,9,351
213,Tracksuit,5,351
214,Suits,19,351
215,Jackets,16,351
216,Coats,25,351
218,Briefs,4,351
219,Boxers,13,351
221,Scarves,3,351
222,Earrings,9,351
224,Wallet,10,351
226,Watch,21,351
200,Jeans,32,352
201,Underwear,18,352
202,Shoes,15,352
204,Formal Wear,19,352
205,Socks,8,352
206,Swimwear,8,352
207,Kahkis,12,352
208,Gowns,12,352
209,Dresses,1,352
212,Sunglasses,4,352
213,Tracksuit,6,352
214,Suits,15,352
215,Jackets,9,352
216,Coats,8,352
217,Ties,10,352
218,Briefs,30,352
219,Boxers,5,352
220,Bow-ties,24,352
221,Scarves,3,352
222,Earrings,3,352
226,Watch,9,352
200,Jeans,5,353
203,Sandals,5,353
204,Formal Wear,9,353
205,Socks,12,353
207,Kahkis,9,353
211,Glasses,14,353
212,Sunglasses,4,353
213,Tracksuit,15,353
215,Jackets,8,353
216,Coats,13,353
217,Ties,13,353
218,Briefs,8,353
219,Boxers,1,353
220,Bow-ties,10,353
221,Scarves,8,353
222,Earrings,5,353
223,Belts,10,353
224,Wallet,15,353
225,Cap,4,353
226,Watch,17,353
200,Jeans,9,354
201,Underwear,10,354
202,Shoes,8,354
203,Sandals,10,354
204,Formal Wear,8,354
205,Socks,9,354
206,Swimwear,8,354
207,Kahkis,2,354
208,Gowns,4,354
209,Dresses,5,354
210,T-shirts,1,354
211,Glasses,11,354
212,Sunglasses,8,354
213,Tracksuit,5,354
214,Suits,17,354
215,Jackets,3,354
217,Ties,13,354
218,Briefs,18,354
219,Boxers,9,354
220,Bow-ties,10,354
221,Scarves,7,354
223,Belts,8,354
225,Cap,26,354
200,Jeans,5,355
201,Underwear,14,355
203,Sandals,5,355
204,Formal Wear,8,355
205,Socks,13,355
207,Kahkis,2,355
209,Dresses,11,355
210,T-shirts,21,355
211,Glasses,10,355
212,Sunglasses,7,355
214,Suits,9,355
216,Coats,5,355
218,Briefs,27,355
219,Boxers,18,355
220,Bow-ties,22,355
221,Scarves,5,355
222,Earrings,5,355
223,Belts,14,355
224,Wallet,4,355
225,Cap,18,355
226,Watch,10,355
200,Jeans,7,356
201,Underwear,7,356
202,Shoes,27,356
203,Sandals,21,356
204,Formal Wear,7,356
205,Socks,16,356
206,Swimwear,1,356
207,Kahkis,17,356
209,Dresses,3,356
210,T-shirts,12,356
212,Sunglasses,7,356
213,Tracksuit,13,356
214,Suits,17,356
215,Jackets,11,356
216,Coats,16,356
218,Briefs,14,356
219,Boxers,3,356
220,Bow-ties,5,356
221,Scarves,2,356
222,Earrings,18,356
223,Belts,21,356
224,Wallet,4,356
226,Watch,7,356
200,Jeans,7,357
201,Underwear,12,357
203,Sandals,22,357
204,Formal Wear,14,357
205,Socks,9,357
206,Swimwear,9,357
207,Kahkis,5,357
208,Gowns,2,357
209,Dresses,3,357
210,T-shirts,2,357
211,Glasses,17,357
213,Tracksuit,7,357
214,Suits,8,357
215,Jackets,6,357
216,Coats,6,357
217,Ties,1,357
218,Briefs,4,357
219,Boxers,2,357
221,Scarves,2,357
222,Earrings,17,357
223,Belts,6,357
224,Wallet,17,357
225,Cap,29,357
226,Watch,9,357
200,Jeans,11,358
201,Underwear,11,358
202,Shoes,27,358
204,Formal Wear,6,358
205,Socks,7,358
206,Swimwear,16,358
207,Kahkis,2,358
208,Gowns,1,358
209,Dresses,14,358
210,T-shirts,5,358
211,Glasses,4,358
212,Sunglasses,10,358
213,Tracksuit,11,358
216,Coats,8,358
217,Ties,11,358
219,Boxers,10,358
220,Bow-ties,4,358
221,Scarves,3,358
223,Belts,18,358
225,Cap,8,358
226,Watch,11,358
200,Jeans,15,359
201,Underwear,4,359
202,Shoes,7,359
205,Socks,4,359
207,Kahkis,9,359
208,Gowns,4,359
209,Dresses,26,359
211,Glasses,17,359
213,Tracksuit,16,359
214,Suits,5,359
217,Ties,5,359
219,Boxers,6,359
222,Earrings,1,359
223,Belts,9,359
224,Wallet,17,359
226,Watch,9,359
200,Jeans,14,360
201,Underwear,12,360
202,Shoes,14,360
203,Sandals,7,360
205,Socks,10,360
206,Swimwear,7,360
208,Gowns,10,360
210,T-shirts,5,360
211,Glasses,7,360
212,Sunglasses,14,360
215,Jackets,10,360
216,Coats,8,360
217,Ties,7,360
218,Briefs,19,360
219,Boxers,13,360
222,Earrings,12,360
223,Belts,6,360
224,Wallet,5,360
225,Cap,11,360
226,Watch,5,360
200,Jeans,9,361
201,Underwear,3,361
203,Sandals,12,361
204,Formal Wear,12,361
205,Socks,4,361
207,Kahkis,6,361
208,Gowns,12,361
209,Dresses,12,361
210,T-shirts,8,361
213,Tracksuit,9,361
214,Suits,6,361
215,Jackets,10,361
216,Coats,10,361
217,Ties,5,361
218,Briefs,6,361
219,Boxers,30,361
220,Bow-ties,9,361
222,Earrings,4,361
223,Belts,10,361
224,Wallet,4,361
225,Cap,1,361
200,Jeans,7,362
202,Shoes,9,362
203,Sandals,11,362
204,Formal Wear,27,362
205,Socks,17,362
206,Swimwear,12,362
207,Kahkis,11,362
208,Gowns,9,362
211,Glasses,23,362
212,Sunglasses,10,362
214,Suits,7,362
215,Jackets,10,362
216,Coats,24,362
217,Ties,14,362
218,Briefs,14,362
219,Boxers,9,362
220,Bow-ties,10,362
222,Earrings,10,362
223,Belts,15,362
224,Wallet,1,362
225,Cap,17,362
226,Watch,16,362
