Brazil,3,1
Iran,8,1
Japan,1,1
Korea,8,1
United States,18,1
China,10,2
France,4,2
Germany,5,2
Great Britain,9,2
Iran,9,2
Mexico,7,2
Ukraine,7,2
Germany,4,3
Russia,9,3
Ukraine,2,3
United States,1,3
China,8,4
Iran,25,4
Japan,1,4
Korea,4,4
Russia,3,4
United States,9,4
Brazil,8,5
France,1,5
Germany,8,5
Ireland,6,5
Korea,5,5
Ukraine,3,5
United States,15,5
France,12,7
Germany,2,7
India,4,7
Ireland,3,7
Ukraine,9,7
Ireland,3,8
Brazil,10,9
China,5,9
France,10,9
Great Britain,7,9
India,2,9
Iran,10,9
Ireland,12,9
Japan,20,9
Russia,7,9
Ukraine,14,9
Korea,10,10
Russia,4,10
Ukraine,3,10
United States,7,10
Germany,16,11
Iran,7,11
Korea,5,11
Australia,7,12
Brazil,28,12
Germany,12,12
India,8,12
Ireland,7,12
Japan,6,12
Korea,11,12
Mexico,6,12
United States,10,12
Brazil,9,13
France,2,13
Great Britain,4,13
Iran,9,13
Ireland,2,13
Korea,1,13
Mexico,3,13
Ukraine,5,13
China,7,14
France,6,14
Japan,3,14
Mexico,5,14
Russia,4,14
Ukraine,11,14
Germany,5,15
India,4,15
Iran,8,15
Ireland,10,15
Japan,12,15
Mexico,9,15
Russia,7,15
China,17,16
France,5,16
Russia,20,16
China,8,17
France,9,17
Japan,1,17
Mexico,2,17
Ukraine,1,17
United States,7,17
China,8,18
Ireland,12,18
Japan,1,18
Mexico,10,18
Ukraine,10,18
United States,14,18
France,3,19
Germany,8,19
India,1,19
Iran,14,19
Japan,2,19
Russia,20,19
United States,2,19
Australia,6,20
France,9,20
Japan,2,20
Korea,8,20
Australia,9,21
Brazil,6,21
Great Britain,4,21
India,2,21
Iran,4,21
Japan,3,21
Mexico,14,21
Russia,5,21
United States,16,21
Australia,10,22
Great Britain,12,22
Ireland,20,22
Russia,6,22
China,8,23
Germany,6,23
Ireland,7,23
Russia,9,23
Ukraine,5,23
United States,5,23
France,6,24
Germany,3,24
Great Britain,10,24
Iran,8,24
Korea,20,24
Brazil,5,25
Ireland,8,25
Japan,7,25
Korea,15,25
Russia,10,25
Ukraine,9,25
United States,4,25
France,8,26
Japan,6,26
Mexico,4,26
China,1,27
France,3,27
Japan,7,27
Korea,8,27
Mexico,1,27
Australia,2,28
France,1,28
Ireland,9,28
Ukraine,6,28
France,2,32
Great Britain,4,32
Korea,2,32
Mexico,2,32
United States,1,32
India,2,33
China,3,34
Japan,5,34
Korea,13,34
Ukraine,5,34
China,3,35
India,2,35
Ireland,10,35
Korea,5,35
Mexico,8,35
Australia,11,36
Brazil,2,36
Great Britain,2,36
Iran,10,36
Australia,10,37
Brazil,10,37
France,9,37
Japan,8,37
France,10,38
India,8,38
Australia,7,39
France,13,39
Korea,6,39
Mexico,10,39
Russia,6,39
Ukraine,3,39
United States,5,39
Brazil,7,40
France,6,40
Germany,6,40
Great Britain,17,40
Ireland,5,40
Iran,7,41
Ukraine,7,41
China,9,42
Korea,9,42
Mexico,4,42
United States,9,42
China,1,43
Great Britain,3,43
India,8,43
Korea,10,43
Ukraine,3,43
France,4,44
Japan,14,44
Korea,10,44
Russia,6,44
Ukraine,1,44
United States,1,44
Brazil,12,45
France,4,45
Germany,9,45
Mexico,9,45
Australia,5,46
China,3,46
Iran,4,46
Ireland,4,46
Australia,8,47
Great Britain,8,47
India,8,47
Iran,3,47
Japan,10,47
Mexico,9,47
Ukraine,1,47
Brazil,1,48
Iran,8,48
Ireland,2,48
Australia,8,49
Brazil,22,49
China,2,49
France,6,49
Great Britain,5,49
Ireland,7,49
Korea,4,49
Russia,8,49
Ukraine,3,49
Brazil,1,50
China,17,50
France,9,50
Germany,9,50
India,10,50
Iran,5,50
United States,4,50
China,9,51
Great Britain,4,51
India,10,51
Japan,3,51
Korea,6,51
Ukraine,2,51
United States,8,51
France,14,52
Great Britain,10,52
Japan,3,52
Korea,7,52
United States,7,52
China,4,53
France,2,53
Iran,5,53
Mexico,3,53
Ukraine,7,53
France,1,54
Germany,6,54
India,15,54
Iran,16,54
Ireland,15,54
Russia,2,54
Brazil,8,55
France,6,55
Germany,7,55
Great Britain,10,55
Iran,4,55
Russia,7,55
United States,5,55
Brazil,18,56
France,8,56
Ireland,3,56
Ukraine,5,56
China,6,57
Germany,5,57
Mexico,14,57
Russia,10,57
France,2,58
Germany,13,58
Iran,9,58
United States,6,58
Germany,1,59
Korea,9,59
Russia,14,59
United States,19,59
Brazil,20,60
Germany,4,60
India,9,60
Japan,16,60
Mexico,10,60
Ukraine,3,60
United States,2,60
China,12,61
Great Britain,17,61
India,8,61
Korea,6,61
Ukraine,19,61
United States,6,61
Australia,4,62
Germany,5,62
Ireland,7,62
Japan,2,62
Korea,4,62
United States,1,62
Brazil,4,63
France,6,63
Great Britain,4,63
Ireland,7,63
Japan,3,63
Mexico,5,63
Ukraine,16,63
China,8,64
Germany,16,64
Great Britain,10,64
Japan,9,64
Ukraine,9,64
United States,4,64
Brazil,8,65
Iran,5,65
Ireland,3,65
Japan,2,65
Brazil,1,66
France,16,66
Great Britain,1,66
India,8,66
Iran,2,66
United States,6,66
Australia,3,67
France,1,67
Germany,10,67
Great Britain,8,67
Ireland,6,67
Ukraine,10,67
China,5,68
Great Britain,7,68
India,5,68
Ireland,15,68
Japan,13,68
Korea,10,68
Australia,13,69
Great Britain,7,69
India,13,69
Korea,7,69
Russia,4,69
Ukraine,10,69
Australia,8,70
Brazil,6,70
Great Britain,13,70
India,4,70
Japan,3,70
Korea,12,70
Russia,1,70
Ukraine,7,70
Iran,19,71
Ireland,9,71
Korea,2,71
Mexico,7,71
Russia,3,71
Brazil,6,72
Germany,9,72
India,1,72
Mexico,15,72
Russia,18,72
Ukraine,5,72
United States,6,72
Australia,8,73
Brazil,9,73
India,9,73
Iran,8,73
Korea,9,73
Mexico,16,73
Russia,2,73
Ukraine,2,73
Ireland,8,74
Mexico,10,74
Australia,5,75
Germany,8,75
Great Britain,8,75
Iran,7,75
Russia,4,75
United States,7,75
Australia,11,76
Brazil,3,76
Ireland,9,76
Korea,8,76
Australia,14,77
France,4,77
Great Britain,6,77
India,4,77
Iran,2,77
Ireland,1,77
Mexico,5,77
Russia,8,77
United States,8,77
Germany,15,78
Great Britain,23,78
Ireland,5,78
Russia,9,78
Ukraine,7,78
Australia,8,79
Great Britain,3,79
Iran,7,79
Japan,12,79
Russia,21,79
Ukraine,15,79
United States,1,79
Australia,3,80
France,6,80
Japan,4,80
Korea,9,80
Russia,5,80
Australia,2,81
China,7,81
India,7,81
Ireland,10,81
Russia,7,81
Ukraine,18,81
Australia,4,82
Brazil,16,82
Germany,6,82
India,4,82
Iran,6,82
Ireland,3,82
Korea,1,82
Russia,5,82
Brazil,3,83
Germany,1,83
Great Britain,6,83
India,1,83
Iran,6,83
Korea,1,83
Russia,7,83
Ukraine,4,83
Australia,1,84
France,4,84
Germany,5,84
Russia,3,84
China,7,85
Iran,12,85
Ireland,13,85
Japan,3,85
Korea,5,85
Ukraine,10,85
Australia,6,86
China,2,86
France,9,86
Germany,3,86
Great Britain,9,86
Iran,1,86
Russia,11,86
United States,3,86
France,5,87
India,6,87
Japan,16,87
China,5,91
India,10,91
Japan,4,91
Australia,9,92
Iran,8,92
Japan,7,92
Korea,1,92
Brazil,1,93
Germany,7,93
India,9,93
Mexico,6,93
France,9,94
India,10,94
Russia,25,94
Brazil,9,95
Great Britain,14,95
Iran,4,95
United States,4,95
Germany,1,96
India,2,96
Japan,4,96
Australia,10,97
Brazil,7,97
Great Britain,1,97
Mexico,2,97
Russia,4,97
France,3,98
Great Britain,8,98
Iran,8,98
Korea,4,98
Great Britain,5,99
India,8,99
Iran,1,99
Japan,2,99
China,7,100
Iran,9,100
Ireland,1,100
Russia,8,100
Ukraine,8,100
Great Britain,9,101
Ireland,9,101
Japan,10,101
Ukraine,4,101
United States,3,101
Australia,9,102
Brazil,5,102
Mexico,8,102
Australia,8,103
Great Britain,7,103
Iran,5,103
Korea,9,103
Great Britain,1,104
France,7,105
Germany,1,105
India,16,105
Iran,4,105
Japan,2,105
Korea,9,105
United States,9,105
Australia,2,106
India,10,106
Australia,3,107
Korea,8,107
Australia,1,108
France,14,108
India,2,108
Iran,6,108
Japan,9,108
Brazil,9,109
India,11,109
Korea,6,109
United States,3,109
China,5,110
France,9,110
Germany,4,110
Iran,10,110
Germany,1,111
Iran,4,111
Ireland,2,111
Russia,1,111
Australia,8,112
Brazil,1,112
Korea,5,112
Russia,3,112
Brazil,8,113
Japan,7,113
Korea,9,113
Russia,3,113
United States,9,113
Russia,9,114
Germany,16,115
Great Britain,4,115
Iran,11,115
Japan,3,115
Russia,3,115
United States,8,115
India,4,116
Mexico,10,116
Ukraine,9,116
France,5,117
India,5,117
Japan,7,117
United States,9,117
United States,20,118
Brazil,3,121
France,5,121
Great Britain,10,121
Iran,10,121
Mexico,5,122
Australia,4,123
China,13,123
Ireland,1,123
Brazil,2,124
Iran,10,124
Ireland,5,125
Ukraine,7,125
China,13,126
Mexico,3,126
Ukraine,6,126
Japan,8,127
Russia,10,127
United States,3,127
Brazil,2,128
India,16,128
Korea,8,128
France,4,129
Germany,15,129
China,11,130
Ireland,2,130
China,2,131
France,2,131
Great Britain,4,131
India,2,131
Ireland,4,131
Australia,3,133
Iran,6,133
Korea,10,133
France,8,134
Ireland,8,134
Mexico,10,134
France,5,135
Iran,2,135
Ireland,8,135
Russia,8,135
Ukraine,2,135
Australia,8,136
France,5,136
India,9,136
Mexico,6,136
Brazil,11,137
Germany,7,137
Russia,10,137
France,10,138
Germany,4,138
Japan,5,138
Ukraine,2,138
India,3,139
United States,6,139
Japan,10,140
Korea,4,140
Ireland,2,141
Brazil,8,142
Iran,8,142
Japan,10,142
Korea,8,142
Ukraine,8,142
United States,1,142
China,6,143
Germany,10,143
Great Britain,3,143
Iran,8,143
Russia,8,143
India,8,144
Russia,5,144
Germany,2,145
Great Britain,10,145
Ireland,20,145
Japan,5,145
Mexico,3,145
Russia,5,146
Ukraine,5,146
Brazil,5,147
China,4,147
Ireland,3,147
Korea,6,147
China,15,148
France,3,148
Germany,1,148
Great Britain,1,148
Mexico,8,148
Brazil,9,152
China,10,152
India,1,152
Iran,4,152
Ireland,7,152
United States,2,152
France,17,153
Great Britain,7,153
Mexico,8,153
Brazil,12,154
France,3,154
Great Britain,18,154
Iran,14,154
Japan,8,154
Korea,6,154
United States,3,154
Australia,5,155
Great Britain,14,155
India,5,155
Iran,6,155
Korea,3,155
Australia,2,156
China,10,156
France,11,156
Germany,10,156
Great Britain,6,156
India,1,156
Mexico,11,156
Australia,3,157
Brazil,2,157
China,9,157
India,8,157
Iran,9,157
Ireland,8,157
Japan,13,157
Ukraine,2,157
United States,2,157
Australia,15,158
France,5,158
Great Britain,10,158
India,3,158
Iran,10,158
Ireland,16,158
Japan,9,158
Korea,6,158
Mexico,10,158
France,5,159
Germany,18,159
Korea,5,159
Russia,2,159
Ukraine,8,159
United States,10,159
Australia,1,160
Germany,5,160
India,6,160
Iran,4,160
Ireland,6,160
Japan,14,160
United States,13,160
Great Britain,9,161
India,3,161
Iran,4,161
Japan,12,161
Russia,7,161
United States,8,161
Brazil,14,162
France,7,162
Germany,5,162
Great Britain,19,162
Iran,4,162
Ireland,4,162
Korea,6,162
United States,10,162
Brazil,7,163
Germany,10,163
India,5,163
Ireland,2,163
Japan,5,163
Mexico,5,163
Russia,2,163
Ukraine,16,163
Australia,8,164
Brazil,7,164
China,10,164
Japan,6,164
Mexico,11,164
Russia,3,164
Ukraine,17,164
United States,10,164
Australia,7,165
France,1,165
Great Britain,2,165
India,3,165
Ireland,8,165
Japan,4,165
Korea,6,165
Russia,9,165
Australia,16,166
Brazil,3,166
France,1,166
Germany,10,166
Great Britain,10,166
Japan,11,166
Korea,3,166
Russia,7,166
Ukraine,8,166
Australia,6,167
China,2,167
France,17,167
Germany,10,167
Great Britain,5,167
Iran,3,167
Japan,6,167
Korea,10,167
Russia,3,167
Ukraine,8,167
Australia,6,168
Brazil,4,168
China,6,168
France,10,168
Germany,6,168
Great Britain,19,168
India,14,168
Korea,31,168
Russia,17,168
Ukraine,17,168
United States,5,168
Australia,2,169
Brazil,5,169
China,5,169
France,3,169
India,7,169
Ireland,4,169
Korea,15,169
Russia,1,169
United States,5,169
Australia,3,170
China,12,170
France,12,170
Germany,17,170
Iran,8,170
Korea,5,170
United States,9,170
Australia,5,171
China,9,171
France,20,171
Great Britain,8,171
Iran,7,171
Japan,11,171
Mexico,4,171
Ukraine,10,171
Brazil,3,172
China,10,172
France,5,172
Great Britain,5,172
Iran,3,172
Korea,2,172
Russia,11,172
Ukraine,13,172
United States,11,172
France,1,173
India,4,173
Iran,1,173
Ireland,4,173
Korea,14,173
Russia,2,173
Ukraine,4,173
United States,7,173
Australia,8,174
Brazil,11,174
Germany,2,174
Great Britain,20,174
India,10,174
Ireland,2,174
Korea,6,174
Mexico,7,174
Ukraine,4,174
United States,12,174
Brazil,7,175
Germany,7,175
China,11,176
Great Britain,9,176
Ireland,20,176
Korea,2,176
Mexico,4,176
Russia,5,176
United States,7,176
Australia,2,177
Great Britain,10,177
India,6,177
Ireland,6,177
Korea,3,177
Ukraine,2,177
United States,2,177
Australia,7,178
Brazil,9,178
France,8,178
Germany,11,178
India,9,178
Korea,3,178
Mexico,8,178
Ukraine,12,178
Australia,6,179
Brazil,7,179
France,6,179
Korea,8,179
Russia,20,179
Ukraine,22,179
Germany,25,182
Great Britain,7,182
India,4,182
Japan,10,182
Korea,18,182
Russia,4,182
Australia,1,183
Brazil,3,183
France,7,183
Ireland,6,183
Ukraine,3,183
Brazil,9,184
China,5,184
Germany,26,184
Ireland,29,184
Russia,7,184
Ukraine,3,184
Australia,9,185
Brazil,4,185
France,5,185
India,12,185
Ireland,1,185
Mexico,7,185
Ukraine,12,185
Australia,4,186
Brazil,9,186
France,4,186
Iran,1,186
Korea,7,186
Ukraine,9,186
United States,12,186
Australia,8,187
France,7,187
Germany,8,187
Iran,3,187
Korea,6,187
Russia,5,187
Ukraine,9,187
Australia,16,188
Brazil,7,188
Korea,14,188
Russia,10,188
Japan,5,189
Mexico,1,189
Russia,4,189
France,10,190
Germany,3,190
India,9,190
Ireland,5,190
Ukraine,8,190
China,9,191
France,2,191
Iran,10,191
Ireland,5,191
Japan,9,191
Korea,16,191
United States,10,191
Germany,3,192
Great Britain,16,192
India,8,192
Mexico,8,192
Ukraine,7,192
Brazil,10,193
China,2,193
Germany,3,193
Iran,10,193
Ireland,6,193
Korea,6,193
United States,12,193
Germany,12,194
Great Britain,13,194
India,10,194
Iran,4,194
Japan,6,194
Russia,9,194
United States,4,194
Australia,4,195
China,2,195
Japan,5,195
Russia,15,195
Australia,7,196
China,2,196
Germany,5,196
India,2,196
Iran,8,196
Ukraine,3,196
China,3,197
Great Britain,5,197
India,8,197
Ireland,18,197
Japan,10,197
Korea,3,197
Mexico,5,197
Brazil,5,198
Germany,9,198
Ireland,4,198
Japan,8,198
Korea,1,198
Mexico,10,198
Ukraine,16,198
Australia,17,199
Brazil,8,199
Germany,3,199
Great Britain,6,199
Mexico,13,199
Russia,5,199
United States,8,199
Australia,9,200
China,9,200
Korea,1,200
Mexico,8,200
Ukraine,20,200
France,1,201
India,2,201
Japan,6,201
Mexico,21,201
Russia,1,201
Ukraine,10,201
China,13,202
Germany,9,202
Iran,8,202
Ireland,4,202
United States,6,202
Australia,6,203
Brazil,5,203
China,7,203
India,5,203
Iran,4,203
Ireland,9,203
Japan,3,203
Korea,13,203
Ukraine,9,203
Brazil,5,204
China,6,204
Iran,5,204
Japan,9,204
Mexico,1,204
Russia,3,204
Australia,7,205
Brazil,9,205
China,5,205
France,5,205
Germany,14,205
Japan,7,205
Mexico,6,205
Russia,13,205
Ukraine,4,205
Australia,17,206
Brazil,4,206
Great Britain,8,206
Iran,10,206
Japan,7,206
Mexico,6,206
Brazil,9,207
France,1,207
Germany,5,207
Great Britain,12,207
India,4,207
Iran,10,207
Ireland,1,207
Mexico,8,207
United States,5,207
Australia,21,208
China,6,208
France,2,208
Germany,8,208
Great Britain,8,208
Iran,22,208
Ireland,4,208
Russia,13,208
Ukraine,3,208
United States,13,208
Brazil,9,209
France,9,209
Germany,4,209
Great Britain,15,209
India,4,209
Japan,3,209
Korea,4,209
Mexico,18,209
Russia,3,209
Ukraine,7,209
United States,12,209
Australia,5,213
Russia,8,213
Ukraine,1,213
China,10,214
Germany,20,214
Japan,4,214
Korea,5,214
Russia,9,214
China,6,215
India,6,215
Ukraine,4,215
Australia,7,216
Great Britain,11,216
Korea,17,216
Mexico,12,216
Australia,7,217
Korea,2,217
Mexico,6,217
France,9,218
Ireland,3,218
Mexico,9,218
Russia,6,218
Ukraine,7,218
Australia,7,219
Germany,2,219
Russia,2,219
Ukraine,4,219
Brazil,8,220
India,1,220
Ireland,9,220
Korea,4,220
Brazil,2,221
Germany,2,221
Great Britain,4,221
India,4,221
Ireland,2,221
Japan,5,221
Mexico,5,221
Iran,9,222
Mexico,10,222
Ukraine,3,222
Australia,6,223
Brazil,6,223
France,6,223
Great Britain,8,223
Korea,10,223
Mexico,2,223
India,4,224
Mexico,5,224
Ukraine,10,224
United States,6,224
Germany,6,225
Ireland,9,225
Russia,8,225
China,7,226
Great Britain,5,226
Iran,6,226
Japan,10,226
Korea,8,226
Ukraine,9,226
Australia,10,227
China,9,227
France,19,227
Ireland,8,227
Mexico,6,227
Ukraine,5,227
Brazil,5,228
Ireland,9,228
Australia,1,229
China,1,229
Germany,8,229
Great Britain,1,229
India,2,229
Ireland,7,229
Korea,6,229
Mexico,26,229
Brazil,8,230
Germany,9,230
Ireland,4,230
Korea,7,230
China,1,231
Germany,6,231
Iran,1,231
Japan,6,231
Mexico,1,231
France,2,232
Iran,8,232
Japan,3,232
Russia,3,232
Australia,9,233
United States,5,233
Australia,7,234
France,5,234
Germany,5,234
Japan,7,234
Korea,9,234
Mexico,8,234
Russia,1,234
Australia,2,235
Germany,4,235
India,7,235
Iran,4,235
Ireland,3,235
Korea,7,235
United States,17,235
Brazil,3,236
Japan,1,236
Ukraine,6,236
United States,9,236
Australia,8,237
India,4,237
Iran,1,237
Japan,3,237
Korea,6,237
Mexico,14,237
United States,10,237
Ireland,6,238
Mexico,3,238
Germany,4,239
Japan,7,239
Brazil,10,240
Great Britain,4,240
Ukraine,10,240
United States,3,240
Australia,6,244
Brazil,10,244
Germany,9,244
Iran,2,244
Japan,12,244
Australia,7,245
Ireland,5,245
Mexico,4,245
Iran,5,246
Russia,1,246
United States,9,246
China,5,247
India,6,247
Mexico,8,247
Great Britain,8,248
Japan,14,248
Korea,8,248
Mexico,5,248
United States,23,248
France,8,249
Great Britain,13,249
India,6,249
Ireland,1,249
Australia,16,250
Russia,2,250
Ukraine,3,250
United States,4,250
India,5,251
Iran,6,251
Japan,3,251
India,7,252
Iran,3,252
Russia,5,252
Germany,1,253
Great Britain,10,253
India,6,253
France,6,254
India,6,254
Russia,5,254
Brazil,4,255
China,4,255
France,4,255
Germany,2,255
Iran,7,255
United States,1,255
India,3,256
United States,5,256
China,8,257
France,1,257
Germany,6,258
Great Britain,7,258
Ireland,1,258
Mexico,10,258
United States,6,258
China,7,259
France,4,259
India,15,259
Ireland,9,259
Japan,1,259
Korea,4,259
United States,2,259
Iran,7,260
Korea,15,260
China,2,261
Germany,18,261
Great Britain,5,261
China,3,262
Great Britain,7,262
Australia,6,263
China,4,263
Great Britain,15,263
Russia,6,263
Australia,14,264
Brazil,3,264
Germany,7,264
Ireland,5,264
Korea,5,264
Russia,13,264
Australia,9,265
China,3,265
India,1,265
Ireland,3,265
Mexico,4,265
Ukraine,3,265
United States,2,265
Brazil,10,266
Iran,7,266
Australia,9,267
United States,4,267
Brazil,20,268
Ireland,2,268
India,9,269
Iran,12,269
France,8,270
Korea,13,270
Mexico,8,270
China,1,271
Great Britain,6,271
Ireland,9,271
Russia,1,271
Australia,5,274
Brazil,16,274
China,9,274
Germany,6,274
Great Britain,9,274
India,4,274
Iran,25,274
Ireland,5,274
Japan,4,274
Korea,4,274
Mexico,7,274
Australia,3,275
China,5,275
France,1,275
Great Britain,7,275
India,6,275
Iran,10,275
Ireland,5,275
Japan,11,275
Russia,7,275
Ukraine,7,275
United States,7,275
Germany,7,276
Great Britain,13,276
Iran,9,276
Mexico,7,276
Russia,10,276
United States,6,276
Australia,5,277
France,3,277
Great Britain,5,277
India,9,277
Ireland,2,277
Japan,8,277
Mexico,12,277
Russia,7,277
Ukraine,14,277
United States,20,277
Brazil,8,278
France,10,278
Great Britain,8,278
Iran,15,278
Ukraine,8,278
Brazil,10,279
Germany,6,279
Great Britain,8,279
India,7,279
Iran,4,279
Ireland,5,279
Japan,4,279
China,5,280
France,5,280
Great Britain,3,280
Iran,7,280
Ireland,15,280
Japan,15,280
Mexico,7,280
Australia,12,281
China,6,281
Great Britain,10,281
Korea,10,281
Mexico,7,281
United States,4,281
China,12,282
Germany,10,282
India,6,282
Japan,8,282
Korea,6,282
Ukraine,5,282
United States,2,282
China,12,283
France,31,283
Germany,7,283
Great Britain,1,283
Iran,18,283
Japan,8,283
Ukraine,12,283
United States,3,283
Brazil,1,284
China,10,284
France,13,284
India,12,284
Iran,8,284
Russia,7,284
Ukraine,14,284
United States,18,284
Brazil,16,285
Germany,15,285
Great Britain,17,285
India,4,285
Japan,2,285
Russia,2,285
United States,6,285
Australia,5,286
Brazil,8,286
China,2,286
Germany,15,286
Iran,4,286
Ireland,5,286
Japan,1,286
Korea,26,286
Ukraine,7,286
United States,6,286
Australia,4,287
Brazil,1,287
China,8,287
France,9,287
Great Britain,10,287
Ireland,4,287
Japan,23,287
Korea,9,287
Mexico,10,287
Russia,9,287
Ukraine,34,287
Australia,11,288
France,9,288
Germany,2,288
Iran,5,288
Ireland,2,288
Korea,26,288
Mexico,7,288
Russia,5,288
Ukraine,2,288
United States,10,288
Australia,4,289
Brazil,18,289
France,10,289
Great Britain,4,289
India,11,289
Iran,5,289
Japan,8,289
Ukraine,8,289
United States,6,289
Brazil,3,290
China,7,290
Great Britain,7,290
Iran,8,290
Korea,24,290
Mexico,4,290
Russia,13,290
Brazil,6,291
France,8,291
Germany,9,291
Great Britain,4,291
Iran,7,291
Ireland,7,291
Japan,13,291
Korea,10,291
Russia,8,291
United States,1,291
Australia,14,292
Brazil,3,292
China,8,292
Germany,5,292
Great Britain,3,292
India,9,292
Ireland,8,292
Korea,6,292
Mexico,30,292
United States,11,292
Australia,11,293
Brazil,4,293
China,9,293
Germany,4,293
India,2,293
Iran,4,293
Ireland,11,293
Japan,4,293
Korea,5,293
Russia,2,293
Ukraine,10,293
United States,7,293
Australia,1,294
China,7,294
France,8,294
Germany,20,294
Great Britain,6,294
India,8,294
Iran,16,294
Ireland,18,294
Japan,2,294
Korea,1,294
Mexico,9,294
Russia,18,294
Ukraine,6,294
United States,4,294
China,20,295
France,3,295
India,10,295
Iran,1,295
Ireland,7,295
Japan,9,295
Russia,2,295
Brazil,3,296
China,2,296
Germany,5,296
India,6,296
Japan,9,296
Korea,17,296
Russia,10,296
Ukraine,9,296
Australia,16,297
China,9,297
Great Britain,12,297
India,9,297
Ireland,4,297
Mexico,2,297
Russia,8,297
Ukraine,7,297
United States,6,297
Australia,13,298
Brazil,7,298
France,2,298
Germany,14,298
Great Britain,3,298
Mexico,11,298
Russia,10,298
United States,5,298
Brazil,4,299
France,10,299
Germany,10,299
Iran,6,299
Japan,1,299
United States,12,299
China,30,300
France,18,300
Germany,18,300
Great Britain,16,300
Iran,10,300
Ireland,7,300
Japan,8,300
Mexico,13,300
United States,7,300
Brazil,16,301
China,2,301
France,3,301
Germany,7,301
Great Britain,10,301
India,12,301
Iran,9,301
Mexico,3,301
Ukraine,2,301
United States,9,301
Australia,18,305
Germany,20,305
Great Britain,12,305
India,6,305
Iran,8,305
Ireland,6,305
Japan,47,305
Korea,4,305
Mexico,26,305
Russia,6,305
Ukraine,11,305
United States,22,305
Brazil,30,306
China,6,306
France,5,306
Germany,18,306
Iran,9,306
Ireland,12,306
Japan,9,306
Korea,11,306
Mexico,32,306
Russia,16,306
Ukraine,14,306
United States,9,306
Australia,16,307
China,10,307
France,2,307
Great Britain,11,307
Ireland,7,307
Japan,3,307
Korea,2,307
Mexico,20,307
Ukraine,6,307
United States,4,307
China,4,308
Germany,6,308
Great Britain,5,308
India,8,308
Iran,9,308
Ireland,19,308
Japan,10,308
Mexico,20,308
Russia,9,308
Ukraine,4,308
United States,13,308
Australia,22,309
Brazil,19,309
China,8,309
France,4,309
Germany,20,309
Great Britain,9,309
India,17,309
Iran,8,309
Ireland,2,309
Japan,14,309
Mexico,23,309
Russia,8,309
Ukraine,4,309
United States,18,309
China,10,310
Germany,9,310
Great Britain,11,310
India,27,310
Ireland,12,310
Japan,14,310
Mexico,10,310
Russia,17,310
United States,14,310
Australia,1,311
Brazil,5,311
China,10,311
Germany,21,311
Great Britain,15,311
India,6,311
Iran,19,311
Ireland,16,311
Korea,10,311
Mexico,9,311
Russia,21,311
Ukraine,17,311
United States,11,311
Australia,11,312
Brazil,5,312
China,10,312
France,14,312
Germany,8,312
Great Britain,12,312
India,20,312
Ireland,13,312
Japan,23,312
Korea,3,312
Mexico,15,312
Russia,10,312
Australia,28,313
Brazil,12,313
China,7,313
France,19,313
Germany,20,313
Great Britain,18,313
India,19,313
Iran,10,313
Ireland,4,313
Japan,7,313
Korea,8,313
Mexico,13,313
Russia,8,313
Ukraine,11,313
United States,10,313
China,6,314
Germany,16,314
Great Britain,14,314
India,17,314
Ireland,9,314
Japan,4,314
Korea,18,314
Mexico,8,314
Ukraine,16,314
United States,18,314
Australia,9,315
Brazil,9,315
China,1,315
France,11,315
India,13,315
Iran,19,315
Ireland,6,315
Japan,12,315
Korea,19,315
Mexico,17,315
Russia,10,315
United States,6,315
Australia,14,316
Brazil,26,316
China,37,316
France,31,316
Germany,12,316
Great Britain,14,316
India,6,316
Iran,14,316
Japan,9,316
Korea,1,316
Mexico,10,316
Russia,2,316
Ukraine,26,316
Australia,1,317
Brazil,9,317
Germany,18,317
Great Britain,2,317
India,7,317
Iran,23,317
Ireland,3,317
Japan,10,317
Mexico,4,317
Russia,4,317
Ukraine,6,317
United States,19,317
Australia,16,318
Brazil,16,318
China,8,318
France,6,318
Germany,4,318
Great Britain,1,318
Iran,11,318
Ireland,6,318
Japan,12,318
Korea,10,318
Mexico,11,318
Ukraine,13,318
United States,14,318
Australia,13,319
Brazil,4,319
China,17,319
Germany,10,319
India,8,319
Ireland,8,319
Japan,26,319
Korea,11,319
Mexico,11,319
Ukraine,21,319
Australia,27,320
Brazil,8,320
China,8,320
France,13,320
Great Britain,13,320
India,9,320
Iran,5,320
Ireland,22,320
Japan,8,320
Korea,1,320
Mexico,4,320
Russia,9,320
Ukraine,10,320
Australia,9,321
China,2,321
Germany,33,321
Great Britain,15,321
Iran,12,321
Ireland,10,321
Korea,2,321
Mexico,12,321
Russia,23,321
Ukraine,2,321
United States,7,321
Australia,16,322
Brazil,7,322
China,4,322
France,6,322
Germany,10,322
Great Britain,3,322
India,10,322
Iran,6,322
Ireland,6,322
Japan,9,322
Korea,8,322
Russia,3,322
China,8,323
France,8,323
Germany,8,323
Great Britain,20,323
India,11,323
Iran,13,323
Ireland,4,323
Japan,6,323
Korea,14,323
Mexico,18,323
Russia,12,323
Ukraine,14,323
United States,7,323
Brazil,16,324
China,5,324
France,14,324
Germany,5,324
Great Britain,19,324
India,9,324
Iran,5,324
Ireland,13,324
Japan,21,324
Korea,5,324
Mexico,5,324
Russia,15,324
Ukraine,4,324
Australia,11,325
Brazil,6,325
China,23,325
Germany,12,325
India,6,325
Iran,5,325
Ireland,18,325
Japan,12,325
Korea,12,325
Mexico,11,325
Russia,17,325
Ukraine,10,325
United States,28,325
Brazil,5,326
China,17,326
France,11,326
Germany,5,326
India,1,326
Iran,10,326
Ireland,15,326
Korea,12,326
Mexico,2,326
Russia,10,326
United States,12,326
Australia,13,327
Brazil,4,327
China,15,327
France,14,327
Germany,9,327
Great Britain,19,327
Iran,5,327
Ireland,2,327
Japan,14,327
Mexico,10,327
United States,17,327
Australia,8,328
Brazil,17,328
China,16,328
France,9,328
Great Britain,7,328
India,31,328
Ireland,24,328
Japan,8,328
Korea,18,328
Mexico,7,328
Russia,17,328
Australia,12,329
Brazil,2,329
France,19,329
Germany,9,329
Great Britain,5,329
India,2,329
Iran,13,329
Ireland,7,329
Korea,3,329
Mexico,7,329
Ukraine,3,329
United States,11,329
Australia,4,330
Brazil,9,330
China,4,330
France,11,330
Germany,13,330
Great Britain,28,330
India,4,330
Ireland,17,330
Japan,7,330
Korea,9,330
Mexico,6,330
Russia,11,330
Ukraine,9,330
Brazil,17,331
China,18,331
Germany,6,331
Great Britain,13,331
India,6,331
Ireland,4,331
Japan,5,331
Mexico,26,331
Russia,10,331
Ukraine,7,331
United States,4,331
Australia,7,332
China,16,332
Germany,15,332
Great Britain,20,332
India,7,332
Iran,3,332
Japan,9,332
Korea,8,332
Russia,24,332
Ukraine,8,332
United States,9,332
Australia,28,335
Brazil,8,335
China,35,335
France,35,335
Germany,18,335
Great Britain,41,335
India,8,335
Iran,31,335
Ireland,8,335
Japan,9,335
Korea,19,335
Mexico,36,335
Russia,38,335
Ukraine,18,335
United States,22,335
Australia,17,336
Brazil,10,336
China,16,336
France,34,336
Germany,3,336
India,36,336
Iran,28,336
Ireland,10,336
Japan,13,336
Korea,16,336
Mexico,9,336
Russia,16,336
Ukraine,13,336
United States,14,336
Australia,21,337
Brazil,15,337
China,9,337
France,11,337
Germany,10,337
Great Britain,25,337
India,10,337
Iran,17,337
Ireland,9,337
Japan,22,337
Korea,22,337
Russia,17,337
United States,7,337
Australia,3,338
Brazil,24,338
China,12,338
France,6,338
Great Britain,3,338
India,7,338
Iran,33,338
Ireland,6,338
Japan,7,338
Korea,25,338
Mexico,33,338
Russia,15,338
Ukraine,13,338
United States,18,338
Australia,21,339
Brazil,9,339
China,14,339
France,13,339
Germany,17,339
Great Britain,13,339
India,9,339
Iran,9,339
Ireland,22,339
Japan,27,339
Korea,43,339
Mexico,18,339
Russia,22,339
Ukraine,18,339
United States,28,339
Australia,10,340
China,9,340
France,31,340
Germany,27,340
Great Britain,27,340
India,44,340
Ireland,23,340
Korea,10,340
Russia,20,340
Ukraine,32,340
United States,10,340
Australia,7,341
Brazil,11,341
China,9,341
France,14,341
Germany,25,341
Great Britain,10,341
India,28,341
Iran,20,341
Ireland,14,341
Japan,10,341
Korea,19,341
Mexico,20,341
Russia,13,341
Ukraine,20,341
United States,17,341
Australia,21,342
Brazil,19,342
China,34,342
France,14,342
Germany,30,342
Great Britain,16,342
India,3,342
Iran,7,342
Ireland,17,342
Japan,18,342
Korea,14,342
Mexico,17,342
Russia,21,342
Ukraine,31,342
United States,9,342
Brazil,29,343
China,16,343
France,11,343
Germany,25,343
Great Britain,29,343
India,1,343
Iran,12,343
Ireland,2,343
Japan,25,343
Korea,12,343
Mexico,17,343
Russia,22,343
Ukraine,4,343
United States,21,343
Australia,15,344
China,20,344
France,7,344
Germany,17,344
Great Britain,9,344
India,49,344
Iran,12,344
Ireland,23,344
Japan,4,344
Korea,13,344
Mexico,20,344
Russia,5,344
Ukraine,13,344
Australia,18,345
Brazil,9,345
China,16,345
France,11,345
Germany,2,345
Great Britain,12,345
India,38,345
Iran,4,345
Ireland,16,345
Japan,30,345
Korea,25,345
Mexico,3,345
Russia,18,345
Ukraine,18,345
United States,18,345
Australia,14,346
Brazil,3,346
China,16,346
France,11,346
Germany,9,346
Great Britain,28,346
India,10,346
Iran,10,346
Ireland,19,346
Japan,15,346
Korea,29,346
Mexico,16,346
Russia,45,346
Ukraine,6,346
United States,25,346
Australia,11,347
Brazil,9,347
China,6,347
France,8,347
Germany,28,347
Great Britain,16,347
India,32,347
Ireland,20,347
Japan,19,347
Korea,11,347
Mexico,15,347
Russia,34,347
United States,10,347
Australia,16,348
Brazil,4,348
China,23,348
France,31,348
Germany,25,348
India,1,348
Iran,13,348
Ireland,15,348
Japan,17,348
Korea,31,348
Mexico,9,348
Russia,9,348
Ukraine,8,348
Australia,30,349
Brazil,19,349
China,20,349
France,2,349
Germany,14,349
Great Britain,9,349
Iran,21,349
Ireland,18,349
Japan,11,349
Korea,14,349
Mexico,3,349
Russia,32,349
Ukraine,23,349
United States,21,349
Australia,10,350
Brazil,1,350
China,10,350
France,21,350
Germany,4,350
Great Britain,11,350
India,22,350
Iran,4,350
Ireland,8,350
Japan,11,350
Korea,7,350
Mexico,2,350
Russia,5,350
Ukraine,20,350
United States,21,350
Australia,42,351
Brazil,5,351
China,7,351
France,11,351
Germany,10,351
Great Britain,9,351
Iran,2,351
Ireland,10,351
Japan,7,351
Korea,7,351
Ukraine,3,351
Australia,16,352
Brazil,15,352
China,21,352
Germany,28,352
Great Britain,10,352
India,9,352
Iran,3,352
Ireland,18,352
Japan,3,352
Korea,10,352
Mexico,19,352
Russia,17,352
Ukraine,7,352
United States,6,352
Australia,4,353
Brazil,11,353
China,2,353
France,21,353
Germany,10,353
Great Britain,19,353
India,7,353
Iran,20,353
Ireland,11,353
Japan,1,353
Korea,3,353
Mexico,14,353
Russia,41,353
Ukraine,31,353
United States,16,353
Australia,2,354
Brazil,30,354
France,12,354
Germany,15,354
Great Britain,7,354
India,38,354
Iran,9,354
Ireland,3,354
Japan,35,354
Korea,14,354
Mexico,11,354
Russia,10,354
Ukraine,18,354
United States,8,354
Australia,20,355
Brazil,4,355
China,8,355
Germany,8,355
Great Britain,3,355
India,20,355
Iran,23,355
Ireland,6,355
Japan,31,355
Korea,16,355
Mexico,15,355
Russia,4,355
Ukraine,5,355
United States,5,355
Australia,5,356
Brazil,9,356
China,9,356
France,17,356
Germany,15,356
Great Britain,9,356
India,16,356
Iran,12,356
Ireland,4,356
Japan,20,356
Korea,57,356
Mexico,13,356
Russia,37,356
Ukraine,19,356
United States,28,356
Australia,13,357
Brazil,6,357
China,28,357
France,19,357
Germany,17,357
Great Britain,16,357
India,16,357
Iran,7,357
Ireland,13,357
Japan,10,357
Korea,11,357
Mexico,35,357
Russia,8,357
Ukraine,5,357
United States,19,357
Australia,6,358
Brazil,22,358
France,12,358
Germany,8,358
Great Britain,6,358
India,7,358
Iran,10,358
Ireland,24,358
Japan,6,358
Korea,23,358
Mexico,7,358
Russia,11,358
Ukraine,2,358
United States,12,358
Australia,23,359
Brazil,12,359
China,12,359
France,14,359
Great Britain,20,359
India,6,359
Iran,24,359
Ireland,25,359
Japan,8,359
Korea,28,359
Mexico,5,359
Russia,34,359
Ukraine,17,359
United States,22,359
Australia,13,360
Brazil,26,360
France,1,360
Great Britain,14,360
India,16,360
Ireland,4,360
Japan,6,360
Korea,29,360
Mexico,2,360
Russia,6,360
Ukraine,14,360
United States,19,360
Australia,15,361
Brazil,18,361
China,13,361
France,5,361
Germany,27,361
Great Britain,18,361
India,21,361
Iran,18,361
Ireland,23,361
Japan,9,361
Korea,10,361
Mexico,17,361
Russia,11,361
Ukraine,11,361
United States,37,361
Australia,8,362
Brazil,14,362
China,43,362
France,22,362
Germany,3,362
Great Britain,9,362
India,9,362
Iran,25,362
Ireland,6,362
Japan,4,362
Korea,10,362
Mexico,21,362
Russia,42,362
Ukraine,9,362
United States,13,362
