Germany,302,Recliners,7,1
Russia,303,Tables,8,1
Iran,305,Clocks,5,1
Mexico,305,Clocks,4,1
Ireland,308,Chest,9,1
Ukraine,309,Beds,4,1
Iran,312,Stool,1,1
Ukraine,312,Stool,9,1
Germany,313,Cupboard,7,1
China,315,Grandfather clock,6,1
France,301,Couches,7,2
India,304,Cabinets,4,2
Korea,304,Cabinets,9,2
Ukraine,309,Beds,7,2
Germany,314,Cradle,4,2
Japan,300,Chairs,6,3
Mexico,308,Chest,5,3
Australia,310,Ladders,7,3
France,313,Cupboard,3,3
Russia,300,Chairs,7,4
France,301,Couches,1,4
India,301,Couches,4,4
France,304,Cabinets,1,4
Ireland,305,Clocks,2,4
Korea,310,Ladders,4,4
Korea,316,Shelves,6,4
United States,316,Shelves,9,4
Brazil,305,Clocks,8,5
France,305,Clocks,6,5
Germany,305,Clocks,8,5
United States,305,Clocks,5,5
Ireland,308,Chest,6,5
United States,308,Chest,1,5
Australia,314,Cradle,4,5
Brazil,314,Cradle,5,5
Japan,300,Chairs,10,6
Ukraine,301,Couches,5,6
Brazil,305,Clocks,9,6
Iran,306,Bookcase,1,6
Ireland,314,Cradle,1,6
Ireland,300,Chairs,7,7
Australia,301,Couches,3,7
Germany,303,Tables,2,7
Iran,303,Tables,7,7
Germany,305,Clocks,2,7
Brazil,307,Dresser,9,7
France,314,Cradle,4,7
Brazil,315,Grandfather clock,3,7
Iran,315,Grandfather clock,6,7
Brazil,316,Shelves,9,7
China,304,Cabinets,5,8
United States,305,Clocks,9,8
Ukraine,310,Ladders,7,8
Japan,313,Cupboard,4,8
France,315,Grandfather clock,9,8
France,316,Shelves,9,8
France,304,Cabinets,13,9
Iran,306,Bookcase,4,9
Korea,308,Chest,8,9
Ireland,310,Ladders,10,9
United States,310,Ladders,4,9
Ukraine,315,Grandfather clock,2,9
Iran,316,Shelves,9,9
Iran,314,Cradle,7,10
Germany,315,Grandfather clock,8,10
Brazil,301,Couches,3,11
Russia,309,Beds,6,11
France,311,Ottoman,2,11
Russia,313,Cupboard,9,11
United States,315,Grandfather clock,8,11
Australia,300,Chairs,2,12
Brazil,305,Clocks,8,12
India,307,Dresser,2,12
Great Britain,309,Beds,2,12
China,311,Ottoman,1,12
Ireland,311,Ottoman,3,12
Brazil,301,Couches,7,13
Russia,302,Recliners,10,13
Japan,303,Tables,9,13
China,306,Bookcase,2,13
France,310,Ladders,6,13
Iran,312,Stool,6,13
Germany,313,Cupboard,2,13
Great Britain,313,Cupboard,10,13
Ireland,314,Cradle,3,13
Australia,306,Bookcase,5,14
Ireland,314,Cradle,8,14
Germany,300,Chairs,6,15
China,301,Couches,1,15
Great Britain,301,Couches,3,15
Japan,301,Couches,10,15
Mexico,301,Couches,9,15
China,302,Recliners,7,15
Australia,303,Tables,5,15
Ukraine,303,Tables,5,15
India,304,Cabinets,4,15
Ukraine,306,Bookcase,3,15
United States,307,Dresser,5,15
Germany,308,Chest,7,15
Great Britain,309,Beds,7,15
Mexico,309,Beds,5,15
Ireland,310,Ladders,2,15
Australia,313,Cupboard,6,15
Australia,316,Shelves,6,15
India,301,Couches,8,16
Japan,302,Recliners,10,16
United States,302,Recliners,4,16
Iran,305,Clocks,6,16
Germany,306,Bookcase,10,16
China,315,Grandfather clock,8,16
United States,301,Couches,7,17
Japan,304,Cabinets,1,17
Brazil,306,Bookcase,7,17
Japan,308,Chest,2,17
Russia,312,Stool,6,17
Mexico,313,Cupboard,2,17
France,316,Shelves,8,17
Japan,301,Couches,10,18
Ireland,302,Recliners,5,18
Mexico,302,Recliners,2,18
Brazil,303,Tables,6,18
Ukraine,309,Beds,9,18
France,310,Ladders,7,18
Japan,310,Ladders,9,18
Ukraine,310,Ladders,4,18
China,311,Ottoman,8,18
Korea,312,Stool,2,18
China,313,Cupboard,6,18
Great Britain,313,Cupboard,12,18
Mexico,313,Cupboard,10,18
Russia,313,Cupboard,7,18
China,315,Grandfather clock,3,18
Ireland,315,Grandfather clock,1,18
Germany,316,Shelves,4,18
France,307,Dresser,5,19
India,307,Dresser,10,19
Korea,310,Ladders,7,19
France,311,Ottoman,5,19
Germany,312,Stool,6,19
India,314,Cradle,8,19
Australia,316,Shelves,7,19
Japan,316,Shelves,10,19
United States,301,Couches,6,20
United States,311,Ottoman,1,20
India,312,Stool,6,20
Russia,313,Cupboard,3,20
India,300,Chairs,4,21
Ireland,302,Recliners,2,21
Russia,305,Clocks,5,21
Germany,306,Bookcase,7,21
France,307,Dresser,2,21
Japan,310,Ladders,8,21
Russia,310,Ladders,5,21
Great Britain,312,Stool,9,21
Great Britain,303,Tables,10,22
Great Britain,308,Chest,10,22
United States,309,Beds,3,22
Great Britain,311,Ottoman,4,22
Brazil,313,Cupboard,6,22
India,302,Recliners,5,23
United States,308,Chest,5,23
China,314,Cradle,2,23
Germany,301,Couches,9,24
Germany,309,Beds,9,24
France,310,Ladders,1,24
Korea,310,Ladders,9,24
Brazil,312,Stool,7,24
India,302,Recliners,6,25
China,304,Cabinets,6,25
Ukraine,306,Bookcase,3,25
United States,308,Chest,4,25
India,316,Shelves,4,25
Germany,305,Clocks,6,26
Mexico,309,Beds,4,26
China,311,Ottoman,9,26
Ireland,311,Ottoman,6,26
Great Britain,312,Stool,9,26
France,303,Tables,3,27
Mexico,311,Ottoman,8,27
France,315,Grandfather clock,8,27
Iran,315,Grandfather clock,3,27
Brazil,304,Cabinets,6,28
Mexico,305,Clocks,3,28
Mexico,306,Bookcase,1,28
Australia,307,Dresser,6,28
Great Britain,310,Ladders,5,28
Australia,306,Bookcase,9,32
Japan,311,Ottoman,2,32
Japan,312,Stool,5,32
Great Britain,301,Couches,3,33
Iran,301,Couches,8,33
Australia,303,Tables,6,33
France,304,Cabinets,1,34
Brazil,305,Clocks,1,34
Great Britain,305,Clocks,4,34
Ukraine,314,Cradle,6,34
United States,314,Cradle,7,34
Brazil,315,Grandfather clock,4,34
Mexico,300,Chairs,4,35
Ireland,303,Tables,6,35
Mexico,304,Cabinets,8,35
United States,305,Clocks,6,35
Mexico,307,Dresser,7,35
Germany,313,Cupboard,1,35
Russia,315,Grandfather clock,8,35
Germany,316,Shelves,7,35
Ukraine,302,Recliners,9,36
Australia,303,Tables,9,36
India,306,Bookcase,7,36
China,310,Ladders,9,36
Ireland,312,Stool,9,36
Russia,316,Shelves,9,36
Australia,308,Chest,3,37
Great Britain,308,Chest,1,37
China,312,Stool,4,37
Brazil,303,Tables,2,38
Korea,304,Cabinets,6,38
China,307,Dresser,3,38
Korea,307,Dresser,3,38
Mexico,300,Chairs,2,39
Australia,302,Recliners,4,39
India,308,Chest,8,39
Ukraine,313,Cupboard,3,39
Australia,315,Grandfather clock,1,39
Iran,300,Chairs,9,40
Germany,302,Recliners,9,40
India,302,Recliners,7,40
India,312,Stool,9,40
Korea,315,Grandfather clock,9,40
Ukraine,301,Couches,5,41
Korea,302,Recliners,5,41
France,305,Clocks,6,41
Great Britain,305,Clocks,7,41
Iran,312,Stool,7,41
Australia,314,Cradle,10,41
Japan,315,Grandfather clock,1,41
Ukraine,316,Shelves,5,41
Japan,300,Chairs,1,42
Great Britain,303,Tables,4,42
Great Britain,304,Cabinets,4,42
Iran,307,Dresser,6,42
India,316,Shelves,10,42
Japan,316,Shelves,8,42
Iran,300,Chairs,4,43
Australia,303,Tables,8,43
Australia,304,Cabinets,1,43
Germany,306,Bookcase,6,43
Mexico,308,Chest,3,43
Australia,309,Beds,4,43
India,310,Ladders,6,43
Australia,315,Grandfather clock,4,43
India,300,Chairs,3,44
Germany,307,Dresser,7,44
Great Britain,307,Dresser,6,44
Russia,308,Chest,7,44
China,314,Cradle,7,44
Korea,300,Chairs,5,45
China,301,Couches,6,45
Japan,303,Tables,2,45
Iran,306,Bookcase,9,45
Iran,310,Ladders,7,45
India,300,Chairs,7,46
Korea,302,Recliners,4,46
United States,302,Recliners,8,46
United States,305,Clocks,3,46
China,306,Bookcase,8,46
Korea,308,Chest,6,46
Ukraine,308,Chest,4,46
France,309,Beds,5,46
Russia,310,Ladders,4,46
India,302,Recliners,1,47
India,306,Bookcase,9,47
Iran,308,Chest,4,47
Iran,303,Tables,8,48
Ireland,303,Tables,5,48
Korea,303,Tables,9,48
Germany,313,Cupboard,1,48
United States,315,Grandfather clock,6,48
Brazil,306,Bookcase,9,49
Germany,306,Bookcase,2,49
Russia,308,Chest,6,49
United States,308,Chest,10,49
Japan,309,Beds,5,49
Iran,310,Ladders,3,49
Great Britain,313,Cupboard,1,49
Russia,314,Cradle,6,49
Ukraine,300,Chairs,7,50
France,302,Recliners,6,50
India,309,Beds,7,50
Japan,310,Ladders,7,50
Ukraine,312,Stool,2,50
Ireland,314,Cradle,7,50
Japan,315,Grandfather clock,7,50
China,316,Shelves,9,50
Germany,303,Tables,1,51
Japan,304,Cabinets,10,51
Korea,315,Grandfather clock,6,51
Great Britain,303,Tables,7,52
Germany,304,Cabinets,5,52
Germany,306,Bookcase,1,52
India,307,Dresser,5,52
Russia,311,Ottoman,7,52
Ireland,300,Chairs,4,53
Australia,301,Couches,7,53
Great Britain,301,Couches,5,53
Ireland,301,Couches,10,53
Mexico,306,Bookcase,7,53
Germany,307,Dresser,2,53
Germany,309,Beds,2,53
Great Britain,313,Cupboard,4,53
Iran,313,Cupboard,2,53
Great Britain,301,Couches,1,54
France,303,Tables,3,54
Great Britain,306,Bookcase,2,54
Mexico,306,Bookcase,8,54
Russia,306,Bookcase,7,54
Great Britain,308,Chest,2,54
Russia,312,Stool,2,54
Ireland,313,Cupboard,7,54
Australia,314,Cradle,4,54
Australia,301,Couches,6,55
China,302,Recliners,1,55
Ukraine,302,Recliners,1,55
United States,305,Clocks,8,55
Russia,306,Bookcase,6,55
Japan,307,Dresser,4,55
France,310,Ladders,10,55
France,312,Stool,5,55
Ukraine,312,Stool,10,55
France,313,Cupboard,6,55
Germany,314,Cradle,2,55
India,309,Beds,5,56
United States,316,Shelves,10,56
Russia,303,Tables,10,57
United States,311,Ottoman,10,57
United States,301,Couches,2,58
Japan,305,Clocks,5,58
France,306,Bookcase,9,58
Ireland,312,Stool,5,58
Japan,301,Couches,7,59
United States,304,Cabinets,6,59
Japan,307,Dresser,7,59
Russia,308,Chest,10,59
Japan,311,Ottoman,2,59
Japan,313,Cupboard,1,59
India,315,Grandfather clock,2,59
Australia,300,Chairs,8,60
Australia,302,Recliners,6,60
Mexico,305,Clocks,9,60
Mexico,306,Bookcase,1,60
Russia,310,Ladders,5,60
Iran,307,Dresser,3,61
United States,308,Chest,1,61
China,313,Cupboard,10,61
France,313,Cupboard,5,61
Korea,300,Chairs,10,62
Brazil,301,Couches,7,62
United States,301,Couches,2,62
Germany,302,Recliners,7,62
Iran,302,Recliners,3,62
Brazil,303,Tables,9,62
Ireland,303,Tables,7,62
Iran,306,Bookcase,8,62
India,307,Dresser,8,62
Germany,310,Ladders,2,62
Mexico,314,Cradle,1,62
France,301,Couches,5,63
Ukraine,301,Couches,7,63
Germany,302,Recliners,2,63
Brazil,309,Beds,4,63
China,315,Grandfather clock,1,63
United States,303,Tables,5,64
Australia,306,Bookcase,7,64
Great Britain,306,Bookcase,10,64
Japan,306,Bookcase,8,64
India,311,Ottoman,5,64
France,313,Cupboard,6,64
Korea,314,Cradle,5,64
Brazil,315,Grandfather clock,2,64
Mexico,301,Couches,6,65
Great Britain,304,Cabinets,1,65
Mexico,305,Clocks,9,65
United States,313,Cupboard,4,65
Germany,314,Cradle,9,65
Australia,315,Grandfather clock,6,65
Korea,315,Grandfather clock,2,65
France,302,Recliners,11,66
India,304,Cabinets,8,66
India,307,Dresser,7,66
Ireland,313,Cupboard,10,66
Korea,313,Cupboard,8,66
Japan,314,Cradle,2,66
India,315,Grandfather clock,8,66
Australia,304,Cabinets,6,67
Brazil,311,Ottoman,1,67
Korea,311,Ottoman,9,67
Russia,311,Ottoman,5,67
France,314,Cradle,7,67
Iran,315,Grandfather clock,11,67
Ireland,315,Grandfather clock,8,67
Mexico,315,Grandfather clock,10,67
Japan,300,Chairs,10,68
Great Britain,303,Tables,7,68
Iran,310,Ladders,6,68
Australia,314,Cradle,2,68
Japan,314,Cradle,9,68
Germany,302,Recliners,3,69
Great Britain,307,Dresser,2,69
Ukraine,308,Chest,10,69
Great Britain,312,Stool,7,69
United States,312,Stool,5,69
Brazil,313,Cupboard,7,69
Korea,314,Cradle,8,69
France,315,Grandfather clock,10,69
Australia,305,Clocks,3,70
Mexico,310,Ladders,7,70
United States,311,Ottoman,10,70
Brazil,313,Cupboard,2,70
Korea,314,Cradle,10,70
Australia,315,Grandfather clock,5,70
France,315,Grandfather clock,4,70
Korea,316,Shelves,3,70
Mexico,316,Shelves,4,70
Mexico,304,Cabinets,10,71
United States,305,Clocks,9,71
Iran,306,Bookcase,10,71
Russia,308,Chest,6,71
Germany,316,Shelves,10,71
Korea,303,Tables,1,72
Mexico,307,Dresser,3,72
Russia,307,Dresser,6,72
Russia,308,Chest,8,72
Brazil,309,Beds,1,72
Germany,313,Cupboard,8,72
India,313,Cupboard,5,72
Germany,315,Grandfather clock,10,72
Ukraine,316,Shelves,5,72
Ukraine,301,Couches,1,73
Ukraine,303,Tables,1,73
Iran,305,Clocks,5,73
United States,307,Dresser,6,73
Korea,308,Chest,6,73
Russia,311,Ottoman,9,73
Ukraine,311,Ottoman,1,73
Russia,316,Shelves,9,73
Australia,303,Tables,8,74
Mexico,310,Ladders,7,74
Great Britain,303,Tables,1,75
Australia,308,Chest,7,75
India,308,Chest,5,75
Australia,314,Cradle,9,75
Ireland,314,Cradle,6,75
Great Britain,315,Grandfather clock,2,75
India,315,Grandfather clock,3,75
Ireland,316,Shelves,3,75
India,303,Tables,2,76
Korea,304,Cabinets,8,76
Russia,304,Cabinets,6,76
Great Britain,307,Dresser,1,76
Mexico,307,Dresser,1,76
Australia,311,Ottoman,9,76
Germany,313,Cupboard,3,76
Ukraine,313,Cupboard,9,76
Great Britain,314,Cradle,10,76
Australia,307,Dresser,2,77
Ireland,307,Dresser,2,77
Ireland,309,Beds,1,77
Ireland,312,Stool,6,77
Mexico,314,Cradle,1,77
Iran,315,Grandfather clock,2,77
China,316,Shelves,10,77
France,304,Cabinets,3,78
Iran,304,Cabinets,2,78
China,306,Bookcase,7,78
France,307,Dresser,1,78
Japan,313,Cupboard,7,78
Ukraine,314,Cradle,2,78
Russia,315,Grandfather clock,7,78
Ukraine,315,Grandfather clock,1,78
Russia,305,Clocks,4,79
India,306,Bookcase,10,79
Ukraine,306,Bookcase,5,79
Australia,308,Chest,10,79
Ukraine,309,Beds,9,79
Mexico,310,Ladders,10,79
United States,313,Cupboard,3,79
Great Britain,314,Cradle,5,79
Ireland,314,Cradle,5,79
Russia,304,Cabinets,18,80
Germany,306,Bookcase,2,80
Russia,307,Dresser,10,80
Ukraine,307,Dresser,9,80
United States,310,Ladders,2,80
China,312,Stool,9,80
India,312,Stool,3,80
Brazil,300,Chairs,10,81
Great Britain,304,Cabinets,4,81
India,304,Cabinets,9,81
Germany,308,Chest,10,81
Brazil,310,Ladders,3,81
Japan,312,Stool,3,81
Russia,314,Cradle,7,81
Korea,315,Grandfather clock,5,81
India,302,Recliners,2,82
Brazil,303,Tables,10,82
Germany,303,Tables,3,82
Australia,307,Dresser,1,82
Korea,307,Dresser,2,82
Great Britain,311,Ottoman,10,82
Japan,311,Ottoman,3,82
Japan,312,Stool,8,82
Australia,315,Grandfather clock,5,82
Great Britain,315,Grandfather clock,2,82
France,301,Couches,5,83
France,302,Recliners,6,83
Japan,302,Recliners,9,83
Russia,303,Tables,3,83
Australia,310,Ladders,5,83
Brazil,310,Ladders,3,83
Australia,312,Stool,10,83
France,315,Grandfather clock,5,83
France,300,Chairs,4,84
United States,304,Cabinets,1,84
Germany,305,Clocks,6,84
Korea,305,Clocks,9,84
China,310,Ladders,8,84
Ukraine,310,Ladders,9,84
United States,310,Ladders,8,84
Mexico,314,Cradle,6,84
Japan,300,Chairs,8,85
Mexico,304,Cabinets,8,85
Russia,307,Dresser,2,85
Brazil,309,Beds,1,85
Australia,310,Ladders,7,85
France,311,Ottoman,3,85
Japan,311,Ottoman,4,85
Mexico,313,Cupboard,8,85
Ireland,300,Chairs,6,86
Japan,300,Chairs,6,86
India,301,Couches,9,86
Brazil,302,Recliners,3,86
Russia,303,Tables,4,86
Iran,304,Cabinets,10,86
India,305,Clocks,4,86
Korea,309,Beds,10,86
India,310,Ladders,9,86
Korea,313,Cupboard,1,86
Ukraine,313,Cupboard,8,86
Iran,314,Cradle,8,86
Great Britain,300,Chairs,7,87
Korea,314,Cradle,8,87
India,316,Shelves,6,87
Russia,300,Chairs,8,91
Japan,301,Couches,4,91
Russia,301,Couches,9,91
Great Britain,303,Tables,3,91
Japan,304,Cabinets,7,91
Germany,306,Bookcase,1,92
Iran,307,Dresser,8,92
Ukraine,307,Dresser,10,92
Australia,308,Chest,5,92
Germany,309,Beds,8,92
Brazil,312,Stool,7,92
Australia,313,Cupboard,4,92
Ireland,316,Shelves,10,92
United States,303,Tables,7,93
Brazil,305,Clocks,10,93
Australia,315,Grandfather clock,7,93
Russia,316,Shelves,9,93
Iran,305,Clocks,10,94
Russia,305,Clocks,5,94
Russia,311,Ottoman,3,94
Germany,313,Cupboard,10,94
Ireland,316,Shelves,9,94
Korea,302,Recliners,2,95
Iran,307,Dresser,5,95
Brazil,310,Ladders,9,95
Russia,310,Ladders,7,95
Ukraine,312,Stool,5,95
Australia,300,Chairs,10,96
China,301,Couches,10,96
Brazil,305,Clocks,1,96
France,306,Bookcase,5,96
Japan,309,Beds,10,96
Iran,312,Stool,10,96
Great Britain,303,Tables,1,97
Brazil,306,Bookcase,7,97
Australia,313,Cupboard,5,97
Great Britain,315,Grandfather clock,5,97
Mexico,302,Recliners,4,98
Brazil,304,Cabinets,9,98
Ireland,316,Shelves,7,98
Great Britain,301,Couches,5,99
India,304,Cabinets,8,99
India,305,Clocks,9,99
Great Britain,309,Beds,6,99
Brazil,310,Ladders,2,99
France,312,Stool,9,99
Great Britain,314,Cradle,2,99
India,314,Cradle,8,99
Korea,316,Shelves,2,99
United States,300,Chairs,5,100
Mexico,305,Clocks,9,100
Brazil,316,Shelves,5,100
Australia,302,Recliners,5,101
Ukraine,304,Cabinets,2,101
Iran,306,Bookcase,1,101
China,309,Beds,2,101
United States,314,Cradle,5,101
India,315,Grandfather clock,8,101
Ireland,316,Shelves,9,101
Iran,300,Chairs,9,102
Great Britain,306,Bookcase,5,102
Australia,307,Dresser,9,102
Germany,308,Chest,8,102
Ireland,309,Beds,1,102
Australia,313,Cupboard,9,102
Australia,314,Cradle,6,102
Korea,314,Cradle,2,102
Australia,316,Shelves,6,102
Ireland,316,Shelves,6,102
Iran,305,Clocks,1,104
Korea,306,Bookcase,8,104
Ukraine,300,Chairs,1,105
Korea,309,Beds,6,105
France,310,Ladders,3,105
Great Britain,312,Stool,6,105
India,314,Cradle,9,105
India,300,Chairs,10,106
Korea,301,Couches,10,106
Ireland,303,Tables,3,106
Korea,303,Tables,1,106
Germany,309,Beds,8,106
Germany,310,Ladders,5,106
Ireland,312,Stool,9,106
Great Britain,315,Grandfather clock,3,106
Australia,303,Tables,4,107
United States,304,Cabinets,2,107
Germany,309,Beds,1,107
Germany,310,Ladders,10,107
United States,311,Ottoman,3,107
Ireland,312,Stool,6,107
Iran,315,Grandfather clock,10,107
Australia,300,Chairs,1,108
France,302,Recliners,4,108
India,302,Recliners,2,108
United States,302,Recliners,5,108
Korea,305,Clocks,5,108
Ireland,302,Recliners,10,109
Mexico,310,Ladders,8,109
Germany,312,Stool,2,109
Iran,314,Cradle,8,109
Russia,315,Grandfather clock,5,109
United States,315,Grandfather clock,3,109
United States,303,Tables,9,110
Korea,306,Bookcase,10,110
Ireland,300,Chairs,2,111
Germany,303,Tables,8,111
Russia,304,Cabinets,1,111
Australia,308,Chest,7,111
Japan,313,Cupboard,9,111
Ukraine,313,Cupboard,2,111
Russia,316,Shelves,1,111
India,301,Couches,5,112
France,308,Chest,10,112
Great Britain,311,Ottoman,7,112
Russia,312,Stool,3,112
France,314,Cradle,10,112
Russia,303,Tables,6,113
Ireland,305,Clocks,6,113
United States,316,Shelves,3,113
Great Britain,303,Tables,3,114
Brazil,305,Clocks,8,114
Brazil,312,Stool,10,114
India,313,Cupboard,4,114
Ireland,313,Cupboard,7,114
Russia,313,Cupboard,3,114
Brazil,303,Tables,1,115
United States,305,Clocks,8,115
Ukraine,310,Ladders,6,115
Ukraine,311,Ottoman,6,115
Japan,312,Stool,3,115
Ukraine,312,Stool,8,115
Russia,315,Grandfather clock,3,115
Mexico,302,Recliners,3,116
Great Britain,304,Cabinets,8,116
Russia,304,Cabinets,6,116
China,311,Ottoman,1,116
India,302,Recliners,10,117
Great Britain,300,Chairs,9,118
Australia,302,Recliners,1,118
Great Britain,302,Recliners,5,118
Iran,307,Dresser,5,118
Ireland,309,Beds,3,118
Russia,306,Bookcase,1,121
Iran,313,Cupboard,6,121
Japan,305,Clocks,2,122
Australia,313,Cupboard,4,122
Australia,316,Shelves,4,122
Ukraine,307,Dresser,9,123
France,307,Dresser,1,124
United States,311,Ottoman,4,124
Russia,314,Cradle,1,124
United States,316,Shelves,7,124
Great Britain,303,Tables,3,126
India,312,Stool,10,126
Germany,315,Grandfather clock,5,126
Australia,304,Cabinets,7,127
Iran,307,Dresser,4,128
Iran,311,Ottoman,9,128
France,312,Stool,10,128
Ukraine,314,Cradle,2,128
China,316,Shelves,9,128
Mexico,308,Chest,2,129
Ireland,310,Ladders,4,129
Mexico,314,Cradle,8,129
China,300,Chairs,8,130
China,313,Cupboard,3,130
Brazil,315,Grandfather clock,3,130
China,315,Grandfather clock,8,130
Japan,303,Tables,8,131
Australia,309,Beds,1,131
Mexico,301,Couches,8,132
Germany,306,Bookcase,3,132
Australia,307,Dresser,1,132
Australia,315,Grandfather clock,3,132
Russia,316,Shelves,2,132
France,312,Stool,9,133
India,313,Cupboard,9,133
Australia,314,Cradle,8,133
Japan,305,Clocks,1,134
Australia,307,Dresser,2,134
Japan,315,Grandfather clock,1,134
Great Britain,316,Shelves,4,134
Brazil,306,Bookcase,5,135
Russia,313,Cupboard,8,135
Brazil,314,Cradle,5,135
Germany,303,Tables,7,137
Brazil,313,Cupboard,6,137
Brazil,307,Dresser,8,138
Brazil,312,Stool,8,138
Iran,314,Cradle,10,138
Ireland,301,Couches,10,139
Iran,303,Tables,7,139
Korea,303,Tables,7,139
United States,305,Clocks,3,139
Iran,307,Dresser,3,139
China,314,Cradle,1,139
Japan,302,Recliners,10,140
Japan,304,Cabinets,8,140
Iran,308,Chest,1,140
Great Britain,309,Beds,10,140
China,315,Grandfather clock,2,140
Ukraine,302,Recliners,10,141
Mexico,308,Chest,5,141
Germany,309,Beds,5,141
United States,310,Ladders,9,141
China,315,Grandfather clock,1,141
Brazil,303,Tables,1,142
Iran,310,Ladders,7,142
Ireland,310,Ladders,8,142
Ukraine,313,Cupboard,2,142
Japan,314,Cradle,10,142
China,304,Cabinets,6,143
Ukraine,300,Chairs,5,144
Brazil,301,Couches,2,144
India,312,Stool,10,144
Germany,302,Recliners,5,145
Russia,302,Recliners,7,145
Germany,314,Cradle,4,145
Germany,315,Grandfather clock,2,145
China,303,Tables,1,146
Korea,306,Bookcase,6,146
France,307,Dresser,10,146
China,308,Chest,2,146
Ireland,308,Chest,4,146
Mexico,309,Beds,1,146
China,301,Couches,4,147
Great Britain,305,Clocks,3,147
Great Britain,306,Bookcase,10,147
India,310,Ladders,8,147
United States,300,Chairs,3,148
United States,304,Cabinets,3,148
Japan,314,Cradle,8,148
Brazil,306,Bookcase,1,152
Japan,306,Bookcase,3,152
Great Britain,307,Dresser,9,152
Iran,310,Ladders,8,152
Japan,311,Ottoman,3,152
India,313,Cupboard,7,152
Ireland,315,Grandfather clock,7,152
Korea,315,Grandfather clock,5,152
Russia,316,Shelves,6,152
Iran,305,Clocks,8,153
Germany,309,Beds,7,153
India,311,Ottoman,3,153
Ireland,311,Ottoman,1,153
France,313,Cupboard,10,153
Mexico,315,Grandfather clock,8,153
Russia,302,Recliners,6,154
India,304,Cabinets,4,154
India,311,Ottoman,1,154
France,314,Cradle,8,154
United States,314,Cradle,8,154
India,316,Shelves,4,154
United States,301,Couches,6,155
Australia,303,Tables,10,155
Germany,303,Tables,8,155
Japan,303,Tables,5,155
Iran,304,Cabinets,4,155
Japan,304,Cabinets,1,155
Mexico,304,Cabinets,9,155
Russia,306,Bookcase,6,155
Germany,310,Ladders,10,155
Great Britain,314,Cradle,8,155
India,314,Cradle,5,155
India,315,Grandfather clock,1,155
Australia,316,Shelves,3,155
France,316,Shelves,7,155
France,300,Chairs,3,156
Japan,301,Couches,3,156
Great Britain,304,Cabinets,2,156
Russia,304,Cabinets,9,156
Ukraine,307,Dresser,10,156
Korea,309,Beds,8,156
Japan,311,Ottoman,10,156
Mexico,312,Stool,2,156
Ukraine,300,Chairs,7,157
Ireland,303,Tables,5,157
Japan,303,Tables,2,157
China,304,Cabinets,4,157
Iran,304,Cabinets,9,157
Russia,309,Beds,8,157
Brazil,310,Ladders,2,157
Mexico,314,Cradle,16,157
United States,315,Grandfather clock,2,157
Great Britain,316,Shelves,10,157
Ireland,316,Shelves,8,157
United States,302,Recliners,10,158
Great Britain,306,Bookcase,6,158
Iran,307,Dresser,4,158
Ireland,307,Dresser,4,158
Ukraine,307,Dresser,10,158
France,310,Ladders,5,158
Mexico,312,Stool,1,158
Korea,301,Couches,6,159
Mexico,301,Couches,2,159
Russia,301,Couches,7,159
Japan,303,Tables,4,159
Ireland,304,Cabinets,7,159
United States,308,Chest,10,159
China,309,Beds,5,159
Mexico,311,Ottoman,5,159
France,312,Stool,5,159
Australia,313,Cupboard,7,159
Australia,315,Grandfather clock,10,159
Ukraine,315,Grandfather clock,1,159
China,316,Shelves,6,159
Great Britain,316,Shelves,2,159
Ukraine,300,Chairs,2,160
France,303,Tables,6,160
Mexico,305,Clocks,7,160
Germany,306,Bookcase,6,160
India,309,Beds,3,160
Iran,314,Cradle,4,160
United States,315,Grandfather clock,5,160
Ireland,300,Chairs,3,161
Japan,301,Couches,1,161
Korea,301,Couches,7,161
Japan,309,Beds,1,161
Mexico,309,Beds,1,161
Brazil,314,Cradle,2,161
Japan,315,Grandfather clock,6,161
Russia,315,Grandfather clock,7,161
United States,315,Grandfather clock,7,161
Germany,316,Shelves,7,161
Brazil,301,Couches,11,162
Mexico,301,Couches,4,162
Ukraine,301,Couches,3,162
Brazil,303,Tables,2,162
Russia,304,Cabinets,9,162
Korea,305,Clocks,9,162
Iran,309,Beds,6,162
Japan,313,Cupboard,5,162
Germany,316,Shelves,1,162
Ireland,301,Couches,2,163
United States,301,Couches,7,163
France,302,Recliners,3,163
Japan,302,Recliners,4,163
Japan,303,Tables,7,163
Australia,305,Clocks,7,163
Japan,307,Dresser,1,163
Russia,307,Dresser,4,163
Ukraine,312,Stool,8,163
India,313,Cupboard,6,163
Russia,313,Cupboard,2,163
Germany,314,Cradle,8,163
India,314,Cradle,9,163
Iran,314,Cradle,9,163
France,315,Grandfather clock,7,163
Ireland,300,Chairs,10,164
Russia,300,Chairs,3,164
China,302,Recliners,10,164
India,306,Bookcase,2,164
Germany,309,Beds,1,164
France,301,Couches,9,165
Mexico,302,Recliners,9,165
Brazil,303,Tables,5,165
United States,303,Tables,10,165
Great Britain,304,Cabinets,10,165
Brazil,308,Chest,7,165
Mexico,308,Chest,1,165
Brazil,309,Beds,7,165
Brazil,310,Ladders,6,165
Ireland,310,Ladders,8,165
Australia,312,Stool,7,165
Iran,313,Cupboard,6,165
Iran,316,Shelves,6,165
Brazil,301,Couches,6,166
France,302,Recliners,5,166
Mexico,302,Recliners,3,166
France,303,Tables,5,166
China,304,Cabinets,8,166
Ukraine,307,Dresser,7,166
Brazil,309,Beds,9,166
China,309,Beds,1,166
Germany,309,Beds,8,166
Korea,309,Beds,7,166
Korea,310,Ladders,5,166
Ukraine,310,Ladders,9,166
Mexico,312,Stool,1,166
Mexico,315,Grandfather clock,1,166
Brazil,316,Shelves,6,166
Great Britain,316,Shelves,4,166
Australia,300,Chairs,9,167
Germany,300,Chairs,1,167
Korea,300,Chairs,8,167
Iran,301,Couches,1,167
India,303,Tables,6,167
Iran,303,Tables,7,167
United States,305,Clocks,5,167
Brazil,308,Chest,7,167
Korea,308,Chest,8,167
United States,308,Chest,5,167
Australia,309,Beds,6,167
United States,312,Stool,5,167
France,313,Cupboard,3,167
Great Britain,313,Cupboard,5,167
Ukraine,315,Grandfather clock,9,167
United States,315,Grandfather clock,10,167
India,300,Chairs,10,168
Korea,300,Chairs,4,168
Russia,300,Chairs,10,168
Mexico,301,Couches,8,168
Iran,303,Tables,9,168
Australia,307,Dresser,9,168
Japan,308,Chest,9,168
Korea,308,Chest,7,168
Mexico,308,Chest,3,168
Great Britain,310,Ladders,4,168
Iran,312,Stool,9,168
Russia,312,Stool,8,168
Great Britain,301,Couches,1,169
Russia,301,Couches,1,169
China,304,Cabinets,5,169
Mexico,305,Clocks,2,169
Brazil,306,Bookcase,1,169
China,307,Dresser,5,169
Japan,308,Chest,1,169
Ireland,309,Beds,10,169
Ireland,312,Stool,10,169
Japan,313,Cupboard,4,169
Great Britain,315,Grandfather clock,3,169
United States,316,Shelves,7,169
Ireland,300,Chairs,1,170
India,303,Tables,6,170
Japan,303,Tables,6,170
China,304,Cabinets,1,170
United States,304,Cabinets,6,170
Great Britain,307,Dresser,3,170
Australia,308,Chest,6,170
France,308,Chest,8,170
Germany,308,Chest,10,170
United States,308,Chest,6,170
China,309,Beds,9,170
Ireland,311,Ottoman,4,170
Japan,311,Ottoman,7,170
India,313,Cupboard,10,170
China,301,Couches,8,171
United States,302,Recliners,3,171
Iran,303,Tables,2,171
France,304,Cabinets,5,171
United States,305,Clocks,2,171
Japan,306,Bookcase,2,171
United States,311,Ottoman,3,171
India,312,Stool,8,171
Ukraine,314,Cradle,9,171
Japan,315,Grandfather clock,2,171
China,316,Shelves,8,171
France,300,Chairs,5,172
Germany,303,Tables,10,172
China,306,Bookcase,10,172
Russia,307,Dresser,9,172
Iran,308,Chest,2,172
India,309,Beds,9,172
India,313,Cupboard,1,172
Japan,314,Cradle,7,172
Australia,315,Grandfather clock,2,172
Russia,315,Grandfather clock,2,172
India,316,Shelves,4,172
Korea,316,Shelves,2,172
France,300,Chairs,6,173
Korea,300,Chairs,3,173
Ireland,301,Couches,2,173
Australia,302,Recliners,6,173
Iran,302,Recliners,5,173
France,303,Tables,7,173
Great Britain,304,Cabinets,9,173
China,305,Clocks,9,173
United States,306,Bookcase,5,173
Japan,307,Dresser,5,173
Brazil,308,Chest,3,173
Iran,308,Chest,1,173
Ukraine,310,Ladders,9,173
India,312,Stool,8,173
Russia,313,Cupboard,5,173
France,315,Grandfather clock,5,173
Iran,315,Grandfather clock,5,173
Japan,315,Grandfather clock,6,173
Germany,301,Couches,8,174
Korea,303,Tables,10,174
China,304,Cabinets,3,174
Ireland,304,Cabinets,7,174
Korea,309,Beds,1,174
France,310,Ladders,10,174
Korea,310,Ladders,1,174
Russia,311,Ottoman,4,174
Germany,312,Stool,8,174
Russia,313,Cupboard,1,174
France,315,Grandfather clock,4,174
Japan,315,Grandfather clock,3,174
United States,315,Grandfather clock,9,174
France,302,Recliners,3,175
Great Britain,309,Beds,4,175
Korea,309,Beds,9,175
China,310,Ladders,3,175
Ireland,311,Ottoman,3,175
Iran,313,Cupboard,2,175
China,302,Recliners,8,176
Brazil,306,Bookcase,5,176
United States,307,Dresser,3,176
Ireland,308,Chest,10,176
Russia,308,Chest,5,176
United States,314,Cradle,1,176
France,300,Chairs,1,177
France,301,Couches,10,177
Great Britain,301,Couches,10,177
Ireland,304,Cabinets,8,177
Great Britain,310,Ladders,4,177
Ukraine,310,Ladders,3,177
Australia,315,Grandfather clock,2,177
China,301,Couches,4,178
Ireland,301,Couches,2,178
Japan,304,Cabinets,1,178
France,305,Clocks,2,178
Brazil,306,Bookcase,1,178
Korea,306,Bookcase,3,178
Mexico,306,Bookcase,4,178
Germany,309,Beds,2,178
Mexico,309,Beds,4,178
China,310,Ladders,7,178
United States,310,Ladders,14,178
Brazil,315,Grandfather clock,1,178
China,316,Shelves,3,178
Iran,302,Recliners,6,179
France,307,Dresser,4,179
Brazil,308,Chest,7,179
Ukraine,315,Grandfather clock,10,179
India,316,Shelves,1,179
United States,316,Shelves,8,179
Mexico,303,Tables,9,182
India,304,Cabinets,5,182
Korea,304,Cabinets,10,182
Germany,305,Clocks,3,182
Australia,307,Dresser,5,182
Russia,307,Dresser,10,182
China,308,Chest,9,182
Russia,308,Chest,1,182
Mexico,309,Beds,9,182
Korea,312,Stool,3,182
Ireland,302,Recliners,10,183
Japan,302,Recliners,4,183
Russia,303,Tables,8,183
Ireland,307,Dresser,6,183
Germany,308,Chest,3,183
Ukraine,308,Chest,3,183
Japan,309,Beds,6,183
Iran,315,Grandfather clock,3,183
Mexico,300,Chairs,5,184
Ireland,302,Recliners,9,184
India,310,Ladders,4,184
Ireland,310,Ladders,10,184
Brazil,300,Chairs,8,185
United States,300,Chairs,1,185
India,308,Chest,12,185
Iran,308,Chest,1,185
Ireland,308,Chest,5,185
China,312,Stool,1,185
United States,314,Cradle,10,185
Brazil,316,Shelves,4,185
Germany,301,Couches,1,186
Brazil,302,Recliners,2,186
Russia,302,Recliners,2,186
Ukraine,304,Cabinets,9,186
Brazil,306,Bookcase,4,186
China,306,Bookcase,3,186
Australia,309,Beds,4,186
Australia,311,Ottoman,5,186
Russia,314,Cradle,10,186
France,316,Shelves,6,186
Ireland,300,Chairs,3,187
Korea,302,Recliners,7,187
Germany,303,Tables,1,187
Russia,303,Tables,3,187
Korea,304,Cabinets,1,187
Australia,306,Bookcase,8,187
Korea,307,Dresser,8,187
Japan,308,Chest,4,187
Mexico,310,Ladders,4,187
Ukraine,310,Ladders,2,187
Russia,311,Ottoman,4,187
United States,313,Cupboard,1,187
Ukraine,314,Cradle,1,187
Ireland,315,Grandfather clock,4,187
United States,301,Couches,9,188
Australia,303,Tables,1,188
France,303,Tables,10,188
India,303,Tables,5,188
Russia,303,Tables,4,188
United States,303,Tables,9,188
France,307,Dresser,5,188
Korea,313,Cupboard,7,188
Brazil,315,Grandfather clock,6,188
Iran,302,Recliners,1,189
France,305,Clocks,2,189
Germany,306,Bookcase,2,189
Germany,307,Dresser,2,189
China,311,Ottoman,5,189
Germany,311,Ottoman,1,189
Iran,311,Ottoman,10,189
Russia,300,Chairs,9,190
United States,301,Couches,2,190
United States,302,Recliners,2,190
Japan,303,Tables,1,190
France,310,Ladders,2,190
China,311,Ottoman,2,190
Korea,312,Stool,10,190
India,314,Cradle,10,190
Ireland,315,Grandfather clock,4,190
Japan,302,Recliners,3,191
France,304,Cabinets,2,191
France,307,Dresser,4,191
United States,307,Dresser,2,191
Germany,310,Ladders,5,191
United States,313,Cupboard,2,191
Australia,315,Grandfather clock,3,191
Korea,315,Grandfather clock,9,191
France,301,Couches,4,192
United States,301,Couches,4,192
Ukraine,303,Tables,3,192
Korea,305,Clocks,2,192
Mexico,308,Chest,8,192
China,309,Beds,2,192
France,313,Cupboard,8,192
Japan,313,Cupboard,6,192
Japan,302,Recliners,6,193
United States,304,Cabinets,3,193
France,305,Clocks,6,193
Iran,305,Clocks,10,193
Germany,306,Bookcase,3,193
India,306,Bookcase,5,193
United States,308,Chest,2,193
Germany,309,Beds,9,193
Japan,309,Beds,9,193
China,311,Ottoman,10,193
Iran,311,Ottoman,10,193
Russia,313,Cupboard,2,193
Ireland,315,Grandfather clock,1,193
Brazil,300,Chairs,2,194
France,304,Cabinets,6,194
Great Britain,306,Bookcase,6,194
Iran,308,Chest,9,194
Ireland,308,Chest,7,194
Great Britain,310,Ladders,5,194
Iran,311,Ottoman,9,194
Japan,311,Ottoman,1,194
Australia,301,Couches,1,195
Australia,302,Recliners,7,195
Ireland,302,Recliners,2,195
Ireland,303,Tables,9,195
Ireland,306,Bookcase,9,195
Ireland,308,Chest,9,195
Australia,311,Ottoman,1,195
Russia,311,Ottoman,7,195
France,312,Stool,3,195
United States,312,Stool,7,195
Mexico,314,Cradle,7,195
Great Britain,300,Chairs,6,196
Germany,303,Tables,6,196
Ireland,303,Tables,10,196
Great Britain,304,Cabinets,7,196
Germany,306,Bookcase,5,196
Great Britain,306,Bookcase,16,196
India,306,Bookcase,8,196
Ukraine,308,Chest,8,196
Germany,309,Beds,6,196
Korea,313,Cupboard,10,196
Great Britain,314,Cradle,7,196
Australia,316,Shelves,6,196
Brazil,301,Couches,5,197
China,304,Cabinets,3,197
China,306,Bookcase,5,197
United States,306,Bookcase,9,197
Germany,309,Beds,6,197
Brazil,310,Ladders,7,197
Mexico,312,Stool,6,197
United States,313,Cupboard,1,197
Germany,314,Cradle,6,197
Great Britain,314,Cradle,5,197
Mexico,314,Cradle,1,197
Great Britain,315,Grandfather clock,5,197
Korea,316,Shelves,1,197
France,301,Couches,6,198
Brazil,305,Clocks,5,198
Ireland,306,Bookcase,4,198
Ukraine,308,Chest,6,198
Japan,313,Cupboard,1,198
Australia,314,Cradle,7,198
Great Britain,314,Cradle,10,198
Germany,303,Tables,6,199
France,305,Clocks,1,199
Australia,307,Dresser,7,199
Iran,308,Chest,9,199
France,309,Beds,1,199
Japan,309,Beds,4,199
United States,309,Beds,4,199
Iran,310,Ladders,10,199
Germany,313,Cupboard,3,199
Russia,313,Cupboard,10,199
United States,314,Cradle,8,199
Australia,315,Grandfather clock,8,199
Mexico,315,Grandfather clock,5,199
Brazil,316,Shelves,8,199
Mexico,316,Shelves,3,199
China,300,Chairs,5,200
France,300,Chairs,4,200
Germany,301,Couches,9,200
Korea,302,Recliners,1,200
Brazil,304,Cabinets,6,200
Mexico,304,Cabinets,2,200
India,307,Dresser,1,200
Ireland,309,Beds,4,200
Russia,309,Beds,6,200
Mexico,312,Stool,2,200
Mexico,314,Cradle,9,200
France,315,Grandfather clock,9,200
Japan,315,Grandfather clock,7,200
Mexico,300,Chairs,3,201
United States,300,Chairs,18,201
United States,301,Couches,7,201
France,308,Chest,1,201
Ireland,310,Ladders,1,201
Russia,310,Ladders,7,201
Mexico,311,Ottoman,4,201
Ukraine,311,Ottoman,1,201
Ukraine,312,Stool,1,201
France,315,Grandfather clock,6,201
Japan,315,Grandfather clock,9,201
Ukraine,315,Grandfather clock,10,201
Australia,316,Shelves,5,201
Japan,306,Bookcase,9,202
Mexico,313,Cupboard,10,202
United States,314,Cradle,10,202
China,315,Grandfather clock,8,202
Brazil,300,Chairs,9,203
Great Britain,300,Chairs,3,203
Ukraine,300,Chairs,7,203
Russia,301,Couches,5,203
India,302,Recliners,9,203
Russia,302,Recliners,3,203
India,303,Tables,5,203
Australia,307,Dresser,4,203
Ukraine,314,Cradle,2,203
Mexico,316,Shelves,5,203
India,301,Couches,10,204
Korea,301,Couches,6,204
China,302,Recliners,10,204
Iran,304,Cabinets,2,204
China,307,Dresser,5,204
Korea,307,Dresser,6,204
Iran,308,Chest,2,204
Mexico,311,Ottoman,2,204
Korea,312,Stool,3,204
Australia,301,Couches,7,205
Korea,302,Recliners,9,205
Iran,304,Cabinets,10,205
Ukraine,308,Chest,4,205
Mexico,309,Beds,9,205
China,314,Cradle,9,205
France,314,Cradle,1,205
Ireland,314,Cradle,3,205
Korea,315,Grandfather clock,9,205
Mexico,315,Grandfather clock,9,205
Korea,300,Chairs,10,206
China,301,Couches,6,206
India,302,Recliners,8,206
Australia,306,Bookcase,10,206
Great Britain,312,Stool,6,206
Germany,313,Cupboard,1,206
Ireland,313,Cupboard,9,206
Mexico,314,Cradle,2,206
Ukraine,314,Cradle,10,206
United States,302,Recliners,11,207
Mexico,303,Tables,2,207
France,305,Clocks,10,207
United States,306,Bookcase,5,207
United States,307,Dresser,10,207
India,311,Ottoman,4,207
Australia,314,Cradle,9,207
Great Britain,314,Cradle,4,207
Great Britain,315,Grandfather clock,3,207
Ukraine,316,Shelves,2,207
India,301,Couches,5,208
Iran,303,Tables,10,208
Japan,304,Cabinets,10,208
Iran,305,Clocks,4,208
Iran,309,Beds,10,208
India,310,Ladders,4,208
Iran,311,Ottoman,8,208
Japan,311,Ottoman,2,208
Russia,311,Ottoman,3,208
China,313,Cupboard,4,208
Great Britain,313,Cupboard,3,208
China,315,Grandfather clock,4,208
Iran,315,Grandfather clock,1,208
Australia,301,Couches,8,209
Mexico,301,Couches,7,209
China,306,Bookcase,4,209
Japan,306,Bookcase,8,209
France,311,Ottoman,9,209
Great Britain,313,Cupboard,9,209
Russia,313,Cupboard,5,209
Korea,300,Chairs,8,213
Brazil,301,Couches,5,213
France,301,Couches,3,213
Australia,302,Recliners,3,213
India,304,Cabinets,1,213
Iran,313,Cupboard,8,213
India,300,Chairs,3,214
Korea,304,Cabinets,3,214
United States,307,Dresser,3,214
Australia,312,Stool,6,214
Ireland,302,Recliners,1,215
Australia,306,Bookcase,1,215
Brazil,313,Cupboard,2,215
Mexico,308,Chest,5,216
India,301,Couches,5,217
Germany,304,Cabinets,3,217
Mexico,306,Bookcase,5,217
Australia,307,Dresser,7,217
India,309,Beds,7,217
Japan,304,Cabinets,5,218
Japan,313,Cupboard,1,218
Great Britain,304,Cabinets,8,219
Great Britain,308,Chest,1,219
Ukraine,300,Chairs,10,220
Great Britain,302,Recliners,5,220
Korea,308,Chest,7,220
Mexico,309,Beds,5,220
India,312,Stool,9,220
Korea,313,Cupboard,1,220
Mexico,315,Grandfather clock,9,220
Brazil,301,Couches,5,221
United States,308,Chest,6,221
Brazil,312,Stool,9,221
France,314,Cradle,6,221
Germany,300,Chairs,5,222
Brazil,306,Bookcase,4,222
Korea,308,Chest,10,222
France,312,Stool,1,222
Japan,308,Chest,2,223
Ireland,310,Ladders,8,223
Japan,302,Recliners,10,224
Ukraine,311,Ottoman,3,224
France,315,Grandfather clock,7,224
Ukraine,315,Grandfather clock,10,224
Japan,316,Shelves,1,224
China,300,Chairs,2,225
Germany,301,Couches,2,225
Ukraine,301,Couches,3,225
Iran,303,Tables,10,225
Iran,311,Ottoman,3,225
Ukraine,300,Chairs,5,226
Mexico,301,Couches,9,226
Mexico,306,Bookcase,6,227
Mexico,300,Chairs,7,228
China,303,Tables,3,228
United States,303,Tables,9,228
Germany,313,Cupboard,7,228
Great Britain,314,Cradle,9,228
France,302,Recliners,5,229
Australia,303,Tables,8,229
Brazil,311,Ottoman,10,229
Ukraine,311,Ottoman,8,229
Great Britain,305,Clocks,10,230
Japan,316,Shelves,8,230
Iran,305,Clocks,1,231
Great Britain,307,Dresser,10,231
France,301,Couches,10,232
United States,312,Stool,7,232
Australia,305,Clocks,9,233
Germany,306,Bookcase,2,233
Japan,314,Cradle,10,233
United States,302,Recliners,5,234
France,309,Beds,8,234
Brazil,314,Cradle,8,234
Mexico,314,Cradle,1,234
Mexico,315,Grandfather clock,1,234
Korea,300,Chairs,8,235
Ukraine,300,Chairs,6,235
Brazil,305,Clocks,2,235
France,309,Beds,4,235
Russia,309,Beds,5,235
Mexico,311,Ottoman,10,235
Mexico,314,Cradle,1,235
Ireland,316,Shelves,1,235
Australia,300,Chairs,5,236
United States,309,Beds,1,236
France,310,Ladders,4,236
Russia,310,Ladders,1,236
Iran,306,Bookcase,1,237
Korea,309,Beds,6,237
Ireland,311,Ottoman,7,237
Korea,311,Ottoman,6,237
United States,313,Cupboard,10,237
Korea,300,Chairs,4,238
Australia,301,Couches,4,238
China,304,Cabinets,1,238
Ireland,305,Clocks,6,238
Mexico,305,Clocks,3,238
United States,316,Shelves,4,238
Australia,305,Clocks,3,239
Australia,306,Bookcase,9,239
Ukraine,313,Cupboard,1,239
France,316,Shelves,2,239
India,300,Chairs,9,240
India,301,Couches,8,240
Iran,302,Recliners,4,240
Australia,303,Tables,7,240
India,305,Clocks,9,240
Great Britain,310,Ladders,9,240
France,312,Stool,9,240
Korea,300,Chairs,7,244
Ireland,301,Couches,4,244
France,305,Clocks,6,244
Australia,310,Ladders,3,244
Japan,310,Ladders,8,244
Australia,311,Ottoman,10,244
Japan,312,Stool,7,244
Brazil,310,Ladders,1,245
Ukraine,310,Ladders,8,245
Mexico,313,Cupboard,1,245
Germany,315,Grandfather clock,7,245
Ireland,305,Clocks,8,246
Ukraine,306,Bookcase,7,246
France,310,Ladders,4,246
France,316,Shelves,9,246
China,303,Tables,8,247
Iran,305,Clocks,4,247
Iran,307,Dresser,10,247
France,312,Stool,6,247
Ukraine,303,Tables,7,248
Brazil,305,Clocks,9,248
Iran,305,Clocks,6,248
Iran,306,Bookcase,10,248
United States,306,Bookcase,10,248
China,311,Ottoman,4,248
Iran,312,Stool,2,248
Korea,302,Recliners,10,249
Japan,306,Bookcase,5,249
India,307,Dresser,5,249
United States,308,Chest,10,249
Japan,312,Stool,5,249
Iran,313,Cupboard,1,249
Ireland,313,Cupboard,1,249
Korea,314,Cradle,10,249
Iran,315,Grandfather clock,3,249
India,307,Dresser,7,250
Mexico,307,Dresser,3,250
Ireland,308,Chest,9,250
Mexico,300,Chairs,10,251
United States,300,Chairs,1,251
Ukraine,301,Couches,3,251
Brazil,303,Tables,3,251
Great Britain,303,Tables,10,251
India,306,Bookcase,6,251
Japan,302,Recliners,6,252
Korea,302,Recliners,10,252
United States,305,Clocks,10,252
Russia,302,Recliners,9,253
Germany,304,Cabinets,1,253
Brazil,310,Ladders,3,253
China,310,Ladders,2,253
India,312,Stool,6,253
Ireland,313,Cupboard,4,253
Japan,316,Shelves,1,253
China,305,Clocks,7,254
China,301,Couches,14,255
Ukraine,301,Couches,2,255
Japan,311,Ottoman,1,255
Japan,303,Tables,2,256
Iran,310,Ladders,8,256
United States,316,Shelves,5,256
Korea,303,Tables,3,257
Mexico,303,Tables,4,257
Great Britain,308,Chest,7,257
India,310,Ladders,4,257
Great Britain,301,Couches,3,258
Mexico,306,Bookcase,10,258
France,307,Dresser,3,258
Mexico,309,Beds,8,258
Brazil,310,Ladders,6,258
Australia,315,Grandfather clock,5,258
China,302,Recliners,6,259
France,304,Cabinets,3,259
Korea,314,Cradle,3,259
Ireland,316,Shelves,6,259
Germany,301,Couches,4,260
India,303,Tables,9,260
Ukraine,304,Cabinets,4,260
Mexico,308,Chest,7,260
Russia,310,Ladders,5,260
Australia,300,Chairs,7,261
Russia,302,Recliners,8,261
Ukraine,304,Cabinets,6,261
India,307,Dresser,7,261
Russia,310,Ladders,3,261
Brazil,311,Ottoman,8,261
Australia,316,Shelves,9,261
Brazil,303,Tables,9,262
Australia,305,Clocks,3,262
Iran,306,Bookcase,4,262
United States,306,Bookcase,8,262
Japan,311,Ottoman,2,262
France,312,Stool,5,262
China,304,Cabinets,4,263
Ireland,305,Clocks,3,263
Australia,307,Dresser,8,263
Brazil,312,Stool,4,263
Ukraine,312,Stool,5,263
Germany,309,Beds,10,264
Japan,309,Beds,4,264
Russia,309,Beds,6,264
Brazil,313,Cupboard,1,264
Germany,301,Couches,6,265
Russia,303,Tables,10,266
Brazil,314,Cradle,5,266
Iran,314,Cradle,2,266
Brazil,300,Chairs,1,267
France,314,Cradle,2,267
China,301,Couches,6,268
Russia,312,Stool,10,268
India,314,Cradle,1,268
Australia,316,Shelves,8,268
Great Britain,302,Recliners,4,269
Ireland,305,Clocks,1,269
Ireland,306,Bookcase,4,269
Russia,307,Dresser,8,269
Germany,308,Chest,9,269
Ukraine,312,Stool,6,269
Russia,307,Dresser,4,270
Japan,309,Beds,10,270
Japan,311,Ottoman,3,270
Mexico,314,Cradle,10,270
United States,314,Cradle,5,270
Russia,316,Shelves,9,270
Iran,302,Recliners,6,271
China,310,Ladders,2,271
Japan,313,Cupboard,7,271
Mexico,313,Cupboard,10,271
Iran,314,Cradle,7,271
China,315,Grandfather clock,2,271
Germany,300,Chairs,7,274
Ukraine,302,Recliners,5,274
Ireland,304,Cabinets,9,274
Ukraine,304,Cabinets,4,274
Mexico,305,Clocks,7,274
France,306,Bookcase,7,274
Brazil,310,Ladders,6,274
China,310,Ladders,5,274
France,311,Ottoman,7,274
Korea,315,Grandfather clock,10,274
Korea,316,Shelves,2,274
Ukraine,316,Shelves,5,274
India,300,Chairs,9,275
United States,300,Chairs,8,275
Russia,303,Tables,9,275
United States,303,Tables,3,275
Russia,304,Cabinets,10,275
Great Britain,305,Clocks,3,275
Iran,305,Clocks,9,275
Japan,305,Clocks,10,275
Korea,306,Bookcase,13,275
China,308,Chest,7,275
Mexico,311,Ottoman,4,275
Germany,312,Stool,9,275
China,313,Cupboard,7,275
India,315,Grandfather clock,2,275
United States,300,Chairs,7,276
Mexico,303,Tables,7,276
China,304,Cabinets,1,276
China,305,Clocks,4,276
United States,305,Clocks,5,276
Germany,309,Beds,7,276
France,311,Ottoman,1,276
Great Britain,311,Ottoman,6,276
Ireland,312,Stool,6,276
Great Britain,313,Cupboard,4,276
Japan,313,Cupboard,2,276
Australia,314,Cradle,1,276
United States,315,Grandfather clock,9,276
India,316,Shelves,3,276
Ireland,316,Shelves,6,276
Ukraine,316,Shelves,7,276
Great Britain,300,Chairs,6,277
Ireland,300,Chairs,2,277
Germany,301,Couches,10,277
Korea,302,Recliners,10,277
Ukraine,302,Recliners,3,277
Australia,304,Cabinets,8,277
India,304,Cabinets,1,277
Korea,307,Dresser,2,277
France,308,Chest,8,277
Great Britain,309,Beds,9,277
China,310,Ladders,3,277
India,310,Ladders,9,277
Iran,310,Ladders,2,277
India,313,Cupboard,1,277
Korea,315,Grandfather clock,3,277
Iran,309,Beds,7,278
China,310,Ladders,3,278
India,310,Ladders,6,278
United States,311,Ottoman,9,278
Brazil,312,Stool,5,278
Ukraine,314,Cradle,5,278
France,315,Grandfather clock,6,278
Mexico,315,Grandfather clock,3,278
Germany,300,Chairs,6,279
United States,301,Couches,6,279
Great Britain,305,Clocks,4,279
Japan,305,Clocks,8,279
Russia,305,Clocks,9,279
China,306,Bookcase,6,279
Ireland,306,Bookcase,1,279
Ireland,307,Dresser,6,279
United States,313,Cupboard,9,279
China,316,Shelves,6,279
France,300,Chairs,5,280
Russia,300,Chairs,6,280
Great Britain,302,Recliners,8,280
Ireland,303,Tables,5,280
China,305,Clocks,5,280
Iran,307,Dresser,5,280
United States,310,Ladders,9,280
United States,311,Ottoman,10,280
Australia,313,Cupboard,4,280
Russia,313,Cupboard,6,280
Ukraine,313,Cupboard,8,280
Russia,314,Cradle,9,280
France,315,Grandfather clock,2,280
Germany,315,Grandfather clock,18,280
Great Britain,316,Shelves,3,280
Iran,316,Shelves,10,280
Ukraine,316,Shelves,7,280
Russia,301,Couches,3,281
India,304,Cabinets,4,281
Great Britain,305,Clocks,2,281
Russia,306,Bookcase,2,281
Brazil,307,Dresser,8,281
India,309,Beds,1,281
India,314,Cradle,2,281
Ireland,315,Grandfather clock,2,281
Brazil,301,Couches,7,282
Great Britain,303,Tables,8,282
Iran,303,Tables,10,282
Ireland,305,Clocks,7,282
Korea,306,Bookcase,7,282
Germany,307,Dresser,3,282
Brazil,309,Beds,9,282
Mexico,309,Beds,5,282
Iran,310,Ladders,6,282
Great Britain,311,Ottoman,7,282
India,312,Stool,1,282
Germany,313,Cupboard,1,282
Ukraine,315,Grandfather clock,4,282
Ukraine,316,Shelves,9,282
China,301,Couches,2,283
Germany,302,Recliners,2,283
Australia,303,Tables,5,283
Korea,303,Tables,1,283
Australia,304,Cabinets,9,283
United States,305,Clocks,2,283
Russia,307,Dresser,4,283
China,309,Beds,2,283
India,311,Ottoman,5,283
United States,311,Ottoman,3,283
Russia,313,Cupboard,10,283
Australia,315,Grandfather clock,18,283
Australia,316,Shelves,5,283
France,316,Shelves,9,283
Ukraine,301,Couches,6,284
Australia,302,Recliners,6,284
Brazil,303,Tables,5,284
France,304,Cabinets,8,284
Australia,308,Chest,3,284
India,310,Ladders,4,284
Iran,312,Stool,5,284
India,314,Cradle,3,284
Iran,314,Cradle,8,284
United States,314,Cradle,9,284
Australia,315,Grandfather clock,6,284
Iran,315,Grandfather clock,8,284
Australia,300,Chairs,4,285
China,300,Chairs,3,285
Korea,300,Chairs,4,285
Australia,303,Tables,4,285
Brazil,304,Cabinets,3,285
Great Britain,304,Cabinets,1,285
China,306,Bookcase,10,285
Germany,306,Bookcase,5,285
United States,307,Dresser,2,285
India,310,Ladders,4,285
Germany,312,Stool,6,285
Great Britain,312,Stool,10,285
Germany,315,Grandfather clock,6,285
Russia,316,Shelves,8,285
Ireland,300,Chairs,1,286
France,301,Couches,6,286
China,304,Cabinets,1,286
Brazil,305,Clocks,5,286
United States,305,Clocks,2,286
Ukraine,306,Bookcase,8,286
Brazil,307,Dresser,8,286
Japan,307,Dresser,1,286
China,312,Stool,4,286
Germany,312,Stool,6,286
Ukraine,312,Stool,7,286
Ireland,314,Cradle,9,286
Mexico,314,Cradle,10,286
Great Britain,315,Grandfather clock,3,286
Australia,300,Chairs,5,287
Brazil,300,Chairs,1,287
Russia,300,Chairs,4,287
Ukraine,302,Recliners,8,287
Ukraine,304,Cabinets,5,287
China,310,Ladders,3,287
Brazil,311,Ottoman,1,287
Russia,311,Ottoman,10,287
Ukraine,313,Cupboard,2,287
United States,314,Cradle,4,287
France,315,Grandfather clock,4,287
Ukraine,315,Grandfather clock,2,287
Ukraine,316,Shelves,2,287
Australia,301,Couches,8,288
France,301,Couches,6,288
Russia,305,Clocks,4,288
Japan,306,Bookcase,6,288
Australia,307,Dresser,4,288
Brazil,307,Dresser,7,288
France,307,Dresser,6,288
Japan,310,Ladders,2,288
Brazil,311,Ottoman,4,288
Brazil,314,Cradle,4,288
France,314,Cradle,3,288
India,314,Cradle,7,288
Germany,316,Shelves,2,288
Iran,316,Shelves,3,288
Ireland,300,Chairs,6,289
Germany,303,Tables,1,289
Brazil,304,Cabinets,1,289
Germany,306,Bookcase,7,289
Ireland,306,Bookcase,6,289
Russia,306,Bookcase,6,289
Brazil,307,Dresser,5,289
Great Britain,309,Beds,9,289
Korea,310,Ladders,9,289
Mexico,310,Ladders,9,289
Brazil,311,Ottoman,10,289
Germany,311,Ottoman,9,289
Japan,311,Ottoman,8,289
Ukraine,311,Ottoman,8,289
Mexico,312,Stool,2,289
Great Britain,313,Cupboard,9,289
Great Britain,316,Shelves,6,289
India,300,Chairs,6,290
China,304,Cabinets,7,290
Ukraine,304,Cabinets,10,290
Germany,305,Clocks,7,290
United States,305,Clocks,7,290
Brazil,306,Bookcase,10,290
United States,306,Bookcase,9,290
Ireland,312,Stool,16,290
Ukraine,312,Stool,14,290
United States,312,Stool,8,290
China,313,Cupboard,4,290
Great Britain,313,Cupboard,4,290
China,315,Grandfather clock,10,290
Australia,316,Shelves,14,290
United States,300,Chairs,1,291
Brazil,301,Couches,5,291
Ukraine,302,Recliners,5,291
United States,303,Tables,2,291
Australia,305,Clocks,1,291
China,306,Bookcase,5,291
France,306,Bookcase,10,291
Russia,306,Bookcase,10,291
China,309,Beds,5,291
Mexico,310,Ladders,2,291
Iran,312,Stool,7,291
Japan,312,Stool,13,291
Australia,314,Cradle,1,291
Iran,314,Cradle,9,291
Japan,315,Grandfather clock,9,291
Korea,316,Shelves,2,291
Germany,300,Chairs,4,292
Great Britain,300,Chairs,3,292
Ukraine,300,Chairs,5,292
Mexico,303,Tables,5,292
India,304,Cabinets,4,292
India,307,Dresser,1,292
India,309,Beds,9,292
Australia,310,Ladders,5,292
Brazil,312,Stool,8,292
Germany,312,Stool,6,292
Iran,314,Cradle,1,292
Mexico,300,Chairs,8,293
France,303,Tables,1,293
Brazil,304,Cabinets,4,293
Russia,305,Clocks,10,293
France,309,Beds,9,293
Australia,311,Ottoman,4,293
Australia,315,Grandfather clock,4,293
France,316,Shelves,3,293
Japan,316,Shelves,10,293
India,300,Chairs,9,294
United States,300,Chairs,5,294
Korea,301,Couches,5,294
China,305,Clocks,9,294
Korea,306,Bookcase,2,294
Brazil,311,Ottoman,7,294
Japan,311,Ottoman,6,294
Korea,311,Ottoman,5,294
Ireland,313,Cupboard,10,294
Mexico,313,Cupboard,3,294
Japan,316,Shelves,7,294
China,300,Chairs,7,295
Korea,302,Recliners,9,295
India,304,Cabinets,7,295
Russia,304,Cabinets,1,295
Ukraine,305,Clocks,5,295
China,307,Dresser,2,295
France,307,Dresser,8,295
Ireland,308,Chest,1,295
Ireland,313,Cupboard,6,295
Japan,314,Cradle,9,295
Russia,315,Grandfather clock,1,295
Iran,316,Shelves,7,295
India,300,Chairs,9,296
Ireland,301,Couches,1,296
United States,307,Dresser,2,296
Ukraine,309,Beds,1,296
China,310,Ladders,3,296
Australia,311,Ottoman,9,296
United States,312,Stool,7,296
Germany,315,Grandfather clock,5,296
India,315,Grandfather clock,6,296
Great Britain,316,Shelves,8,296
Brazil,301,Couches,2,297
Russia,301,Couches,2,297
Iran,304,Cabinets,8,297
United States,305,Clocks,2,297
France,307,Dresser,7,297
Ukraine,307,Dresser,8,297
Brazil,310,Ladders,1,297
China,310,Ladders,2,297
Ukraine,311,Ottoman,7,297
Australia,313,Cupboard,6,297
Germany,313,Cupboard,9,297
Great Britain,313,Cupboard,10,297
India,313,Cupboard,10,297
Brazil,314,Cradle,2,297
Great Britain,314,Cradle,3,297
India,316,Shelves,10,297
Ireland,316,Shelves,10,297
Russia,316,Shelves,8,297
Ireland,300,Chairs,8,298
United States,301,Couches,5,298
Ireland,302,Recliners,6,298
Germany,303,Tables,5,298
Korea,303,Tables,3,298
Great Britain,305,Clocks,3,298
Germany,306,Bookcase,6,298
Germany,307,Dresser,5,298
Russia,308,Chest,6,298
Germany,309,Beds,9,298
Great Britain,309,Beds,9,298
United States,311,Ottoman,5,298
Germany,312,Stool,5,298
Korea,315,Grandfather clock,2,298
Russia,316,Shelves,8,298
Ukraine,300,Chairs,7,299
Russia,302,Recliners,2,299
Germany,303,Tables,7,299
United States,303,Tables,9,299
Australia,305,Clocks,7,299
Iran,305,Clocks,6,299
Mexico,305,Clocks,1,299
China,306,Bookcase,7,299
Australia,308,Chest,5,299
Ireland,308,Chest,3,299
Brazil,309,Beds,4,299
Iran,309,Beds,3,299
Brazil,311,Ottoman,4,299
Korea,311,Ottoman,10,299
Mexico,311,Ottoman,4,299
Great Britain,313,Cupboard,10,299
Great Britain,315,Grandfather clock,2,299
France,316,Shelves,10,299
Iran,316,Shelves,10,299
Ireland,316,Shelves,3,299
Ireland,300,Chairs,4,300
Ukraine,301,Couches,2,300
Ukraine,302,Recliners,4,300
Japan,304,Cabinets,1,300
China,305,Clocks,7,300
Great Britain,305,Clocks,8,300
United States,310,Ladders,10,300
India,311,Ottoman,7,300
Germany,312,Stool,8,300
Mexico,313,Cupboard,9,300
Japan,314,Cradle,3,300
India,315,Grandfather clock,2,300
Iran,316,Shelves,10,300
Australia,300,Chairs,6,301
China,301,Couches,7,301
France,302,Recliners,10,301
India,302,Recliners,4,301
France,303,Tables,10,301
Great Britain,303,Tables,9,301
Russia,304,Cabinets,7,301
Ukraine,304,Cabinets,5,301
Australia,306,Bookcase,3,301
India,306,Bookcase,5,301
United States,306,Bookcase,4,301
United States,307,Dresser,6,301
France,308,Chest,10,301
Germany,309,Beds,3,301
Japan,309,Beds,5,301
Australia,310,Ladders,3,301
China,310,Ladders,7,301
China,311,Ottoman,3,301
France,313,Cupboard,1,301
Iran,313,Cupboard,8,301
Ireland,314,Cradle,1,301
India,315,Grandfather clock,4,301
Iran,315,Grandfather clock,1,301
Russia,315,Grandfather clock,1,301
United States,300,Chairs,3,305
China,301,Couches,9,305
India,301,Couches,9,305
Iran,301,Couches,10,305
Ireland,301,Couches,2,305
Korea,301,Couches,6,305
Australia,302,Recliners,9,305
Japan,303,Tables,4,305
India,305,Clocks,9,305
Ireland,305,Clocks,10,305
Germany,306,Bookcase,6,305
Korea,306,Bookcase,8,305
Australia,307,Dresser,9,305
Germany,307,Dresser,9,305
Iran,307,Dresser,4,305
France,309,Beds,9,305
Iran,309,Beds,4,305
Mexico,309,Beds,6,305
Russia,310,Ladders,7,305
Australia,311,Ottoman,7,305
Brazil,311,Ottoman,4,305
China,311,Ottoman,12,305
Germany,311,Ottoman,4,305
Japan,312,Stool,6,305
Australia,313,Cupboard,3,305
Ireland,313,Cupboard,7,305
United States,314,Cradle,4,305
Ukraine,315,Grandfather clock,10,305
Mexico,316,Shelves,6,305
Russia,300,Chairs,10,306
Japan,301,Couches,4,306
Brazil,302,Recliners,2,306
United States,302,Recliners,7,306
Brazil,304,Cabinets,7,306
Germany,306,Bookcase,7,306
Russia,306,Bookcase,6,306
United States,308,Chest,5,306
Great Britain,311,Ottoman,7,306
India,311,Ottoman,9,306
Brazil,312,Stool,8,306
France,312,Stool,5,306
Mexico,312,Stool,7,306
Ukraine,312,Stool,3,306
Japan,313,Cupboard,6,306
Mexico,313,Cupboard,7,306
Russia,313,Cupboard,4,306
United States,313,Cupboard,11,306
Japan,314,Cradle,4,306
Ukraine,314,Cradle,5,306
United States,314,Cradle,5,306
Ukraine,315,Grandfather clock,10,306
France,316,Shelves,10,306
Australia,300,Chairs,1,307
China,300,Chairs,3,307
Australia,301,Couches,2,307
Ireland,301,Couches,3,307
Brazil,302,Recliners,10,307
China,303,Tables,3,307
Korea,303,Tables,2,307
Iran,304,Cabinets,7,307
Australia,305,Clocks,8,307
Germany,305,Clocks,8,307
Great Britain,305,Clocks,7,307
China,306,Bookcase,4,307
Ukraine,307,Dresser,6,307
United States,307,Dresser,4,307
France,308,Chest,5,307
Great Britain,308,Chest,4,307
Australia,309,Beds,8,307
Japan,309,Beds,4,307
Japan,310,Ladders,6,307
Australia,311,Ottoman,8,307
Australia,313,Cupboard,6,307
Great Britain,313,Cupboard,4,307
Ireland,314,Cradle,7,307
Russia,314,Cradle,8,307
China,300,Chairs,3,308
India,300,Chairs,1,308
China,301,Couches,3,308
France,301,Couches,9,308
Japan,301,Couches,1,308
Great Britain,303,Tables,2,308
France,306,Bookcase,7,308
India,307,Dresser,8,308
Mexico,307,Dresser,14,308
Japan,308,Chest,7,308
Russia,308,Chest,2,308
China,309,Beds,4,308
France,309,Beds,17,308
United States,309,Beds,20,308
Iran,310,Ladders,2,308
Ireland,310,Ladders,5,308
United States,310,Ladders,9,308
China,311,Ottoman,6,308
Iran,312,Stool,7,308
Japan,312,Stool,2,308
United States,312,Stool,7,308
China,313,Cupboard,6,308
Germany,313,Cupboard,6,308
Japan,314,Cradle,9,308
India,315,Grandfather clock,4,308
United States,315,Grandfather clock,2,308
United States,316,Shelves,4,308
United States,300,Chairs,1,309
Korea,302,Recliners,7,309
France,303,Tables,2,309
Iran,303,Tables,8,309
Ireland,303,Tables,1,309
Mexico,304,Cabinets,4,309
United States,304,Cabinets,2,309
Brazil,305,Clocks,3,309
France,308,Chest,2,309
Ukraine,308,Chest,2,309
France,309,Beds,1,309
Australia,310,Ladders,9,309
Iran,311,Ottoman,2,309
Australia,313,Cupboard,3,309
Ireland,313,Cupboard,6,309
Korea,314,Cradle,10,309
Mexico,314,Cradle,10,309
Ireland,316,Shelves,5,309
France,300,Chairs,8,310
Russia,300,Chairs,6,310
Brazil,302,Recliners,9,310
Great Britain,302,Recliners,3,310
United States,302,Recliners,1,310
Brazil,303,Tables,9,310
Ukraine,303,Tables,8,310
Brazil,304,Cabinets,2,310
India,304,Cabinets,6,310
China,306,Bookcase,4,310
France,306,Bookcase,10,310
Ireland,306,Bookcase,9,310
Ukraine,306,Bookcase,9,310
France,307,Dresser,3,310
United States,307,Dresser,1,310
Iran,309,Beds,4,310
Great Britain,310,Ladders,4,310
Germany,311,Ottoman,4,310
Russia,311,Ottoman,1,310
France,312,Stool,3,310
Ireland,312,Stool,10,310
Ukraine,312,Stool,6,310
Brazil,313,Cupboard,9,310
Ireland,313,Cupboard,6,310
Korea,313,Cupboard,2,310
Brazil,314,Cradle,1,310
Australia,316,Shelves,7,310
Iran,316,Shelves,7,310
Iran,301,Couches,4,311
Russia,301,Couches,7,311
Japan,305,Clocks,6,311
Russia,305,Clocks,10,311
Ukraine,305,Clocks,4,311
United States,308,Chest,3,311
China,309,Beds,7,311
United States,309,Beds,1,311
Iran,312,Stool,9,311
India,313,Cupboard,3,311
Korea,313,Cupboard,1,311
Iran,314,Cradle,7,311
United States,314,Cradle,5,311
Great Britain,316,Shelves,8,311
Ireland,316,Shelves,6,311
Australia,301,Couches,2,312
Brazil,301,Couches,8,312
Korea,301,Couches,10,312
India,302,Recliners,7,312
Korea,302,Recliners,10,312
United States,302,Recliners,8,312
Great Britain,303,Tables,6,312
Korea,305,Clocks,8,312
Brazil,307,Dresser,1,312
Russia,307,Dresser,5,312
Germany,308,Chest,9,312
Japan,308,Chest,6,312
Russia,309,Beds,6,312
Mexico,311,Ottoman,9,312
Germany,312,Stool,4,312
Mexico,312,Stool,2,312
Russia,313,Cupboard,5,312
Ukraine,314,Cradle,3,312
Australia,315,Grandfather clock,5,312
Ireland,315,Grandfather clock,4,312
Great Britain,316,Shelves,9,312
Japan,316,Shelves,2,312
Iran,300,Chairs,5,313
Russia,301,Couches,8,313
Iran,302,Recliners,9,313
Korea,302,Recliners,10,313
Russia,302,Recliners,8,313
Great Britain,303,Tables,6,313
Australia,304,Cabinets,4,313
China,305,Clocks,1,313
Japan,305,Clocks,5,313
Russia,305,Clocks,2,313
Australia,306,Bookcase,1,313
Ukraine,307,Dresser,4,313
China,312,Stool,5,313
Japan,313,Cupboard,5,313
Ukraine,313,Cupboard,5,313
Germany,314,Cradle,9,313
Great Britain,314,Cradle,6,313
Iran,315,Grandfather clock,9,313
Ireland,315,Grandfather clock,5,313
Brazil,316,Shelves,3,313
India,316,Shelves,6,313
Great Britain,300,Chairs,2,314
Ireland,301,Couches,1,314
India,303,Tables,5,314
Korea,304,Cabinets,6,314
Ukraine,304,Cabinets,6,314
Germany,305,Clocks,3,314
Japan,306,Bookcase,8,314
United States,307,Dresser,2,314
China,310,Ladders,6,314
Russia,311,Ottoman,3,314
India,312,Stool,7,314
Great Britain,314,Cradle,1,314
Ireland,314,Cradle,7,314
Germany,315,Grandfather clock,3,314
India,315,Grandfather clock,2,314
Japan,316,Shelves,1,314
Korea,316,Shelves,7,314
Mexico,301,Couches,7,315
Germany,302,Recliners,9,315
France,303,Tables,3,315
Great Britain,304,Cabinets,4,315
United States,306,Bookcase,1,315
Russia,308,Chest,10,315
Ukraine,308,Chest,7,315
Korea,309,Beds,7,315
Mexico,309,Beds,6,315
India,310,Ladders,9,315
Iran,311,Ottoman,6,315
Mexico,311,Ottoman,9,315
Germany,312,Stool,6,315
Japan,313,Cupboard,5,315
Korea,313,Cupboard,1,315
Germany,314,Cradle,6,315
Mexico,314,Cradle,6,315
China,315,Grandfather clock,4,315
United States,315,Grandfather clock,8,315
France,316,Shelves,7,315
Mexico,316,Shelves,15,315
India,300,Chairs,2,316
Australia,301,Couches,4,316
China,303,Tables,2,316
Germany,303,Tables,4,316
Australia,304,Cabinets,8,316
India,304,Cabinets,2,316
Korea,304,Cabinets,4,316
United States,307,Dresser,6,316
Japan,308,Chest,9,316
Ireland,309,Beds,8,316
Mexico,309,Beds,3,316
Germany,310,Ladders,4,316
Australia,311,Ottoman,1,316
Great Britain,312,Stool,10,316
India,312,Stool,1,316
Ireland,312,Stool,3,316
Korea,312,Stool,8,316
United States,312,Stool,7,316
Germany,313,Cupboard,6,316
Ukraine,314,Cradle,7,316
Great Britain,315,Grandfather clock,3,316
Japan,316,Shelves,2,316
Ukraine,316,Shelves,2,316
Brazil,300,Chairs,4,317
Germany,301,Couches,8,317
Great Britain,301,Couches,2,317
Japan,301,Couches,1,317
Mexico,302,Recliners,4,317
France,303,Tables,1,317
India,303,Tables,10,317
Ukraine,303,Tables,3,317
France,304,Cabinets,1,317
Japan,304,Cabinets,8,317
United States,304,Cabinets,10,317
Brazil,306,Bookcase,6,317
Korea,306,Bookcase,3,317
Brazil,307,Dresser,6,317
Iran,307,Dresser,10,317
Japan,307,Dresser,2,317
Ukraine,308,Chest,6,317
Great Britain,309,Beds,3,317
Ukraine,309,Beds,9,317
India,310,Ladders,4,317
Ukraine,310,Ladders,9,317
Mexico,311,Ottoman,5,317
Russia,311,Ottoman,4,317
Japan,312,Stool,3,317
Ukraine,312,Stool,1,317
India,313,Cupboard,7,317
Ukraine,313,Cupboard,3,317
Brazil,316,Shelves,4,317
Japan,316,Shelves,2,317
Russia,302,Recliners,8,318
Ukraine,302,Recliners,1,318
United States,302,Recliners,9,318
Iran,304,Cabinets,3,318
Russia,304,Cabinets,3,318
France,305,Clocks,7,318
United States,306,Bookcase,9,318
China,307,Dresser,8,318
Australia,308,Chest,4,318
France,309,Beds,3,318
Great Britain,309,Beds,7,318
France,310,Ladders,2,318
Korea,315,Grandfather clock,9,318
Germany,316,Shelves,1,318
Korea,300,Chairs,4,319
Great Britain,301,Couches,8,319
Japan,301,Couches,2,319
Russia,301,Couches,2,319
India,302,Recliners,6,319
Japan,302,Recliners,1,319
Korea,302,Recliners,2,319
United States,303,Tables,5,319
France,304,Cabinets,5,319
Korea,305,Clocks,9,319
Germany,306,Bookcase,6,319
Iran,306,Bookcase,10,319
Ukraine,306,Bookcase,6,319
Germany,307,Dresser,11,319
Mexico,307,Dresser,10,319
China,308,Chest,3,319
Great Britain,308,Chest,2,319
Ireland,309,Beds,8,319
Russia,310,Ladders,9,319
Germany,311,Ottoman,7,319
Great Britain,311,Ottoman,8,319
Russia,311,Ottoman,1,319
Germany,312,Stool,2,319
Mexico,312,Stool,3,319
Ukraine,312,Stool,2,319
Great Britain,313,Cupboard,6,319
Iran,313,Cupboard,9,319
Russia,313,Cupboard,4,319
Ireland,314,Cradle,3,319
Germany,315,Grandfather clock,12,319
Iran,300,Chairs,8,320
Russia,300,Chairs,2,320
Korea,301,Couches,3,320
Japan,302,Recliners,12,320
Brazil,303,Tables,2,320
Germany,305,Clocks,9,320
China,307,Dresser,1,320
United States,307,Dresser,2,320
France,308,Chest,10,320
Korea,308,Chest,4,320
Great Britain,309,Beds,10,320
Mexico,309,Beds,2,320
Russia,309,Beds,10,320
Australia,310,Ladders,8,320
United States,310,Ladders,9,320
China,311,Ottoman,1,320
Germany,311,Ottoman,9,320
Brazil,312,Stool,2,320
Germany,312,Stool,4,320
Japan,312,Stool,4,320
Mexico,312,Stool,9,320
Brazil,313,Cupboard,3,320
Germany,313,Cupboard,4,320
India,313,Cupboard,9,320
Australia,314,Cradle,10,320
Germany,314,Cradle,9,320
India,314,Cradle,4,320
France,315,Grandfather clock,4,320
Korea,315,Grandfather clock,4,320
Ukraine,315,Grandfather clock,9,320
Brazil,300,Chairs,7,321
Australia,301,Couches,3,321
Great Britain,301,Couches,10,321
Korea,301,Couches,8,321
United States,301,Couches,3,321
Germany,303,Tables,3,321
China,304,Cabinets,4,321
Iran,304,Cabinets,5,321
Ireland,305,Clocks,5,321
Korea,307,Dresser,2,321
Brazil,308,Chest,8,321
China,308,Chest,10,321
Great Britain,308,Chest,5,321
Brazil,309,Beds,8,321
Iran,309,Beds,5,321
Russia,309,Beds,3,321
Mexico,310,Ladders,2,321
Russia,310,Ladders,8,321
China,311,Ottoman,1,321
Germany,312,Stool,9,321
Russia,312,Stool,10,321
Brazil,314,Cradle,8,321
China,314,Cradle,2,321
Germany,314,Cradle,4,321
Mexico,314,Cradle,8,321
United States,315,Grandfather clock,3,321
Great Britain,316,Shelves,9,321
China,300,Chairs,2,322
China,301,Couches,5,322
Japan,301,Couches,9,322
China,302,Recliners,4,322
Ireland,302,Recliners,3,322
Ukraine,302,Recliners,7,322
Korea,304,Cabinets,7,322
Ireland,305,Clocks,5,322
Russia,306,Bookcase,3,322
Great Britain,307,Dresser,3,322
Iran,307,Dresser,2,322
Korea,310,Ladders,14,322
Russia,310,Ladders,3,322
Australia,311,Ottoman,6,322
China,311,Ottoman,2,322
Ukraine,311,Ottoman,4,322
Russia,312,Stool,1,322
Ireland,313,Cupboard,9,322
Mexico,313,Cupboard,6,322
Mexico,314,Cradle,2,322
Japan,315,Grandfather clock,10,322
Japan,316,Shelves,2,322
Russia,316,Shelves,1,322
Ireland,301,Couches,4,323
Ukraine,301,Couches,4,323
Japan,303,Tables,3,323
Japan,304,Cabinets,2,323
Ukraine,304,Cabinets,5,323
Germany,305,Clocks,8,323
India,306,Bookcase,1,323
Iran,306,Bookcase,3,323
France,307,Dresser,9,323
Brazil,309,Beds,9,323
Germany,309,Beds,5,323
Korea,309,Beds,10,323
Korea,310,Ladders,10,323
Ukraine,310,Ladders,2,323
India,312,Stool,7,323
Germany,314,Cradle,6,323
Korea,314,Cradle,8,323
Ireland,315,Grandfather clock,1,323
China,316,Shelves,9,323
India,300,Chairs,7,324
Korea,300,Chairs,10,324
United States,301,Couches,10,324
Great Britain,303,Tables,8,324
Russia,304,Cabinets,7,324
United States,304,Cabinets,10,324
Australia,305,Clocks,3,324
Brazil,305,Clocks,9,324
Ireland,305,Clocks,4,324
Japan,305,Clocks,18,324
France,308,Chest,5,324
Great Britain,309,Beds,2,324
Germany,310,Ladders,5,324
Japan,310,Ladders,8,324
Ukraine,310,Ladders,4,324
China,312,Stool,7,324
France,313,Cupboard,4,324
Russia,314,Cradle,8,324
China,300,Chairs,8,325
Iran,300,Chairs,9,325
Russia,300,Chairs,3,325
United States,300,Chairs,4,325
United States,302,Recliners,8,325
Brazil,303,Tables,9,325
China,303,Tables,7,325
Ukraine,303,Tables,3,325
Great Britain,304,Cabinets,6,325
Russia,305,Clocks,7,325
United States,305,Clocks,10,325
Japan,306,Bookcase,4,325
Japan,307,Dresser,5,325
Australia,308,Chest,1,325
Russia,308,Chest,7,325
Iran,309,Beds,5,325
France,311,Ottoman,5,325
India,311,Ottoman,10,325
Iran,311,Ottoman,2,325
China,312,Stool,5,325
Germany,312,Stool,2,325
Great Britain,312,Stool,5,325
Korea,312,Stool,10,325
United States,312,Stool,7,325
Korea,315,Grandfather clock,8,325
Russia,315,Grandfather clock,3,325
China,316,Shelves,4,325
Korea,316,Shelves,3,325
Brazil,300,Chairs,9,326
Brazil,301,Couches,1,326
France,301,Couches,10,326
Ukraine,301,Couches,4,326
Japan,303,Tables,5,326
Russia,303,Tables,1,326
Mexico,304,Cabinets,5,326
Ukraine,304,Cabinets,6,326
United States,306,Bookcase,4,326
Iran,309,Beds,10,326
Germany,311,Ottoman,6,326
Mexico,312,Stool,2,326
China,313,Cupboard,10,326
Japan,313,Cupboard,7,326
France,314,Cradle,2,326
Iran,314,Cradle,8,326
Japan,315,Grandfather clock,8,326
Russia,315,Grandfather clock,8,326
Australia,300,Chairs,4,327
Brazil,300,Chairs,4,327
India,300,Chairs,3,327
Iran,300,Chairs,3,327
Brazil,301,Couches,7,327
Great Britain,301,Couches,6,327
France,303,Tables,10,327
Great Britain,303,Tables,2,327
Korea,303,Tables,8,327
Russia,303,Tables,1,327
China,304,Cabinets,17,327
Mexico,304,Cabinets,4,327
Korea,305,Clocks,7,327
United States,305,Clocks,5,327
France,306,Bookcase,6,327
Japan,306,Bookcase,3,327
United States,306,Bookcase,9,327
Brazil,307,Dresser,4,327
India,307,Dresser,1,327
Ireland,307,Dresser,9,327
Ukraine,307,Dresser,8,327
Korea,308,Chest,1,327
France,309,Beds,3,327
Iran,309,Beds,3,327
United States,309,Beds,4,327
Brazil,310,Ladders,3,327
Australia,311,Ottoman,7,327
Russia,314,Cradle,5,327
United States,315,Grandfather clock,4,327
France,300,Chairs,4,328
India,300,Chairs,5,328
Korea,300,Chairs,8,328
Ukraine,300,Chairs,10,328
France,301,Couches,7,328
Korea,301,Couches,9,328
Japan,302,Recliners,9,328
Korea,303,Tables,7,328
India,304,Cabinets,7,328
Brazil,305,Clocks,4,328
Russia,305,Clocks,9,328
France,306,Bookcase,9,328
Korea,306,Bookcase,7,328
Brazil,307,Dresser,10,328
Russia,307,Dresser,5,328
Russia,308,Chest,8,328
China,310,Ladders,10,328
Ireland,310,Ladders,5,328
Korea,310,Ladders,9,328
Iran,311,Ottoman,1,328
Ukraine,311,Ottoman,3,328
Australia,312,Stool,5,328
China,313,Cupboard,6,328
Ireland,315,Grandfather clock,5,328
Great Britain,316,Shelves,6,328
Iran,316,Shelves,8,328
Japan,300,Chairs,6,329
Korea,300,Chairs,10,329
Ireland,301,Couches,5,329
China,302,Recliners,6,329
Korea,302,Recliners,7,329
Ukraine,302,Recliners,7,329
Iran,303,Tables,1,329
Russia,303,Tables,8,329
Brazil,304,Cabinets,10,329
France,304,Cabinets,10,329
Great Britain,304,Cabinets,5,329
Australia,307,Dresser,3,329
Germany,307,Dresser,9,329
Iran,307,Dresser,8,329
Great Britain,308,Chest,8,329
Australia,309,Beds,9,329
Japan,309,Beds,9,329
Great Britain,311,Ottoman,3,329
Korea,311,Ottoman,9,329
France,312,Stool,2,329
Korea,312,Stool,9,329
China,313,Cupboard,4,329
Russia,313,Cupboard,16,329
United States,313,Cupboard,4,329
Iran,315,Grandfather clock,6,329
Mexico,315,Grandfather clock,6,329
Great Britain,316,Shelves,10,329
Great Britain,300,Chairs,6,330
Korea,300,Chairs,4,330
Mexico,300,Chairs,20,330
Ukraine,300,Chairs,8,330
Australia,301,Couches,1,330
Germany,301,Couches,4,330
Ukraine,301,Couches,3,330
Korea,302,Recliners,8,330
Korea,303,Tables,8,330
Australia,304,Cabinets,5,330
Australia,305,Clocks,10,330
Mexico,305,Clocks,8,330
Germany,307,Dresser,4,330
Japan,307,Dresser,4,330
Ukraine,307,Dresser,8,330
Iran,308,Chest,4,330
Great Britain,309,Beds,7,330
India,309,Beds,4,330
Korea,309,Beds,3,330
Japan,310,Ladders,4,330
Korea,310,Ladders,4,330
Australia,311,Ottoman,8,330
Germany,311,Ottoman,6,330
Korea,311,Ottoman,8,330
Great Britain,314,Cradle,6,330
France,315,Grandfather clock,3,330
Japan,315,Grandfather clock,7,330
Korea,300,Chairs,6,331
France,301,Couches,3,331
Japan,301,Couches,2,331
Australia,302,Recliners,18,331
Ukraine,302,Recliners,9,331
Brazil,303,Tables,9,331
China,303,Tables,9,331
France,303,Tables,5,331
Great Britain,304,Cabinets,1,331
United States,304,Cabinets,9,331
Korea,307,Dresser,8,331
Japan,308,Chest,5,331
Korea,308,Chest,2,331
Mexico,308,Chest,3,331
Korea,309,Beds,14,331
Brazil,310,Ladders,9,331
Ireland,310,Ladders,6,331
United States,310,Ladders,7,331
Japan,313,Cupboard,6,331
Russia,314,Cradle,10,331
Brazil,316,Shelves,9,331
Germany,300,Chairs,7,332
United States,300,Chairs,4,332
Germany,303,Tables,13,332
Japan,303,Tables,10,332
China,304,Cabinets,6,332
Korea,304,Cabinets,10,332
Mexico,304,Cabinets,1,332
Russia,304,Cabinets,8,332
India,305,Clocks,4,332
Great Britain,306,Bookcase,2,332
United States,306,Bookcase,9,332
India,307,Dresser,5,332
Ireland,307,Dresser,8,332
Russia,307,Dresser,10,332
Germany,308,Chest,9,332
Japan,308,Chest,10,332
Iran,309,Beds,3,332
France,311,Ottoman,2,332
Great Britain,311,Ottoman,10,332
Brazil,312,Stool,7,332
France,312,Stool,10,332
Great Britain,312,Stool,5,332
Ireland,313,Cupboard,8,332
United States,313,Cupboard,2,332
Great Britain,314,Cradle,10,332
China,300,Chairs,6,335
Russia,300,Chairs,2,335
United States,300,Chairs,9,335
Australia,301,Couches,2,335
Great Britain,301,Couches,9,335
Japan,301,Couches,9,335
Mexico,301,Couches,7,335
Ireland,302,Recliners,9,335
Russia,302,Recliners,7,335
Ukraine,302,Recliners,3,335
United States,302,Recliners,1,335
China,303,Tables,6,335
Korea,303,Tables,1,335
Mexico,303,Tables,5,335
Ireland,304,Cabinets,1,335
Brazil,305,Clocks,8,335
Great Britain,305,Clocks,1,335
Korea,305,Clocks,4,335
Mexico,305,Clocks,10,335
Ukraine,306,Bookcase,9,335
France,307,Dresser,6,335
India,307,Dresser,3,335
Japan,309,Beds,1,335
United States,310,Ladders,8,335
China,311,Ottoman,6,335
India,311,Ottoman,4,335
Japan,311,Ottoman,6,335
China,312,Stool,13,335
Iran,312,Stool,6,335
Ireland,312,Stool,9,335
Mexico,312,Stool,4,335
United States,312,Stool,9,335
United States,313,Cupboard,6,335
Germany,314,Cradle,4,335
Ireland,314,Cradle,5,335
Ukraine,314,Cradle,3,335
France,315,Grandfather clock,8,335
Great Britain,315,Grandfather clock,5,335
Japan,315,Grandfather clock,10,335
India,316,Shelves,15,335
Iran,316,Shelves,5,335
Mexico,316,Shelves,9,335
China,301,Couches,5,336
Great Britain,301,Couches,4,336
Ireland,301,Couches,10,336
United States,301,Couches,6,336
Australia,302,Recliners,7,336
France,302,Recliners,10,336
Great Britain,302,Recliners,3,336
Ireland,302,Recliners,9,336
Japan,302,Recliners,8,336
Brazil,304,Cabinets,8,336
France,304,Cabinets,2,336
Iran,304,Cabinets,1,336
Ukraine,304,Cabinets,1,336
Korea,305,Clocks,1,336
India,306,Bookcase,5,336
Korea,306,Bookcase,3,336
India,307,Dresser,7,336
Ukraine,307,Dresser,10,336
Germany,309,Beds,4,336
Korea,309,Beds,3,336
Russia,309,Beds,7,336
Brazil,310,Ladders,9,336
Germany,310,Ladders,3,336
Ireland,310,Ladders,8,336
China,311,Ottoman,6,336
India,311,Ottoman,10,336
Australia,312,Stool,3,336
France,312,Stool,6,336
Russia,312,Stool,8,336
France,314,Cradle,9,336
Iran,314,Cradle,8,336
Ireland,314,Cradle,16,336
Japan,314,Cradle,3,336
Russia,314,Cradle,8,336
United States,314,Cradle,3,336
Korea,316,Shelves,4,336
Russia,301,Couches,2,337
Brazil,303,Tables,10,337
Germany,303,Tables,1,337
Iran,303,Tables,4,337
Japan,303,Tables,1,337
Mexico,303,Tables,8,337
Great Britain,304,Cabinets,4,337
France,305,Clocks,16,337
Australia,306,Bookcase,7,337
Iran,306,Bookcase,1,337
United States,307,Dresser,7,337
Ireland,308,Chest,9,337
Iran,309,Beds,3,337
Ireland,309,Beds,10,337
Korea,309,Beds,2,337
Ireland,310,Ladders,2,337
Iran,311,Ottoman,13,337
Russia,311,Ottoman,1,337
Ukraine,311,Ottoman,9,337
France,312,Stool,4,337
Germany,312,Stool,10,337
Great Britain,312,Stool,4,337
Iran,312,Stool,4,337
Brazil,313,Cupboard,11,337
Germany,313,Cupboard,2,337
Ukraine,313,Cupboard,12,337
India,314,Cradle,6,337
Mexico,314,Cradle,8,337
Australia,316,Shelves,6,337
Brazil,316,Shelves,6,337
Ireland,316,Shelves,5,337
Russia,316,Shelves,4,337
China,300,Chairs,5,338
Iran,300,Chairs,5,338
Iran,302,Recliners,3,338
Ireland,302,Recliners,10,338
Mexico,302,Recliners,6,338
Australia,303,Tables,4,338
Germany,303,Tables,4,338
Mexico,303,Tables,7,338
Russia,303,Tables,3,338
Australia,304,Cabinets,4,338
France,304,Cabinets,3,338
India,304,Cabinets,6,338
Mexico,304,Cabinets,7,338
Australia,305,Clocks,7,338
Great Britain,305,Clocks,9,338
Brazil,306,Bookcase,10,338
India,306,Bookcase,1,338
Russia,306,Bookcase,8,338
Brazil,307,Dresser,11,338
Iran,307,Dresser,6,338
Korea,307,Dresser,10,338
China,308,Chest,10,338
Ireland,308,Chest,1,338
Mexico,308,Chest,4,338
Iran,309,Beds,9,338
United States,309,Beds,5,338
China,312,Stool,8,338
India,312,Stool,7,338
Brazil,313,Cupboard,10,338
France,313,Cupboard,5,338
India,313,Cupboard,1,338
Ireland,313,Cupboard,6,338
India,314,Cradle,6,338
Iran,314,Cradle,7,338
Ukraine,314,Cradle,1,338
India,315,Grandfather clock,7,338
Korea,315,Grandfather clock,10,338
Ukraine,315,Grandfather clock,9,338
Ireland,316,Shelves,1,338
Ukraine,316,Shelves,9,338
Brazil,300,Chairs,8,339
China,300,Chairs,10,339
Iran,300,Chairs,4,339
Japan,300,Chairs,8,339
United States,300,Chairs,1,339
France,301,Couches,3,339
Germany,301,Couches,5,339
Mexico,301,Couches,6,339
Ireland,302,Recliners,5,339
Mexico,302,Recliners,1,339
United States,302,Recliners,8,339
France,303,Tables,8,339
Ukraine,303,Tables,10,339
China,305,Clocks,1,339
Great Britain,305,Clocks,5,339
Japan,305,Clocks,5,339
Germany,306,Bookcase,6,339
Iran,306,Bookcase,7,339
France,307,Dresser,3,339
Russia,307,Dresser,8,339
United States,307,Dresser,8,339
Brazil,308,Chest,6,339
France,308,Chest,6,339
Ireland,308,Chest,10,339
Japan,308,Chest,10,339
Ukraine,309,Beds,8,339
Brazil,310,Ladders,7,339
Great Britain,310,Ladders,6,339
Iran,310,Ladders,6,339
Ireland,310,Ladders,7,339
Korea,310,Ladders,4,339
Russia,310,Ladders,8,339
Japan,311,Ottoman,6,339
Ukraine,311,Ottoman,8,339
Korea,312,Stool,7,339
Mexico,312,Stool,8,339
Ukraine,312,Stool,6,339
Australia,313,Cupboard,5,339
Ireland,313,Cupboard,6,339
France,314,Cradle,4,339
Korea,314,Cradle,2,339
Australia,315,Grandfather clock,10,339
China,315,Grandfather clock,2,339
Germany,315,Grandfather clock,10,339
Ukraine,315,Grandfather clock,1,339
Great Britain,316,Shelves,4,339
Korea,316,Shelves,2,339
Brazil,300,Chairs,8,340
Iran,300,Chairs,10,340
Ukraine,300,Chairs,9,340
Brazil,301,Couches,9,340
China,301,Couches,8,340
Korea,301,Couches,5,340
Japan,302,Recliners,7,340
Ukraine,302,Recliners,1,340
Brazil,303,Tables,7,340
China,303,Tables,9,340
Iran,303,Tables,13,340
Japan,303,Tables,1,340
France,304,Cabinets,1,340
Ukraine,304,Cabinets,1,340
Ukraine,305,Clocks,5,340
Australia,306,Bookcase,13,340
Germany,306,Bookcase,10,340
Ireland,306,Bookcase,2,340
Ukraine,306,Bookcase,10,340
China,307,Dresser,3,340
Iran,307,Dresser,1,340
Ukraine,308,Chest,9,340
China,309,Beds,14,340
Germany,309,Beds,9,340
Iran,309,Beds,7,340
France,310,Ladders,3,340
Brazil,312,Stool,6,340
China,312,Stool,6,340
Great Britain,312,Stool,4,340
Australia,313,Cupboard,9,340
France,313,Cupboard,3,340
India,313,Cupboard,5,340
Ireland,314,Cradle,2,340
China,315,Grandfather clock,9,340
Iran,316,Shelves,6,340
Ireland,316,Shelves,7,340
United States,316,Shelves,8,340
Australia,300,Chairs,9,341
France,300,Chairs,4,341
Japan,300,Chairs,8,341
Korea,300,Chairs,3,341
Great Britain,301,Couches,6,341
Russia,301,Couches,7,341
France,302,Recliners,10,341
Russia,302,Recliners,1,341
Ireland,303,Tables,2,341
Brazil,304,Cabinets,4,341
Germany,304,Cabinets,11,341
United States,304,Cabinets,1,341
Great Britain,305,Clocks,3,341
Mexico,305,Clocks,6,341
Ireland,306,Bookcase,7,341
Mexico,306,Bookcase,9,341
Russia,306,Bookcase,2,341
Japan,307,Dresser,9,341
China,309,Beds,3,341
Mexico,309,Beds,19,341
France,310,Ladders,7,341
Japan,310,Ladders,9,341
Russia,310,Ladders,12,341
India,311,Ottoman,8,341
Brazil,312,Stool,5,341
China,312,Stool,2,341
Mexico,312,Stool,6,341
China,313,Cupboard,3,341
Iran,313,Cupboard,5,341
Ukraine,313,Cupboard,9,341
Germany,314,Cradle,9,341
Ukraine,314,Cradle,4,341
Brazil,315,Grandfather clock,1,341
Germany,315,Grandfather clock,6,341
Korea,315,Grandfather clock,2,341
China,316,Shelves,6,341
Great Britain,316,Shelves,9,341
Ukraine,316,Shelves,8,341
Australia,300,Chairs,8,342
India,300,Chairs,16,342
China,301,Couches,3,342
France,301,Couches,3,342
Mexico,301,Couches,2,342
Germany,302,Recliners,9,342
Iran,302,Recliners,6,342
Russia,302,Recliners,2,342
Great Britain,303,Tables,4,342
Korea,303,Tables,4,342
China,306,Bookcase,7,342
Korea,306,Bookcase,9,342
Ukraine,306,Bookcase,10,342
United States,306,Bookcase,6,342
France,307,Dresser,6,342
Korea,307,Dresser,9,342
Germany,308,Chest,2,342
Brazil,309,Beds,5,342
Ukraine,309,Beds,9,342
Australia,310,Ladders,6,342
Brazil,310,Ladders,4,342
Great Britain,310,Ladders,5,342
India,311,Ottoman,5,342
Ireland,311,Ottoman,5,342
Korea,311,Ottoman,10,342
Mexico,311,Ottoman,2,342
France,312,Stool,9,342
Germany,312,Stool,6,342
United States,312,Stool,9,342
Mexico,313,Cupboard,6,342
Russia,313,Cupboard,1,342
Australia,314,Cradle,1,342
Mexico,314,Cradle,10,342
Mexico,315,Grandfather clock,7,342
Russia,315,Grandfather clock,11,342
Ukraine,315,Grandfather clock,3,342
Brazil,316,Shelves,6,342
Germany,316,Shelves,2,342
Ireland,316,Shelves,5,342
Ukraine,316,Shelves,10,342
Russia,300,Chairs,6,343
Korea,301,Couches,4,343
India,302,Recliners,8,343
Japan,302,Recliners,2,343
Russia,302,Recliners,7,343
Iran,303,Tables,15,343
France,304,Cabinets,9,343
United States,304,Cabinets,7,343
Ireland,305,Clocks,1,343
Germany,306,Bookcase,2,343
Brazil,307,Dresser,6,343
United States,307,Dresser,5,343
Brazil,308,Chest,8,343
Japan,308,Chest,8,343
Mexico,308,Chest,8,343
China,309,Beds,8,343
France,309,Beds,6,343
Iran,309,Beds,3,343
Ireland,309,Beds,8,343
France,310,Ladders,4,343
India,311,Ottoman,1,343
Mexico,311,Ottoman,3,343
India,312,Stool,8,343
Japan,312,Stool,3,343
Brazil,314,Cradle,10,343
China,314,Cradle,10,343
Ireland,315,Grandfather clock,8,343
China,316,Shelves,8,343
India,316,Shelves,3,343
Japan,316,Shelves,2,343
Mexico,316,Shelves,7,343
Brazil,301,Couches,7,344
China,301,Couches,8,344
Germany,301,Couches,17,344
India,301,Couches,10,344
United States,302,Recliners,4,344
Australia,304,Cabinets,20,344
China,304,Cabinets,8,344
Great Britain,304,Cabinets,4,344
Ukraine,304,Cabinets,3,344
China,305,Clocks,7,344
Germany,306,Bookcase,4,344
Mexico,306,Bookcase,7,344
United States,306,Bookcase,7,344
Brazil,307,Dresser,4,344
Korea,307,Dresser,4,344
Ukraine,307,Dresser,6,344
France,308,Chest,9,344
Ireland,308,Chest,9,344
United States,308,Chest,4,344
Brazil,309,Beds,3,344
Ireland,309,Beds,3,344
China,310,Ladders,24,344
India,311,Ottoman,4,344
Iran,311,Ottoman,1,344
Ireland,311,Ottoman,3,344
United States,311,Ottoman,8,344
China,312,Stool,2,344
Iran,313,Cupboard,8,344
Mexico,313,Cupboard,5,344
France,314,Cradle,10,344
Iran,314,Cradle,2,344
Mexico,314,Cradle,2,344
Ukraine,314,Cradle,7,344
United States,314,Cradle,1,344
China,315,Grandfather clock,8,344
Ukraine,315,Grandfather clock,4,344
China,300,Chairs,3,345
France,300,Chairs,9,345
Japan,300,Chairs,7,345
United States,300,Chairs,9,345
France,301,Couches,5,345
Great Britain,301,Couches,2,345
India,301,Couches,4,345
Ukraine,301,Couches,7,345
Ukraine,302,Recliners,9,345
India,303,Tables,2,345
Korea,303,Tables,8,345
Australia,304,Cabinets,4,345
Germany,304,Cabinets,10,345
Great Britain,304,Cabinets,10,345
Mexico,304,Cabinets,5,345
Great Britain,305,Clocks,10,345
Mexico,305,Clocks,2,345
United States,305,Clocks,14,345
France,306,Bookcase,8,345
Japan,306,Bookcase,1,345
Russia,306,Bookcase,6,345
Brazil,307,Dresser,7,345
Iran,307,Dresser,2,345
Germany,308,Chest,1,345
Great Britain,308,Chest,4,345
Ireland,308,Chest,9,345
Korea,308,Chest,7,345
Mexico,308,Chest,3,345
Ireland,309,Beds,6,345
Mexico,309,Beds,1,345
Russia,309,Beds,6,345
Brazil,310,Ladders,6,345
Russia,310,Ladders,8,345
France,311,Ottoman,4,345
Russia,311,Ottoman,10,345
Ireland,312,Stool,14,345
Great Britain,313,Cupboard,4,345
Ireland,313,Cupboard,3,345
United States,313,Cupboard,7,345
Brazil,315,Grandfather clock,9,345
Germany,315,Grandfather clock,7,345
United States,316,Shelves,5,345
China,300,Chairs,3,346
Great Britain,300,Chairs,6,346
Iran,300,Chairs,6,346
Japan,300,Chairs,6,346
United States,300,Chairs,7,346
China,301,Couches,5,346
Mexico,301,Couches,3,346
United States,301,Couches,8,346
France,302,Recliners,9,346
Korea,302,Recliners,10,346
Germany,303,Tables,4,346
India,303,Tables,4,346
India,304,Cabinets,2,346
Russia,304,Cabinets,4,346
France,305,Clocks,1,346
Iran,305,Clocks,19,346
Ireland,305,Clocks,2,346
Russia,305,Clocks,8,346
Ukraine,305,Clocks,5,346
Brazil,306,Bookcase,2,346
India,306,Bookcase,5,346
Ireland,306,Bookcase,10,346
Mexico,306,Bookcase,5,346
Russia,307,Dresser,6,346
Brazil,309,Beds,3,346
France,309,Beds,10,346
Germany,309,Beds,5,346
Australia,310,Ladders,1,346
Great Britain,310,Ladders,4,346
Russia,310,Ladders,3,346
Ukraine,310,Ladders,6,346
United States,311,Ottoman,7,346
France,312,Stool,2,346
Iran,312,Stool,7,346
Australia,313,Cupboard,8,346
Brazil,313,Cupboard,10,346
Russia,313,Cupboard,3,346
Australia,314,Cradle,4,346
India,314,Cradle,8,346
Brazil,315,Grandfather clock,10,346
Mexico,315,Grandfather clock,3,346
Brazil,316,Shelves,10,346
France,316,Shelves,8,346
Ireland,316,Shelves,6,346
Great Britain,300,Chairs,7,347
France,301,Couches,7,347
Japan,301,Couches,8,347
Ukraine,301,Couches,9,347
China,302,Recliners,6,347
Ireland,303,Tables,14,347
Korea,303,Tables,8,347
India,304,Cabinets,3,347
United States,304,Cabinets,3,347
Ireland,305,Clocks,6,347
Australia,306,Bookcase,4,347
China,306,Bookcase,8,347
Germany,306,Bookcase,5,347
Ireland,306,Bookcase,2,347
Korea,306,Bookcase,5,347
India,307,Dresser,10,347
Mexico,308,Chest,7,347
Ukraine,309,Beds,8,347
Great Britain,311,Ottoman,2,347
Iran,311,Ottoman,8,347
Korea,311,Ottoman,7,347
Ukraine,311,Ottoman,9,347
Australia,312,Stool,8,347
Mexico,312,Stool,3,347
Russia,312,Stool,2,347
Germany,313,Cupboard,10,347
Korea,313,Cupboard,2,347
Germany,314,Cradle,3,347
Ukraine,314,Cradle,9,347
China,315,Grandfather clock,13,347
Iran,315,Grandfather clock,8,347
Japan,316,Shelves,6,347
Mexico,316,Shelves,8,347
Russia,316,Shelves,1,347
Brazil,300,Chairs,4,348
India,300,Chairs,8,348
Iran,300,Chairs,6,348
United States,300,Chairs,5,348
France,301,Couches,8,348
Mexico,301,Couches,2,348
Ukraine,301,Couches,7,348
India,302,Recliners,3,348
Iran,302,Recliners,13,348
Ireland,302,Recliners,5,348
China,303,Tables,2,348
France,303,Tables,8,348
Great Britain,303,Tables,10,348
Iran,303,Tables,9,348
Russia,304,Cabinets,7,348
United States,304,Cabinets,9,348
Ireland,305,Clocks,6,348
Japan,305,Clocks,4,348
Korea,305,Clocks,9,348
China,306,Bookcase,10,348
Japan,306,Bookcase,3,348
France,307,Dresser,5,348
Great Britain,307,Dresser,9,348
Ireland,307,Dresser,2,348
Mexico,307,Dresser,3,348
France,309,Beds,9,348
Germany,309,Beds,5,348
Iran,309,Beds,15,348
Mexico,309,Beds,9,348
Russia,309,Beds,7,348
Ukraine,309,Beds,3,348
United States,309,Beds,9,348
China,310,Ladders,10,348
India,310,Ladders,3,348
Iran,310,Ladders,7,348
Russia,310,Ladders,6,348
Australia,311,Ottoman,4,348
Brazil,311,Ottoman,5,348
China,311,Ottoman,2,348
India,311,Ottoman,2,348
Japan,311,Ottoman,4,348
United States,312,Stool,2,348
Australia,313,Cupboard,16,348
Brazil,313,Cupboard,4,348
China,314,Cradle,11,348
Russia,314,Cradle,2,348
India,315,Grandfather clock,4,348
India,316,Shelves,8,348
Russia,300,Chairs,2,349
Germany,301,Couches,6,349
Korea,301,Couches,1,349
United States,301,Couches,3,349
Japan,302,Recliners,8,349
Australia,303,Tables,2,349
Korea,304,Cabinets,1,349
Ukraine,304,Cabinets,10,349
Germany,305,Clocks,7,349
Ireland,305,Clocks,2,349
Russia,305,Clocks,6,349
Great Britain,306,Bookcase,6,349
Germany,307,Dresser,8,349
Iran,307,Dresser,9,349
Japan,307,Dresser,10,349
United States,307,Dresser,4,349
Great Britain,308,Chest,2,349
Japan,308,Chest,10,349
Korea,308,Chest,9,349
Great Britain,309,Beds,2,349
Ireland,309,Beds,13,349
Japan,309,Beds,6,349
China,310,Ladders,1,349
Great Britain,310,Ladders,6,349
India,310,Ladders,3,349
Korea,310,Ladders,6,349
Iran,311,Ottoman,3,349
Ireland,314,Cradle,10,349
India,315,Grandfather clock,10,349
Mexico,300,Chairs,3,350
Germany,301,Couches,7,350
China,302,Recliners,7,350
Germany,302,Recliners,10,350
Japan,302,Recliners,6,350
Russia,302,Recliners,1,350
Japan,303,Tables,2,350
Brazil,304,Cabinets,10,350
Germany,304,Cabinets,4,350
China,305,Clocks,1,350
Brazil,306,Bookcase,3,350
Japan,306,Bookcase,2,350
Ukraine,306,Bookcase,7,350
United States,306,Bookcase,1,350
Brazil,307,Dresser,10,350
Great Britain,307,Dresser,9,350
Ireland,307,Dresser,19,350
Great Britain,309,Beds,3,350
Russia,309,Beds,2,350
United States,309,Beds,10,350
Germany,310,Ladders,10,350
Ireland,310,Ladders,6,350
Australia,312,Stool,8,350
France,312,Stool,9,350
Ireland,312,Stool,2,350
Japan,312,Stool,8,350
United States,312,Stool,8,350
Great Britain,313,Cupboard,4,350
India,314,Cradle,7,350
Mexico,314,Cradle,5,350
United States,314,Cradle,8,350
Ireland,315,Grandfather clock,5,350
Great Britain,316,Shelves,7,350
Korea,316,Shelves,3,350
Australia,300,Chairs,3,351
Ireland,300,Chairs,3,351
Brazil,301,Couches,4,351
Great Britain,301,Couches,8,351
Russia,301,Couches,7,351
Australia,302,Recliners,3,351
France,302,Recliners,1,351
Korea,302,Recliners,10,351
Australia,303,Tables,10,351
France,303,Tables,1,351
Great Britain,304,Cabinets,4,351
United States,304,Cabinets,7,351
Korea,305,Clocks,3,351
Mexico,305,Clocks,2,351
Ukraine,305,Clocks,6,351
Brazil,306,Bookcase,4,351
China,306,Bookcase,9,351
Japan,306,Bookcase,6,351
China,307,Dresser,17,351
France,307,Dresser,8,351
India,307,Dresser,4,351
Russia,307,Dresser,7,351
Great Britain,308,Chest,3,351
China,309,Beds,16,351
France,310,Ladders,8,351
Mexico,311,Ottoman,4,351
France,312,Stool,7,351
Iran,312,Stool,6,351
Japan,312,Stool,7,351
Korea,312,Stool,1,351
Great Britain,313,Cupboard,10,351
Brazil,314,Cradle,9,351
China,314,Cradle,6,351
Germany,314,Cradle,6,351
Japan,314,Cradle,10,351
Australia,315,Grandfather clock,1,351
Great Britain,315,Grandfather clock,4,351
Ireland,316,Shelves,8,351
France,300,Chairs,15,352
China,301,Couches,10,352
Germany,301,Couches,4,352
Russia,301,Couches,4,352
China,302,Recliners,3,352
Iran,302,Recliners,1,352
Ukraine,302,Recliners,4,352
Germany,303,Tables,1,352
Korea,303,Tables,4,352
China,304,Cabinets,17,352
India,304,Cabinets,1,352
Germany,305,Clocks,9,352
Ireland,305,Clocks,3,352
Japan,306,Bookcase,18,352
Korea,308,Chest,2,352
United States,308,Chest,5,352
Mexico,309,Beds,9,352
Mexico,310,Ladders,3,352
Russia,310,Ladders,8,352
Japan,311,Ottoman,2,352
Russia,311,Ottoman,8,352
Great Britain,312,Stool,5,352
Ireland,312,Stool,8,352
Mexico,312,Stool,7,352
Australia,313,Cupboard,1,352
Korea,313,Cupboard,5,352
Ukraine,314,Cradle,5,352
France,315,Grandfather clock,1,352
Ukraine,315,Grandfather clock,5,352
Japan,316,Shelves,6,352
Mexico,316,Shelves,3,352
United States,316,Shelves,15,352
Brazil,300,Chairs,8,353
Germany,300,Chairs,3,353
Great Britain,300,Chairs,4,353
Japan,300,Chairs,3,353
Ukraine,300,Chairs,8,353
United States,300,Chairs,8,353
Ireland,301,Couches,4,353
Japan,301,Couches,3,353
Korea,301,Couches,7,353
Ukraine,301,Couches,2,353
Ireland,302,Recliners,8,353
Iran,304,Cabinets,10,353
United States,304,Cabinets,4,353
India,305,Clocks,10,353
United States,305,Clocks,9,353
France,306,Bookcase,4,353
Korea,306,Bookcase,10,353
Ireland,307,Dresser,8,353
Japan,307,Dresser,4,353
Australia,308,Chest,8,353
Japan,309,Beds,3,353
Brazil,310,Ladders,9,353
Iran,310,Ladders,7,353
France,311,Ottoman,9,353
Japan,312,Stool,1,353
Australia,313,Cupboard,16,353
Ukraine,313,Cupboard,6,353
China,314,Cradle,4,353
India,314,Cradle,6,353
Mexico,314,Cradle,5,353
Brazil,315,Grandfather clock,7,353
China,315,Grandfather clock,2,353
Great Britain,315,Grandfather clock,5,353
Russia,315,Grandfather clock,10,353
Brazil,316,Shelves,8,353
India,316,Shelves,6,353
Australia,301,Couches,9,354
France,301,Couches,8,354
Germany,301,Couches,8,354
Ireland,301,Couches,3,354
Australia,302,Recliners,1,354
Ukraine,302,Recliners,7,354
Australia,303,Tables,6,354
Germany,303,Tables,4,354
Ireland,303,Tables,6,354
China,304,Cabinets,3,354
Great Britain,304,Cabinets,7,354
India,304,Cabinets,14,354
Ireland,304,Cabinets,8,354
China,305,Clocks,6,354
Iran,305,Clocks,5,354
Korea,307,Dresser,10,354
France,308,Chest,9,354
Germany,309,Beds,7,354
India,309,Beds,10,354
Mexico,309,Beds,15,354
Russia,309,Beds,9,354
United States,309,Beds,10,354
Japan,310,Ladders,4,354
Mexico,310,Ladders,6,354
Ukraine,310,Ladders,6,354
France,311,Ottoman,9,354
Australia,312,Stool,2,354
Great Britain,312,Stool,8,354
Iran,312,Stool,6,354
Ireland,312,Stool,10,354
Japan,312,Stool,3,354
Ukraine,314,Cradle,3,354
Iran,315,Grandfather clock,6,354
Ireland,315,Grandfather clock,3,354
Ukraine,315,Grandfather clock,6,354
Brazil,316,Shelves,7,354
Iran,300,Chairs,10,355
Japan,301,Couches,4,355
Korea,301,Couches,1,355
United States,301,Couches,5,355
Brazil,302,Recliners,1,355
Germany,302,Recliners,9,355
China,303,Tables,17,355
Ireland,303,Tables,8,355
Russia,304,Cabinets,4,355
Iran,305,Clocks,6,355
Ireland,305,Clocks,2,355
Korea,305,Clocks,19,355
India,307,Dresser,10,355
Ireland,307,Dresser,5,355
Mexico,307,Dresser,1,355
Ukraine,308,Chest,2,355
China,309,Beds,4,355
China,310,Ladders,1,355
India,310,Ladders,5,355
Korea,310,Ladders,5,355
Australia,311,Ottoman,2,355
Ukraine,311,Ottoman,2,355
Australia,312,Stool,8,355
Germany,312,Stool,4,355
India,312,Stool,8,355
Iran,312,Stool,3,355
Korea,312,Stool,5,355
Iran,313,Cupboard,2,355
China,315,Grandfather clock,9,355
Japan,315,Grandfather clock,2,355
Russia,315,Grandfather clock,6,355
France,300,Chairs,9,356
Germany,300,Chairs,8,356
Japan,301,Couches,7,356
Korea,301,Couches,6,356
China,302,Recliners,1,356
Japan,302,Recliners,4,356
Mexico,304,Cabinets,1,356
Russia,304,Cabinets,5,356
Ukraine,304,Cabinets,8,356
Australia,306,Bookcase,8,356
France,306,Bookcase,2,356
Australia,307,Dresser,3,356
Brazil,307,Dresser,7,356
India,307,Dresser,7,356
Korea,307,Dresser,10,356
United States,307,Dresser,10,356
Russia,309,Beds,2,356
China,310,Ladders,3,356
India,310,Ladders,8,356
Korea,310,Ladders,1,356
China,311,Ottoman,5,356
Iran,311,Ottoman,7,356
Ireland,311,Ottoman,1,356
Russia,312,Stool,6,356
Brazil,313,Cupboard,4,356
France,313,Cupboard,1,356
Germany,313,Cupboard,3,356
Mexico,313,Cupboard,13,356
India,315,Grandfather clock,4,356
Mexico,315,Grandfather clock,1,356
France,316,Shelves,1,356
Ireland,316,Shelves,9,356
China,300,Chairs,8,357
Mexico,300,Chairs,8,357
United States,300,Chairs,2,357
Ireland,301,Couches,8,357
Australia,302,Recliners,8,357
Germany,302,Recliners,17,357
Ireland,302,Recliners,6,357
Korea,302,Recliners,4,357
Russia,302,Recliners,4,357
Iran,303,Tables,6,357
Korea,304,Cabinets,5,357
Ukraine,304,Cabinets,2,357
Germany,305,Clocks,9,357
Great Britain,305,Clocks,9,357
United States,306,Bookcase,8,357
Korea,307,Dresser,7,357
Great Britain,308,Chest,9,357
Japan,309,Beds,5,357
Mexico,309,Beds,9,357
Brazil,310,Ladders,5,357
Russia,310,Ladders,5,357
Great Britain,311,Ottoman,2,357
Korea,311,Ottoman,16,357
Germany,312,Stool,11,357
India,312,Stool,8,357
Ireland,312,Stool,4,357
Russia,312,Stool,7,357
China,313,Cupboard,12,357
Korea,313,Cupboard,7,357
Korea,314,Cradle,10,357
Germany,315,Grandfather clock,9,357
China,316,Shelves,8,357
Germany,316,Shelves,4,357
United States,316,Shelves,8,357
China,300,Chairs,8,358
Great Britain,300,Chairs,3,358
United States,300,Chairs,4,358
Brazil,301,Couches,7,358
France,301,Couches,2,358
India,301,Couches,7,358
Korea,301,Couches,9,358
Mexico,301,Couches,5,358
Russia,301,Couches,8,358
Russia,302,Recliners,5,358
Germany,303,Tables,2,358
India,303,Tables,1,358
Japan,303,Tables,9,358
Korea,303,Tables,9,358
Russia,304,Cabinets,6,358
Ukraine,304,Cabinets,1,358
Iran,305,Clocks,10,358
Australia,307,Dresser,8,358
India,307,Dresser,1,358
Korea,307,Dresser,7,358
Ireland,308,Chest,6,358
Korea,308,Chest,7,358
Japan,309,Beds,4,358
Great Britain,311,Ottoman,1,358
Iran,311,Ottoman,3,358
Mexico,311,Ottoman,3,358
Japan,312,Stool,4,358
Ukraine,312,Stool,10,358
United States,312,Stool,8,358
Ireland,313,Cupboard,10,358
Japan,313,Cupboard,9,358
Iran,314,Cradle,10,358
Japan,314,Cradle,4,358
Korea,314,Cradle,6,358
United States,314,Cradle,8,358
Ireland,315,Grandfather clock,5,358
Brazil,300,Chairs,6,359
India,300,Chairs,5,359
Mexico,300,Chairs,3,359
Great Britain,301,Couches,6,359
Ireland,301,Couches,5,359
China,302,Recliners,4,359
Great Britain,302,Recliners,6,359
India,302,Recliners,10,359
United States,302,Recliners,1,359
Russia,303,Tables,9,359
China,304,Cabinets,11,359
United States,304,Cabinets,1,359
France,305,Clocks,5,359
United States,305,Clocks,9,359
France,306,Bookcase,4,359
Germany,306,Bookcase,7,359
Ireland,306,Bookcase,10,359
Russia,306,Bookcase,2,359
United States,306,Bookcase,10,359
Brazil,307,Dresser,9,359
Korea,307,Dresser,10,359
Iran,308,Chest,8,359
France,309,Beds,6,359
Ireland,309,Beds,7,359
Russia,310,Ladders,9,359
Australia,311,Ottoman,13,359
India,311,Ottoman,10,359
Ukraine,312,Stool,1,359
Iran,313,Cupboard,4,359
India,314,Cradle,10,359
China,316,Shelves,2,359
France,316,Shelves,8,359
France,300,Chairs,6,360
Germany,300,Chairs,5,360
Brazil,301,Couches,9,360
Iran,301,Couches,8,360
Ukraine,301,Couches,4,360
United States,301,Couches,1,360
Brazil,302,Recliners,3,360
China,302,Recliners,8,360
France,302,Recliners,2,360
Iran,302,Recliners,7,360
Russia,302,Recliners,14,360
Australia,304,Cabinets,6,360
India,304,Cabinets,1,360
Brazil,305,Clocks,9,360
Great Britain,305,Clocks,8,360
India,306,Bookcase,4,360
United States,308,Chest,2,360
Iran,310,Ladders,1,360
India,311,Ottoman,7,360
Ireland,311,Ottoman,4,360
China,313,Cupboard,8,360
Germany,314,Cradle,6,360
Brazil,315,Grandfather clock,9,360
Iran,315,Grandfather clock,8,360
Mexico,315,Grandfather clock,10,360
India,316,Shelves,8,360
Australia,300,Chairs,5,361
Great Britain,300,Chairs,6,361
Japan,300,Chairs,5,361
Mexico,300,Chairs,3,361
Ukraine,300,Chairs,10,361
Ireland,301,Couches,4,361
Japan,301,Couches,10,361
Ukraine,301,Couches,2,361
Iran,302,Recliners,1,361
Japan,302,Recliners,8,361
Great Britain,303,Tables,2,361
Australia,304,Cabinets,1,361
France,304,Cabinets,7,361
Japan,304,Cabinets,4,361
Brazil,306,Bookcase,10,361
Iran,306,Bookcase,3,361
Korea,306,Bookcase,6,361
Iran,308,Chest,11,361
Ukraine,308,Chest,6,361
United States,308,Chest,2,361
Australia,309,Beds,3,361
Brazil,309,Beds,3,361
India,309,Beds,4,361
Mexico,309,Beds,2,361
India,312,Stool,6,361
Germany,313,Cupboard,8,361
Ireland,313,Cupboard,15,361
United States,313,Cupboard,9,361
Australia,314,Cradle,3,361
Brazil,314,Cradle,5,361
India,314,Cradle,3,361
Mexico,314,Cradle,7,361
Australia,315,Grandfather clock,2,361
Mexico,315,Grandfather clock,7,361
France,316,Shelves,8,361
Japan,316,Shelves,7,361
United States,316,Shelves,9,361
Russia,300,Chairs,10,362
United States,300,Chairs,6,362
Australia,301,Couches,1,362
Japan,301,Couches,15,362
India,302,Recliners,3,362
Russia,302,Recliners,9,362
China,303,Tables,4,362
India,303,Tables,1,362
Ukraine,303,Tables,10,362
China,304,Cabinets,4,362
Ireland,304,Cabinets,3,362
Australia,305,Clocks,2,362
Australia,306,Bookcase,1,362
Ireland,306,Bookcase,4,362
Korea,306,Bookcase,2,362
United States,306,Bookcase,9,362
India,307,Dresser,7,362
Ireland,307,Dresser,8,362
Japan,307,Dresser,8,362
Australia,308,Chest,2,362
Mexico,308,Chest,3,362
Russia,308,Chest,7,362
United States,309,Beds,3,362
Ireland,310,Ladders,5,362
Ukraine,310,Ladders,15,362
Great Britain,311,Ottoman,8,362
United States,311,Ottoman,8,362
Brazil,312,Stool,1,362
China,312,Stool,4,362
Iran,312,Stool,4,362
Ireland,312,Stool,14,362
Brazil,313,Cupboard,6,362
Iran,313,Cupboard,5,362
Ukraine,313,Cupboard,2,362
United States,313,Cupboard,6,362
Australia,314,Cradle,1,362
Brazil,314,Cradle,4,362
France,314,Cradle,5,362
Great Britain,314,Cradle,8,362
Korea,315,Grandfather clock,5,362
Brazil,316,Shelves,16,362
Ireland,316,Shelves,13,362
Ukraine,316,Shelves,8,362
