Korea,404,Chromebooks,8,1
India,414,Notepads,8,1
Brazil,418,Glue Stick,1,1
United States,423,Index cards,2,1
Ireland,409,Crayons,7,2
Brazil,410,Markers,6,2
India,411,Calculators,9,2
China,418,Glue Stick,10,2
Japan,419,Lunch Bags,1,2
Japan,422,Lunchbox,4,2
France,402,Mechanical Pencils,3,3
Great Britain,402,Mechanical Pencils,5,3
Germany,406,Backpacks,4,3
Australia,410,Markers,7,3
China,418,Glue Stick,5,3
Russia,418,Glue Stick,4,3
India,403,Erasers,5,4
Germany,405,Textbooks,10,4
Japan,407,Bags,1,4
Korea,409,Crayons,7,4
Germany,412,Uniforms,10,4
Korea,413,Sketchbooks,8,4
Russia,414,Notepads,1,4
Korea,419,Lunch Bags,6,4
Korea,421,Sharpie pens,7,4
China,422,Lunchbox,10,4
Iran,403,Erasers,10,5
Japan,409,Crayons,6,5
Ukraine,414,Notepads,3,5
Iran,419,Lunch Bags,10,5
Australia,421,Sharpie pens,4,5
China,410,Markers,7,6
Brazil,414,Notepads,9,6
Australia,403,Erasers,9,7
Australia,411,Calculators,9,7
Iran,413,Sketchbooks,6,7
Ireland,413,Sketchbooks,7,7
France,422,Lunchbox,8,7
Mexico,423,Index cards,5,7
India,405,Textbooks,4,8
Korea,416,Folders,4,8
Iran,418,Glue Stick,9,8
Japan,401,Pencils,7,9
Mexico,401,Pencils,9,9
United States,408,Rulers,9,9
Germany,410,Markers,6,9
Iran,419,Lunch Bags,4,9
China,422,Lunchbox,5,9
United States,400,Notebooks,2,10
Korea,405,Textbooks,9,10
Germany,408,Rulers,8,10
Japan,408,Rulers,2,10
Mexico,413,Sketchbooks,3,10
Germany,414,Notepads,9,10
Germany,416,Folders,9,10
Russia,400,Notebooks,3,11
Korea,404,Chromebooks,4,11
Brazil,411,Calculators,5,11
Ireland,419,Lunch Bags,1,11
Russia,400,Notebooks,9,12
Brazil,402,Mechanical Pencils,6,12
Germany,403,Erasers,8,12
Japan,410,Markers,6,12
Japan,413,Sketchbooks,6,12
Australia,416,Folders,5,12
Russia,401,Pencils,10,13
France,402,Mechanical Pencils,9,13
China,404,Chromebooks,2,13
Brazil,406,Backpacks,9,13
Ukraine,406,Backpacks,6,13
India,410,Markers,4,13
Ireland,412,Uniforms,2,13
Germany,413,Sketchbooks,2,13
Brazil,414,Notepads,7,13
France,418,Glue Stick,6,13
Australia,420,Gym Bag,4,13
Great Britain,421,Sharpie pens,10,13
Mexico,404,Chromebooks,5,14
Brazil,406,Backpacks,6,14
Australia,407,Bags,9,14
Ukraine,407,Bags,7,14
Great Britain,413,Sketchbooks,4,14
Ireland,405,Textbooks,2,15
Germany,410,Markers,7,15
Mexico,414,Notepads,3,15
India,420,Gym Bag,2,15
Germany,422,Lunchbox,6,15
United States,407,Bags,9,16
Great Britain,415,Pens,8,16
China,417,Pencil Pouch,2,16
Mexico,422,Lunchbox,2,16
Great Britain,423,Index cards,8,16
Brazil,400,Notebooks,7,17
Japan,403,Erasers,10,17
Brazil,407,Bags,8,17
France,412,Uniforms,1,17
Great Britain,416,Folders,3,17
Korea,419,Lunch Bags,7,17
China,421,Sharpie pens,9,17
Japan,421,Sharpie pens,5,17
Brazil,405,Textbooks,7,18
Russia,409,Crayons,6,18
France,411,Calculators,3,18
China,414,Notepads,3,18
Japan,414,Notepads,1,18
Mexico,416,Folders,2,18
Germany,417,Pencil Pouch,2,18
Ireland,417,Pencil Pouch,4,18
Ireland,418,Glue Stick,7,18
Great Britain,419,Lunch Bags,2,18
Korea,421,Sharpie pens,2,18
Iran,403,Erasers,3,19
Australia,404,Chromebooks,10,19
United States,410,Markers,8,19
Australia,420,Gym Bag,10,19
India,402,Mechanical Pencils,6,20
Australia,403,Erasers,5,20
Korea,406,Backpacks,8,20
United States,422,Lunchbox,10,20
Ireland,400,Notebooks,10,21
Iran,401,Pencils,5,21
United States,402,Mechanical Pencils,6,21
Mexico,403,Erasers,10,21
Japan,410,Markers,6,21
Ukraine,410,Markers,6,21
Great Britain,415,Pens,6,21
Japan,419,Lunch Bags,6,21
Australia,405,Textbooks,10,22
Mexico,405,Textbooks,3,22
United States,411,Calculators,2,22
Great Britain,413,Sketchbooks,10,22
Germany,414,Notepads,8,22
India,420,Gym Bag,3,22
Russia,423,Index cards,4,22
Germany,410,Markers,1,23
Ukraine,411,Calculators,7,23
Russia,412,Uniforms,6,23
Mexico,413,Sketchbooks,6,23
Korea,416,Folders,6,23
Germany,417,Pencil Pouch,3,23
Brazil,419,Lunch Bags,1,23
Germany,423,Index cards,6,23
Ukraine,400,Notebooks,8,24
Iran,402,Mechanical Pencils,9,24
Ukraine,406,Backpacks,10,24
Ukraine,407,Bags,5,24
Korea,410,Markers,8,24
France,416,Folders,5,24
India,416,Folders,4,24
Ukraine,418,Glue Stick,10,24
Ireland,420,Gym Bag,8,24
Brazil,404,Chromebooks,1,25
France,405,Textbooks,5,25
France,407,Bags,5,25
Mexico,412,Uniforms,7,25
Ireland,414,Notepads,5,25
Germany,417,Pencil Pouch,1,25
Australia,423,Index cards,3,25
Korea,401,Pencils,5,26
France,405,Textbooks,8,26
Germany,405,Textbooks,9,26
Ukraine,405,Textbooks,1,26
Japan,410,Markers,9,26
Japan,421,Sharpie pens,9,26
Korea,401,Pencils,6,27
Mexico,405,Textbooks,8,27
France,408,Rulers,10,27
Great Britain,410,Markers,4,27
Australia,420,Gym Bag,6,27
Ukraine,403,Erasers,4,28
Brazil,411,Calculators,10,28
Ukraine,412,Uniforms,4,28
Australia,419,Lunch Bags,2,28
Mexico,405,Textbooks,9,32
Korea,408,Rulers,8,32
France,416,Folders,2,32
Great Britain,417,Pencil Pouch,4,32
Iran,418,Glue Stick,3,32
Ireland,402,Mechanical Pencils,8,33
China,406,Backpacks,1,33
Australia,411,Calculators,8,33
Ukraine,414,Notepads,8,33
Japan,419,Lunch Bags,3,33
Mexico,423,Index cards,2,33
India,400,Notebooks,2,34
Brazil,402,Mechanical Pencils,4,34
India,407,Bags,5,34
United States,413,Sketchbooks,2,34
Iran,414,Notepads,9,34
Korea,420,Gym Bag,1,34
India,407,Bags,2,35
Mexico,408,Rulers,7,35
Ukraine,408,Rulers,8,35
China,412,Uniforms,3,35
Ukraine,413,Sketchbooks,1,35
China,418,Glue Stick,3,35
Germany,418,Glue Stick,3,35
Ukraine,418,Glue Stick,9,35
Ukraine,404,Chromebooks,4,36
Great Britain,412,Uniforms,7,36
Mexico,414,Notepads,10,36
China,418,Glue Stick,10,36
Germany,402,Mechanical Pencils,5,37
India,420,Gym Bag,9,37
Mexico,421,Sharpie pens,9,37
Brazil,422,Lunchbox,1,37
France,423,Index cards,9,37
India,409,Crayons,7,38
Australia,414,Notepads,5,38
Brazil,416,Folders,2,38
France,417,Pencil Pouch,20,38
France,418,Glue Stick,8,38
Australia,402,Mechanical Pencils,2,39
India,406,Backpacks,10,39
Korea,410,Markers,8,39
Ukraine,410,Markers,10,39
India,416,Folders,2,39
Korea,417,Pencil Pouch,6,39
India,421,Sharpie pens,8,39
Iran,400,Notebooks,2,40
Ukraine,404,Chromebooks,3,40
Ukraine,408,Rulers,3,40
Russia,409,Crayons,3,40
France,412,Uniforms,6,40
Iran,416,Folders,2,40
Ireland,417,Pencil Pouch,5,40
Brazil,419,Lunch Bags,7,40
Ukraine,421,Sharpie pens,9,40
France,403,Erasers,1,41
Ireland,409,Crayons,10,41
India,413,Sketchbooks,4,41
Ukraine,420,Gym Bag,10,41
France,422,Lunchbox,6,41
Ireland,423,Index cards,10,41
Mexico,400,Notebooks,5,42
Australia,406,Backpacks,10,42
Great Britain,411,Calculators,2,42
Iran,413,Sketchbooks,2,42
Great Britain,420,Gym Bag,6,42
Iran,400,Notebooks,4,43
India,402,Mechanical Pencils,6,43
Japan,402,Mechanical Pencils,5,43
Korea,404,Chromebooks,1,43
Germany,414,Notepads,3,43
Korea,414,Notepads,5,43
Australia,415,Pens,4,43
India,419,Lunch Bags,2,43
France,406,Backpacks,10,44
Mexico,415,Pens,7,44
India,419,Lunch Bags,3,44
France,400,Notebooks,1,45
Mexico,401,Pencils,4,45
Korea,418,Glue Stick,9,45
China,419,Lunch Bags,5,45
Japan,420,Gym Bag,2,45
Korea,421,Sharpie pens,4,45
Russia,402,Mechanical Pencils,7,46
United States,403,Erasers,3,46
India,408,Rulers,6,46
Korea,415,Pens,4,46
Russia,420,Gym Bag,1,46
India,410,Markers,9,47
Russia,416,Folders,7,47
China,419,Lunch Bags,9,47
China,422,Lunchbox,4,47
Brazil,404,Chromebooks,10,48
Japan,405,Textbooks,9,48
Korea,406,Backpacks,9,48
Russia,407,Bags,4,48
Korea,418,Glue Stick,1,48
France,414,Notepads,10,49
United States,414,Notepads,5,49
Germany,416,Folders,2,49
Japan,401,Pencils,8,50
Ukraine,409,Crayons,3,50
China,414,Notepads,7,50
Japan,402,Mechanical Pencils,10,51
Japan,403,Erasers,8,51
Ireland,406,Backpacks,10,51
France,416,Folders,1,51
Ukraine,417,Pencil Pouch,7,51
Mexico,419,Lunch Bags,8,51
Iran,401,Pencils,7,52
Brazil,411,Calculators,9,52
Germany,415,Pens,8,52
United States,419,Lunch Bags,7,52
China,402,Mechanical Pencils,4,53
Korea,404,Chromebooks,8,53
France,407,Bags,6,53
Ukraine,410,Markers,7,53
China,413,Sketchbooks,4,53
India,420,Gym Bag,10,53
Ireland,421,Sharpie pens,4,53
Australia,415,Pens,5,54
Japan,416,Folders,6,54
Japan,420,Gym Bag,9,54
India,400,Notebooks,8,55
United States,400,Notebooks,3,55
India,404,Chromebooks,8,55
Brazil,408,Rulers,4,55
Japan,408,Rulers,7,55
Brazil,416,Folders,4,55
United States,417,Pencil Pouch,5,55
Great Britain,402,Mechanical Pencils,2,56
Brazil,403,Erasers,6,56
India,404,Chromebooks,5,56
United States,404,Chromebooks,9,56
Japan,406,Backpacks,7,56
Mexico,406,Backpacks,3,56
Brazil,411,Calculators,7,56
Korea,415,Pens,5,56
India,422,Lunchbox,8,56
Germany,406,Backpacks,5,57
India,409,Crayons,2,57
Germany,410,Markers,6,57
Brazil,412,Uniforms,3,57
Germany,415,Pens,6,57
United States,415,Pens,10,57
Brazil,419,Lunch Bags,3,57
Russia,423,Index cards,4,57
China,409,Crayons,6,58
Brazil,411,Calculators,7,58
Australia,413,Sketchbooks,4,58
China,423,Index cards,6,58
Germany,401,Pencils,9,59
Iran,401,Pencils,2,59
Russia,410,Markers,8,59
Russia,411,Calculators,5,59
Ukraine,415,Pens,7,59
United States,415,Pens,6,59
Japan,417,Pencil Pouch,7,59
Ukraine,420,Gym Bag,3,59
China,421,Sharpie pens,3,59
China,422,Lunchbox,4,59
United States,423,Index cards,9,59
Great Britain,405,Textbooks,5,60
Mexico,413,Sketchbooks,5,60
Mexico,418,Glue Stick,9,60
Japan,421,Sharpie pens,5,60
Great Britain,401,Pencils,2,61
India,402,Mechanical Pencils,7,61
United States,404,Chromebooks,6,61
China,407,Bags,7,61
Ukraine,408,Rulers,6,61
Brazil,411,Calculators,9,61
Ukraine,413,Sketchbooks,9,61
Brazil,418,Glue Stick,4,61
Brazil,420,Gym Bag,9,61
China,402,Mechanical Pencils,8,62
Great Britain,402,Mechanical Pencils,8,62
Korea,402,Mechanical Pencils,7,62
Brazil,404,Chromebooks,1,62
Russia,412,Uniforms,6,62
Germany,413,Sketchbooks,7,62
Iran,413,Sketchbooks,7,62
Japan,416,Folders,8,62
Japan,418,Glue Stick,5,62
Brazil,419,Lunch Bags,7,62
United States,401,Pencils,7,63
Germany,410,Markers,1,63
Ukraine,402,Mechanical Pencils,5,64
United States,410,Markers,5,64
Ukraine,414,Notepads,7,64
Brazil,415,Pens,5,64
Mexico,415,Pens,6,64
China,423,Index cards,4,64
Ukraine,423,Index cards,6,64
Mexico,400,Notebooks,9,65
India,409,Crayons,8,65
Ireland,410,Markers,10,65
Ireland,413,Sketchbooks,5,65
Germany,416,Folders,1,65
Korea,423,Index cards,2,65
Australia,400,Notebooks,5,66
Russia,401,Pencils,10,66
Mexico,404,Chromebooks,4,66
India,407,Bags,8,66
Great Britain,410,Markers,4,66
Russia,412,Uniforms,1,66
Australia,416,Folders,2,66
Mexico,418,Glue Stick,4,66
Ireland,419,Lunch Bags,6,66
Germany,420,Gym Bag,10,66
China,401,Pencils,5,67
Great Britain,402,Mechanical Pencils,1,67
Mexico,408,Rulers,4,67
Brazil,417,Pencil Pouch,3,67
Korea,417,Pencil Pouch,1,67
Brazil,418,Glue Stick,2,67
Japan,419,Lunch Bags,2,67
Korea,422,Lunchbox,10,67
United States,422,Lunchbox,5,67
Mexico,403,Erasers,4,68
Ukraine,404,Chromebooks,1,68
Ireland,411,Calculators,5,68
Japan,413,Sketchbooks,5,68
Australia,422,Lunchbox,2,68
Great Britain,403,Erasers,8,69
Germany,411,Calculators,9,69
Russia,417,Pencil Pouch,7,69
Brazil,421,Sharpie pens,8,69
Ireland,423,Index cards,1,69
India,400,Notebooks,6,70
Korea,404,Chromebooks,7,70
Mexico,404,Chromebooks,5,70
Japan,407,Bags,7,70
Australia,410,Markers,2,70
Ukraine,411,Calculators,7,70
Germany,413,Sketchbooks,2,70
Russia,414,Notepads,8,70
Japan,416,Folders,8,70
Korea,416,Folders,9,70
Australia,417,Pencil Pouch,5,70
Great Britain,423,Index cards,4,70
Mexico,423,Index cards,5,70
Russia,402,Mechanical Pencils,9,71
Ireland,405,Textbooks,9,71
Great Britain,407,Bags,1,71
Australia,415,Pens,5,71
Korea,417,Pencil Pouch,9,71
Australia,421,Sharpie pens,5,71
India,405,Textbooks,3,72
United States,407,Bags,6,72
Ireland,410,Markers,5,72
China,411,Calculators,1,72
China,413,Sketchbooks,9,72
Australia,417,Pencil Pouch,3,72
Great Britain,418,Glue Stick,6,72
Mexico,419,Lunch Bags,3,72
Germany,422,Lunchbox,3,72
Russia,412,Uniforms,8,73
Russia,413,Sketchbooks,7,73
Brazil,415,Pens,4,73
Japan,415,Pens,9,73
China,417,Pencil Pouch,5,73
Brazil,422,Lunchbox,8,73
United States,401,Pencils,8,74
Japan,405,Textbooks,9,74
Brazil,406,Backpacks,9,74
Iran,410,Markers,7,74
France,412,Uniforms,3,74
Russia,416,Folders,7,74
Australia,404,Chromebooks,1,75
Germany,405,Textbooks,4,75
India,409,Crayons,9,75
Iran,409,Crayons,7,75
Germany,418,Glue Stick,4,75
Japan,420,Gym Bag,5,75
Australia,402,Mechanical Pencils,4,76
Brazil,405,Textbooks,4,76
Russia,414,Notepads,8,76
Iran,409,Crayons,2,77
Mexico,412,Uniforms,1,77
Mexico,419,Lunch Bags,5,77
Korea,404,Chromebooks,2,78
India,405,Textbooks,8,78
Ukraine,405,Textbooks,6,78
France,410,Markers,3,78
Iran,410,Markers,8,78
Australia,412,Uniforms,9,78
Brazil,412,Uniforms,2,78
Ireland,413,Sketchbooks,10,78
China,414,Notepads,8,78
Ukraine,415,Pens,6,78
China,416,Folders,5,78
Brazil,418,Glue Stick,6,78
India,421,Sharpie pens,3,78
Ukraine,421,Sharpie pens,7,78
Great Britain,400,Notebooks,5,79
China,401,Pencils,1,79
Australia,402,Mechanical Pencils,4,79
Australia,405,Textbooks,4,79
Great Britain,405,Textbooks,8,79
Mexico,410,Markers,1,79
Great Britain,411,Calculators,9,79
Ireland,412,Uniforms,5,79
France,417,Pencil Pouch,3,79
India,419,Lunch Bags,10,79
Brazil,405,Textbooks,2,80
Russia,406,Backpacks,8,80
Ireland,408,Rulers,8,80
Great Britain,409,Crayons,4,80
Australia,418,Glue Stick,5,80
Japan,420,Gym Bag,1,80
Korea,402,Mechanical Pencils,8,81
Mexico,402,Mechanical Pencils,7,81
China,403,Erasers,2,81
India,404,Chromebooks,9,81
Ukraine,413,Sketchbooks,5,81
France,414,Notepads,9,81
Brazil,418,Glue Stick,9,81
Ireland,418,Glue Stick,2,81
Ireland,420,Gym Bag,4,81
Great Britain,422,Lunchbox,3,81
Japan,422,Lunchbox,7,81
India,400,Notebooks,9,82
India,402,Mechanical Pencils,6,82
Japan,402,Mechanical Pencils,8,82
Russia,406,Backpacks,9,82
India,407,Bags,6,82
Iran,407,Bags,7,82
Brazil,408,Rulers,4,82
Iran,400,Notebooks,3,83
Mexico,402,Mechanical Pencils,5,83
France,403,Erasers,9,83
Mexico,403,Erasers,6,83
Russia,404,Chromebooks,3,83
Australia,405,Textbooks,10,83
Ukraine,408,Rulers,5,83
Ireland,409,Crayons,7,83
Ukraine,410,Markers,10,83
Great Britain,411,Calculators,10,83
Korea,411,Calculators,10,83
Germany,414,Notepads,8,83
Iran,415,Pens,3,83
Ukraine,418,Glue Stick,10,83
Korea,420,Gym Bag,1,83
Australia,422,Lunchbox,9,83
China,423,Index cards,10,83
India,423,Index cards,7,83
Germany,402,Mechanical Pencils,9,84
Great Britain,405,Textbooks,6,84
Australia,409,Crayons,1,84
Australia,410,Markers,9,84
Russia,410,Markers,3,84
India,414,Notepads,7,84
Australia,416,Folders,6,84
Australia,422,Lunchbox,6,84
India,401,Pencils,2,85
Iran,402,Mechanical Pencils,9,85
Iran,408,Rulers,9,85
Brazil,411,Calculators,10,85
Korea,415,Pens,7,85
Australia,416,Folders,1,85
Iran,416,Folders,7,85
Russia,416,Folders,5,85
India,417,Pencil Pouch,8,85
Australia,418,Glue Stick,10,85
Iran,400,Notebooks,5,86
Mexico,403,Erasers,8,86
Mexico,404,Chromebooks,10,86
Brazil,405,Textbooks,7,86
China,405,Textbooks,9,86
Korea,411,Calculators,8,86
India,413,Sketchbooks,5,86
Japan,413,Sketchbooks,9,86
China,415,Pens,2,86
Ukraine,419,Lunch Bags,9,86
Brazil,402,Mechanical Pencils,14,87
China,404,Chromebooks,7,87
Great Britain,406,Backpacks,9,87
Brazil,414,Notepads,4,87
Japan,419,Lunch Bags,8,87
China,422,Lunchbox,7,87
Mexico,423,Index cards,3,87
United States,423,Index cards,5,87
Great Britain,403,Erasers,5,91
Germany,410,Markers,7,91
China,411,Calculators,2,91
Australia,409,Crayons,9,92
Ireland,414,Notepads,8,92
Australia,405,Textbooks,5,93
Brazil,407,Bags,10,93
Iran,402,Mechanical Pencils,10,94
Russia,403,Erasers,2,94
Australia,413,Sketchbooks,10,95
Russia,417,Pencil Pouch,6,95
Korea,418,Glue Stick,2,95
Russia,423,Index cards,7,95
Brazil,405,Textbooks,1,96
Iran,419,Lunch Bags,4,96
Russia,420,Gym Bag,2,97
Mexico,422,Lunchbox,4,97
Mexico,400,Notebooks,1,98
France,404,Chromebooks,3,98
Ireland,406,Backpacks,2,98
Ireland,412,Uniforms,2,98
Germany,416,Folders,4,98
Japan,402,Mechanical Pencils,2,99
Brazil,403,Erasers,9,99
Germany,414,Notepads,2,99
United States,402,Mechanical Pencils,5,100
Ukraine,408,Rulers,2,100
France,413,Sketchbooks,10,100
Ukraine,417,Pencil Pouch,6,100
Iran,419,Lunch Bags,6,100
India,423,Index cards,5,100
Great Britain,411,Calculators,5,101
Ukraine,412,Uniforms,4,101
Ireland,415,Pens,1,101
Iran,416,Folders,8,101
Australia,404,Chromebooks,9,102
China,406,Backpacks,8,102
India,408,Rulers,8,102
Ireland,419,Lunch Bags,1,102
India,421,Sharpie pens,8,102
France,402,Mechanical Pencils,8,103
France,410,Markers,8,103
Germany,416,Folders,3,103
Germany,422,Lunchbox,4,103
Brazil,417,Pencil Pouch,9,104
Ireland,418,Glue Stick,7,104
Korea,419,Lunch Bags,9,104
Korea,422,Lunchbox,8,104
Brazil,423,Index cards,9,104
India,403,Erasers,9,105
Ukraine,404,Chromebooks,1,105
Brazil,405,Textbooks,6,105
Australia,408,Rulers,6,105
Brazil,409,Crayons,6,105
Australia,410,Markers,6,105
China,411,Calculators,9,105
France,405,Textbooks,7,106
Great Britain,410,Markers,3,106
India,410,Markers,10,106
Mexico,412,Uniforms,3,106
France,420,Gym Bag,9,106
United States,421,Sharpie pens,4,106
Iran,423,Index cards,10,107
Mexico,403,Erasers,4,108
France,404,Chromebooks,4,108
Korea,404,Chromebooks,5,108
Mexico,415,Pens,4,109
Mexico,419,Lunch Bags,8,109
Great Britain,422,Lunchbox,4,109
Brazil,423,Index cards,9,109
Germany,404,Chromebooks,4,110
Brazil,421,Sharpie pens,6,110
Korea,421,Sharpie pens,10,110
Australia,406,Backpacks,4,111
Australia,409,Crayons,7,111
Brazil,409,Crayons,1,111
Iran,410,Markers,3,111
Brazil,413,Sketchbooks,1,111
United States,413,Sketchbooks,9,111
India,418,Glue Stick,4,111
Great Britain,400,Notebooks,3,112
Mexico,401,Pencils,5,112
Iran,405,Textbooks,8,112
France,410,Markers,10,112
Ireland,415,Pens,6,112
Ukraine,419,Lunch Bags,9,112
Mexico,421,Sharpie pens,3,112
Japan,400,Notebooks,3,113
Ukraine,400,Notebooks,10,113
Korea,403,Erasers,6,113
United States,404,Chromebooks,3,113
India,412,Uniforms,10,113
China,414,Notepads,6,113
Great Britain,415,Pens,1,113
Mexico,415,Pens,7,113
China,418,Glue Stick,7,113
Ukraine,419,Lunch Bags,8,113
Ireland,400,Notebooks,7,114
United States,401,Pencils,9,114
Korea,415,Pens,4,114
China,417,Pencil Pouch,9,114
Brazil,411,Calculators,1,115
Mexico,411,Calculators,2,115
Iran,416,Folders,5,115
Brazil,417,Pencil Pouch,1,115
Japan,420,Gym Bag,1,115
Great Britain,409,Crayons,10,116
France,414,Notepads,2,116
Great Britain,415,Pens,8,116
China,423,Index cards,8,116
Ireland,401,Pencils,10,117
China,404,Chromebooks,3,117
United States,411,Calculators,9,117
India,418,Glue Stick,5,117
France,419,Lunch Bags,7,117
Great Britain,420,Gym Bag,4,117
Great Britain,406,Backpacks,8,118
Brazil,413,Sketchbooks,1,118
Russia,414,Notepads,9,118
Russia,402,Mechanical Pencils,7,121
Germany,404,Chromebooks,3,121
Australia,410,Markers,7,121
Russia,413,Sketchbooks,1,121
China,412,Uniforms,1,122
Mexico,415,Pens,5,122
Ireland,418,Glue Stick,1,123
United States,418,Glue Stick,9,124
Germany,417,Pencil Pouch,4,125
Australia,420,Gym Bag,8,125
Australia,403,Erasers,8,126
China,404,Chromebooks,9,126
France,414,Notepads,4,126
Germany,414,Notepads,6,126
China,422,Lunchbox,9,126
Russia,407,Bags,4,127
Mexico,409,Crayons,6,127
India,412,Uniforms,3,127
Ukraine,423,Index cards,4,127
Iran,400,Notebooks,2,128
Germany,401,Pencils,6,128
Korea,403,Erasers,3,129
Japan,409,Crayons,4,129
Japan,416,Folders,4,129
Ireland,405,Textbooks,4,130
Korea,421,Sharpie pens,8,130
United States,409,Crayons,4,131
Ireland,413,Sketchbooks,8,131
Russia,413,Sketchbooks,7,131
Russia,414,Notepads,8,131
Japan,416,Folders,8,131
Germany,409,Crayons,3,132
India,412,Uniforms,8,132
Russia,406,Backpacks,8,133
Germany,418,Glue Stick,10,133
Great Britain,401,Pencils,10,134
Mexico,401,Pencils,4,134
Japan,418,Glue Stick,1,134
Japan,400,Notebooks,10,135
Russia,401,Pencils,4,135
Brazil,403,Erasers,3,135
Ireland,406,Backpacks,6,135
Ukraine,422,Lunchbox,10,135
Ireland,423,Index cards,8,135
India,421,Sharpie pens,9,136
Mexico,400,Notebooks,9,137
Brazil,401,Pencils,5,137
Australia,402,Mechanical Pencils,8,138
China,404,Chromebooks,7,138
Brazil,407,Bags,8,138
Australia,406,Backpacks,6,139
Mexico,409,Crayons,4,139
Australia,410,Markers,6,139
Australia,411,Calculators,9,139
France,411,Calculators,7,139
Brazil,412,Uniforms,10,139
Great Britain,416,Folders,2,139
Australia,409,Crayons,5,140
Mexico,415,Pens,10,140
France,419,Lunch Bags,4,140
Mexico,404,Chromebooks,7,141
Mexico,411,Calculators,1,141
Germany,420,Gym Bag,5,141
Brazil,401,Pencils,1,142
Korea,404,Chromebooks,8,142
United States,408,Rulers,9,143
Ukraine,400,Notebooks,5,144
Brazil,413,Sketchbooks,2,144
Japan,403,Erasers,4,145
Russia,403,Erasers,7,145
Iran,404,Chromebooks,7,145
United States,405,Textbooks,7,145
China,414,Notepads,5,145
France,404,Chromebooks,6,146
Korea,406,Backpacks,6,146
Brazil,409,Crayons,4,146
Great Britain,417,Pencil Pouch,9,146
Mexico,419,Lunch Bags,1,146
Brazil,417,Pencil Pouch,5,147
India,400,Notebooks,4,148
France,403,Erasers,5,148
Japan,403,Erasers,8,148
Ukraine,413,Sketchbooks,4,148
Mexico,421,Sharpie pens,8,148
India,400,Notebooks,7,152
Russia,400,Notebooks,10,152
Great Britain,403,Erasers,10,152
India,414,Notepads,5,152
Korea,402,Mechanical Pencils,2,153
France,406,Backpacks,2,153
India,410,Markers,7,153
Brazil,411,Calculators,4,153
Korea,416,Folders,2,153
Great Britain,419,Lunch Bags,6,153
Iran,403,Erasers,2,154
Korea,403,Erasers,6,154
United States,404,Chromebooks,7,154
France,409,Crayons,4,154
France,410,Markers,5,154
Iran,415,Pens,2,154
United States,415,Pens,8,154
Mexico,416,Folders,2,154
France,418,Glue Stick,6,154
Japan,418,Glue Stick,5,154
China,420,Gym Bag,8,154
Korea,400,Notebooks,7,155
France,403,Erasers,4,155
Germany,405,Textbooks,8,155
India,405,Textbooks,8,155
Brazil,407,Bags,4,155
China,407,Bags,5,155
Mexico,407,Bags,10,155
Mexico,408,Rulers,7,155
Brazil,409,Crayons,8,155
Brazil,412,Uniforms,8,155
India,413,Sketchbooks,3,155
Japan,413,Sketchbooks,4,155
United States,417,Pencil Pouch,4,155
Australia,421,Sharpie pens,4,155
Germany,402,Mechanical Pencils,4,156
Korea,403,Erasers,8,156
China,404,Chromebooks,10,156
Germany,408,Rulers,6,156
Iran,408,Rulers,2,156
China,410,Markers,1,156
Korea,411,Calculators,2,156
France,412,Uniforms,10,156
Great Britain,413,Sketchbooks,8,156
India,414,Notepads,1,156
China,420,Gym Bag,3,156
Ireland,420,Gym Bag,10,156
India,401,Pencils,5,157
Russia,403,Erasers,9,157
Mexico,410,Markers,8,157
Japan,413,Sketchbooks,8,157
United States,413,Sketchbooks,2,157
China,418,Glue Stick,9,157
Russia,418,Glue Stick,1,157
United States,420,Gym Bag,2,157
Ukraine,403,Erasers,10,158
China,409,Crayons,4,158
Mexico,412,Uniforms,4,158
Korea,417,Pencil Pouch,8,158
China,418,Glue Stick,4,158
Great Britain,419,Lunch Bags,6,158
Ireland,420,Gym Bag,8,158
Mexico,420,Gym Bag,1,158
Korea,421,Sharpie pens,3,158
Ukraine,400,Notebooks,3,159
Korea,411,Calculators,6,159
Ireland,413,Sketchbooks,10,159
United States,413,Sketchbooks,3,159
Great Britain,419,Lunch Bags,7,159
Ireland,422,Lunchbox,7,159
Russia,422,Lunchbox,7,159
Australia,401,Pencils,1,160
Iran,402,Mechanical Pencils,3,160
Russia,402,Mechanical Pencils,5,160
Germany,404,Chromebooks,5,160
India,412,Uniforms,3,160
Russia,412,Uniforms,8,160
United States,415,Pens,5,160
Ireland,421,Sharpie pens,6,160
United States,421,Sharpie pens,3,160
Russia,423,Index cards,9,160
Ukraine,400,Notebooks,1,161
Russia,404,Chromebooks,3,161
Australia,406,Backpacks,2,161
United States,407,Bags,6,161
Great Britain,409,Crayons,10,161
Korea,411,Calculators,8,161
France,416,Folders,7,161
Ireland,418,Glue Stick,6,161
Russia,421,Sharpie pens,1,161
Brazil,400,Notebooks,4,162
Mexico,400,Notebooks,5,162
China,402,Mechanical Pencils,8,162
United States,404,Chromebooks,1,162
Australia,410,Markers,3,162
Mexico,413,Sketchbooks,4,162
France,420,Gym Bag,3,162
France,422,Lunchbox,7,162
China,402,Mechanical Pencils,10,163
Russia,402,Mechanical Pencils,4,163
China,403,Erasers,10,163
Russia,406,Backpacks,10,163
Brazil,408,Rulers,3,163
Iran,410,Markers,10,163
Australia,411,Calculators,6,163
United States,412,Uniforms,9,163
Germany,414,Notepads,6,163
Australia,421,Sharpie pens,7,163
Russia,421,Sharpie pens,10,163
India,400,Notebooks,2,164
Mexico,400,Notebooks,8,164
Germany,402,Mechanical Pencils,4,164
Great Britain,404,Chromebooks,3,164
Brazil,406,Backpacks,1,164
Japan,407,Bags,5,164
France,409,Crayons,1,164
Ireland,409,Crayons,4,164
United States,410,Markers,7,164
United States,413,Sketchbooks,4,164
Russia,416,Folders,1,164
France,417,Pencil Pouch,2,164
Great Britain,419,Lunch Bags,3,164
France,420,Gym Bag,1,164
France,421,Sharpie pens,10,164
Germany,423,Index cards,8,164
Iran,423,Index cards,1,164
Mexico,400,Notebooks,5,165
China,401,Pencils,2,165
Great Britain,402,Mechanical Pencils,2,165
Ukraine,402,Mechanical Pencils,7,165
Korea,405,Textbooks,4,165
Brazil,408,Rulers,5,165
Mexico,410,Markers,2,165
United States,416,Folders,5,165
France,417,Pencil Pouch,1,165
France,423,Index cards,9,165
France,401,Pencils,6,166
Korea,404,Chromebooks,5,166
China,405,Textbooks,8,166
Brazil,407,Bags,6,166
Brazil,410,Markers,4,166
France,410,Markers,3,166
Russia,411,Calculators,6,166
Russia,417,Pencil Pouch,6,166
China,419,Lunch Bags,2,166
Brazil,421,Sharpie pens,3,166
Ukraine,421,Sharpie pens,7,166
Germany,422,Lunchbox,8,166
Australia,400,Notebooks,3,167
Australia,402,Mechanical Pencils,8,167
France,402,Mechanical Pencils,8,167
United States,404,Chromebooks,5,167
Korea,406,Backpacks,2,167
Ireland,409,Crayons,4,167
Mexico,414,Notepads,4,167
Iran,415,Pens,2,167
Australia,419,Lunch Bags,2,167
Ireland,420,Gym Bag,4,167
Brazil,401,Pencils,4,168
Korea,401,Pencils,9,168
United States,402,Mechanical Pencils,3,168
Great Britain,403,Erasers,7,168
Ukraine,408,Rulers,9,168
Russia,413,Sketchbooks,10,168
Korea,415,Pens,4,168
Ireland,416,Folders,4,168
Mexico,417,Pencil Pouch,4,168
Ukraine,419,Lunch Bags,8,168
United States,419,Lunch Bags,3,168
Mexico,406,Backpacks,3,169
Korea,407,Bags,9,169
Australia,417,Pencil Pouch,2,169
Mexico,418,Glue Stick,4,169
Great Britain,421,Sharpie pens,1,169
Korea,421,Sharpie pens,7,169
Japan,400,Notebooks,6,170
China,402,Mechanical Pencils,3,170
United States,406,Backpacks,3,170
Iran,409,Crayons,9,170
Iran,410,Markers,8,170
United States,413,Sketchbooks,3,170
Germany,415,Pens,7,170
Japan,418,Glue Stick,7,170
United States,418,Glue Stick,3,170
Iran,421,Sharpie pens,9,170
Russia,422,Lunchbox,1,170
Ireland,400,Notebooks,7,171
Ireland,401,Pencils,3,171
France,407,Bags,5,171
China,409,Crayons,9,171
Japan,411,Calculators,9,171
Australia,412,Uniforms,6,171
Mexico,419,Lunch Bags,10,171
Russia,400,Notebooks,5,172
Germany,403,Erasers,2,172
Germany,405,Textbooks,2,172
Japan,405,Textbooks,7,172
India,406,Backpacks,9,172
Russia,408,Rulers,9,172
France,410,Markers,7,172
Great Britain,412,Uniforms,6,172
Brazil,414,Notepads,10,172
France,415,Pens,8,172
United States,417,Pencil Pouch,6,172
Iran,418,Glue Stick,3,172
France,419,Lunch Bags,8,172
Germany,419,Lunch Bags,2,172
Korea,420,Gym Bag,4,172
Australia,422,Lunchbox,7,172
Germany,422,Lunchbox,6,172
China,423,Index cards,1,172
India,401,Pencils,5,173
Brazil,404,Chromebooks,3,173
Ukraine,407,Bags,9,173
Korea,418,Glue Stick,6,173
Russia,421,Sharpie pens,5,173
Ukraine,401,Pencils,10,174
Great Britain,402,Mechanical Pencils,5,174
France,404,Chromebooks,8,174
Ukraine,406,Backpacks,7,174
China,407,Bags,3,174
France,408,Rulers,2,174
Ukraine,412,Uniforms,4,174
Brazil,414,Notepads,9,174
Ukraine,417,Pencil Pouch,7,174
Korea,418,Glue Stick,5,174
Ukraine,421,Sharpie pens,5,174
Brazil,406,Backpacks,5,175
Russia,409,Crayons,8,175
France,410,Markers,3,175
Great Britain,411,Calculators,13,175
Ukraine,411,Calculators,7,175
Russia,417,Pencil Pouch,7,175
China,419,Lunch Bags,3,175
Russia,419,Lunch Bags,2,175
Russia,422,Lunchbox,8,175
Korea,423,Index cards,9,175
Brazil,400,Notebooks,8,176
India,401,Pencils,5,176
Australia,403,Erasers,3,176
Ireland,406,Backpacks,2,176
Japan,408,Rulers,6,176
Iran,412,Uniforms,2,176
Brazil,420,Gym Bag,10,176
Germany,401,Pencils,8,177
Ireland,403,Erasers,3,177
Great Britain,404,Chromebooks,8,177
Mexico,408,Rulers,5,177
Iran,413,Sketchbooks,10,177
China,415,Pens,4,177
Mexico,421,Sharpie pens,5,177
France,422,Lunchbox,7,177
Germany,423,Index cards,8,177
Ukraine,400,Notebooks,6,178
Great Britain,402,Mechanical Pencils,2,178
Ukraine,404,Chromebooks,6,178
United States,407,Bags,8,178
Great Britain,409,Crayons,2,178
Great Britain,412,Uniforms,10,178
Australia,413,Sketchbooks,7,178
Ireland,414,Notepads,2,178
United States,419,Lunch Bags,6,178
Korea,420,Gym Bag,2,178
Australia,421,Sharpie pens,9,178
Korea,422,Lunchbox,9,178
Russia,423,Index cards,9,178
France,405,Textbooks,4,179
Iran,406,Backpacks,5,179
India,411,Calculators,8,179
Japan,415,Pens,4,179
Great Britain,416,Folders,5,179
Russia,423,Index cards,1,179
Brazil,403,Erasers,7,182
Mexico,404,Chromebooks,9,182
France,407,Bags,2,182
Germany,407,Bags,3,182
France,409,Crayons,2,182
Ireland,411,Calculators,8,182
Russia,411,Calculators,6,182
India,412,Uniforms,5,182
Brazil,413,Sketchbooks,3,182
Ireland,413,Sketchbooks,8,182
China,418,Glue Stick,5,182
India,422,Lunchbox,4,182
Ireland,422,Lunchbox,8,182
Russia,404,Chromebooks,5,183
Australia,405,Textbooks,2,183
Germany,409,Crayons,8,183
Germany,410,Markers,1,183
Mexico,412,Uniforms,7,183
France,413,Sketchbooks,9,183
Russia,413,Sketchbooks,5,183
Ukraine,415,Pens,1,183
United States,416,Folders,3,183
Russia,418,Glue Stick,15,183
Germany,419,Lunch Bags,3,183
France,420,Gym Bag,3,183
Ukraine,400,Notebooks,3,184
Germany,403,Erasers,2,184
Ireland,403,Erasers,9,184
Germany,404,Chromebooks,9,184
France,406,Backpacks,6,184
Korea,407,Bags,10,184
Ireland,410,Markers,9,184
United States,410,Markers,8,184
Germany,411,Calculators,8,184
Ukraine,411,Calculators,10,184
France,413,Sketchbooks,9,184
Ireland,414,Notepads,9,184
Ireland,415,Pens,9,184
Korea,416,Folders,10,184
Australia,417,Pencil Pouch,3,184
Iran,418,Glue Stick,6,184
Ukraine,421,Sharpie pens,5,184
Ireland,422,Lunchbox,6,184
Ukraine,423,Index cards,4,184
India,401,Pencils,1,185
France,408,Rulers,4,185
Great Britain,411,Calculators,7,185
United States,411,Calculators,4,185
China,413,Sketchbooks,5,185
Mexico,414,Notepads,4,185
United States,414,Notepads,10,185
Ireland,416,Folders,6,185
China,417,Pencil Pouch,5,185
Ukraine,418,Glue Stick,10,185
Japan,420,Gym Bag,3,185
France,421,Sharpie pens,8,185
United States,421,Sharpie pens,4,185
France,422,Lunchbox,1,185
Russia,402,Mechanical Pencils,10,186
Japan,403,Erasers,1,186
India,407,Bags,9,186
Japan,408,Rulers,8,186
Australia,416,Folders,4,186
United States,418,Glue Stick,2,186
Germany,419,Lunch Bags,2,186
Japan,419,Lunch Bags,3,186
Australia,405,Textbooks,7,187
Russia,418,Glue Stick,2,187
Korea,420,Gym Bag,3,187
Ukraine,422,Lunchbox,1,187
Brazil,400,Notebooks,3,188
Ukraine,401,Pencils,4,188
Great Britain,405,Textbooks,7,188
China,416,Folders,5,188
France,417,Pencil Pouch,10,188
France,420,Gym Bag,5,188
Ireland,422,Lunchbox,10,188
India,400,Notebooks,8,189
Russia,403,Erasers,4,189
Ukraine,403,Erasers,2,189
Germany,411,Calculators,6,189
Iran,415,Pens,1,189
India,421,Sharpie pens,4,189
Ukraine,401,Pencils,7,190
France,408,Rulers,4,190
France,409,Crayons,10,190
Japan,412,Uniforms,7,190
Ukraine,413,Sketchbooks,7,190
Russia,415,Pens,3,190
China,416,Folders,3,190
Ireland,418,Glue Stick,4,190
Australia,423,Index cards,5,190
India,401,Pencils,10,191
Ireland,404,Chromebooks,5,191
India,406,Backpacks,10,191
Ukraine,407,Bags,2,191
Ukraine,408,Rulers,5,191
United States,409,Crayons,6,191
Ukraine,411,Calculators,5,191
Korea,416,Folders,9,191
Great Britain,418,Glue Stick,2,191
France,400,Notebooks,2,192
United States,401,Pencils,2,192
Australia,403,Erasers,6,192
Australia,407,Bags,6,192
United States,408,Rulers,5,192
France,411,Calculators,8,192
Ukraine,415,Pens,3,192
Ireland,400,Notebooks,4,193
Australia,403,Erasers,10,193
Ukraine,404,Chromebooks,9,193
Iran,410,Markers,2,193
United States,411,Calculators,6,193
Japan,413,Sketchbooks,2,193
United States,420,Gym Bag,6,193
Iran,421,Sharpie pens,8,193
Russia,421,Sharpie pens,5,193
Ukraine,401,Pencils,9,194
Iran,402,Mechanical Pencils,2,194
Ukraine,405,Textbooks,9,194
United States,407,Bags,4,194
Korea,414,Notepads,6,194
Germany,416,Folders,4,194
Japan,420,Gym Bag,4,194
Korea,420,Gym Bag,6,194
Iran,400,Notebooks,5,195
Ireland,402,Mechanical Pencils,9,195
Russia,402,Mechanical Pencils,6,195
Japan,406,Backpacks,10,195
Mexico,410,Markers,12,195
Great Britain,411,Calculators,1,195
France,415,Pens,3,195
India,416,Folders,9,195
Great Britain,410,Markers,9,196
Germany,411,Calculators,4,196
Japan,411,Calculators,3,196
India,420,Gym Bag,8,196
Australia,421,Sharpie pens,6,196
Brazil,401,Pencils,5,197
Japan,401,Pencils,10,197
Ireland,403,Erasers,4,197
Korea,404,Chromebooks,6,197
Mexico,404,Chromebooks,1,197
France,405,Textbooks,10,197
Germany,411,Calculators,2,197
Brazil,412,Uniforms,4,197
Australia,413,Sketchbooks,9,197
Korea,422,Lunchbox,5,197
Korea,423,Index cards,5,197
Germany,402,Mechanical Pencils,4,198
India,402,Mechanical Pencils,6,198
Great Britain,408,Rulers,2,198
Mexico,411,Calculators,7,198
Japan,412,Uniforms,8,198
China,414,Notepads,4,198
Ukraine,415,Pens,6,198
Ireland,421,Sharpie pens,10,198
Mexico,403,Erasers,3,199
Australia,405,Textbooks,9,199
China,415,Pens,10,199
Russia,418,Glue Stick,4,199
Mexico,419,Lunch Bags,3,199
Germany,421,Sharpie pens,10,199
Iran,422,Lunchbox,9,199
Brazil,405,Textbooks,4,200
Ukraine,406,Backpacks,4,200
Ireland,410,Markers,4,200
Mexico,412,Uniforms,3,200
Ukraine,414,Notepads,4,200
Ireland,422,Lunchbox,4,200
Russia,400,Notebooks,7,201
Australia,406,Backpacks,1,201
United States,406,Backpacks,7,201
Brazil,408,Rulers,2,201
Ukraine,415,Pens,2,201
India,417,Pencil Pouch,2,201
Brazil,404,Chromebooks,10,202
Great Britain,405,Textbooks,2,202
Iran,406,Backpacks,1,202
Japan,406,Backpacks,9,202
Mexico,406,Backpacks,3,202
United States,406,Backpacks,3,202
China,413,Sketchbooks,8,202
Japan,419,Lunch Bags,3,202
Ireland,403,Erasers,4,203
Ukraine,404,Chromebooks,8,203
United States,406,Backpacks,8,203
Germany,410,Markers,4,203
France,411,Calculators,2,203
India,413,Sketchbooks,9,203
Japan,413,Sketchbooks,2,203
Japan,414,Notepads,1,203
India,416,Folders,9,203
Great Britain,401,Pencils,4,204
Mexico,407,Bags,1,204
Russia,409,Crayons,5,204
Iran,412,Uniforms,5,204
Iran,415,Pens,5,204
Ireland,417,Pencil Pouch,9,204
Brazil,402,Mechanical Pencils,9,205
Ukraine,406,Backpacks,1,205
China,410,Markers,9,205
Mexico,411,Calculators,6,205
Great Britain,412,Uniforms,1,205
Mexico,412,Uniforms,6,205
United States,415,Pens,4,205
Iran,401,Pencils,4,206
China,413,Sketchbooks,6,206
Australia,414,Notepads,9,206
Ireland,418,Glue Stick,9,206
France,400,Notebooks,2,207
United States,404,Chromebooks,1,207
India,407,Bags,3,207
Iran,408,Rulers,10,207
Russia,411,Calculators,5,207
France,419,Lunch Bags,2,207
Russia,419,Lunch Bags,7,207
India,405,Textbooks,5,208
Great Britain,408,Rulers,7,208
Ireland,411,Calculators,4,208
Russia,412,Uniforms,10,208
Germany,416,Folders,8,208
United States,422,Lunchbox,9,208
Great Britain,423,Index cards,6,208
Great Britain,401,Pencils,6,209
Great Britain,403,Erasers,7,209
Ukraine,403,Erasers,10,209
Brazil,407,Bags,1,209
Australia,410,Markers,8,209
Korea,410,Markers,5,209
Mexico,414,Notepads,9,209
United States,416,Folders,2,209
Ukraine,419,Lunch Bags,10,209
China,420,Gym Bag,2,209
Japan,423,Index cards,9,209
Russia,403,Erasers,10,213
Ireland,405,Textbooks,4,213
France,406,Backpacks,3,213
India,408,Rulers,5,213
United States,411,Calculators,6,213
Ukraine,412,Uniforms,4,213
Australia,401,Pencils,3,214
Australia,404,Chromebooks,6,214
India,413,Sketchbooks,4,214
Russia,413,Sketchbooks,9,214
Australia,416,Folders,9,214
Japan,417,Pencil Pouch,7,214
Iran,418,Glue Stick,2,214
India,420,Gym Bag,4,214
China,403,Erasers,4,215
Japan,407,Bags,4,215
Brazil,421,Sharpie pens,8,215
Great Britain,421,Sharpie pens,9,215
India,401,Pencils,1,216
Australia,404,Chromebooks,7,216
Iran,409,Crayons,3,216
Australia,414,Notepads,1,216
India,414,Notepads,7,217
Ireland,401,Pencils,9,218
Ukraine,401,Pencils,1,218
Australia,404,Chromebooks,8,218
Ukraine,410,Markers,7,218
Australia,402,Mechanical Pencils,5,219
Germany,405,Textbooks,10,219
Germany,414,Notepads,2,219
Japan,415,Pens,6,219
Russia,419,Lunch Bags,7,219
Ukraine,420,Gym Bag,4,219
Germany,423,Index cards,2,219
Great Britain,400,Notebooks,1,220
India,404,Chromebooks,5,220
Mexico,412,Uniforms,5,220
India,415,Pens,9,220
United States,405,Textbooks,9,221
Japan,406,Backpacks,5,221
Australia,419,Lunch Bags,6,221
Mexico,422,Lunchbox,8,221
Iran,402,Mechanical Pencils,8,222
Russia,403,Erasers,10,222
Iran,408,Rulers,3,222
Mexico,408,Rulers,10,222
India,404,Chromebooks,9,223
Ireland,417,Pencil Pouch,8,223
France,423,Index cards,9,223
Mexico,423,Index cards,10,223
Australia,404,Chromebooks,7,224
Japan,409,Crayons,1,224
Ireland,411,Calculators,5,224
Russia,420,Gym Bag,2,224
United States,421,Sharpie pens,9,224
Australia,407,Bags,6,225
Mexico,409,Crayons,3,225
United States,409,Crayons,10,225
India,418,Glue Stick,5,225
Brazil,423,Index cards,8,225
Iran,404,Chromebooks,6,226
Germany,406,Backpacks,2,226
Japan,412,Uniforms,10,226
India,422,Lunchbox,9,226
United States,422,Lunchbox,4,226
United States,417,Pencil Pouch,3,227
Brazil,419,Lunch Bags,10,227
United States,410,Markers,8,228
Great Britain,409,Crayons,8,229
Mexico,421,Sharpie pens,10,229
Brazil,422,Lunchbox,4,229
China,422,Lunchbox,9,229
Germany,404,Chromebooks,4,230
China,412,Uniforms,7,230
Brazil,416,Folders,9,230
France,420,Gym Bag,10,230
Iran,401,Pencils,1,231
Brazil,406,Backpacks,10,231
Germany,417,Pencil Pouch,3,231
Japan,404,Chromebooks,4,232
Ireland,415,Pens,10,232
United States,418,Glue Stick,7,232
United States,420,Gym Bag,4,232
Russia,421,Sharpie pens,2,232
Russia,413,Sketchbooks,4,233
Australia,415,Pens,10,233
Australia,418,Glue Stick,10,233
Australia,420,Gym Bag,5,233
United States,404,Chromebooks,6,234
China,405,Textbooks,9,234
China,409,Crayons,4,234
China,411,Calculators,8,234
Ukraine,411,Calculators,10,234
United States,413,Sketchbooks,3,234
Japan,415,Pens,6,234
Japan,421,Sharpie pens,6,234
China,406,Backpacks,10,235
Korea,412,Uniforms,7,235
Mexico,418,Glue Stick,10,235
Ireland,419,Lunch Bags,1,235
Brazil,420,Gym Bag,6,235
Japan,401,Pencils,1,236
Russia,405,Textbooks,1,236
Ukraine,415,Pens,1,237
Iran,418,Glue Stick,1,237
Ireland,419,Lunch Bags,10,237
India,423,Index cards,4,237
Japan,404,Chromebooks,9,238
Ireland,407,Bags,3,238
Mexico,406,Backpacks,6,239
Brazil,408,Rulers,9,239
Russia,409,Crayons,9,239
Russia,417,Pencil Pouch,9,239
Korea,420,Gym Bag,4,239
Korea,410,Markers,8,240
France,421,Sharpie pens,9,240
Japan,423,Index cards,9,244
Russia,409,Crayons,7,245
Brazil,407,Bags,9,246
India,412,Uniforms,8,246
Australia,414,Notepads,6,246
Russia,415,Pens,3,246
France,419,Lunch Bags,10,246
Brazil,403,Erasers,6,247
Iran,408,Rulers,8,247
India,413,Sketchbooks,6,247
Ukraine,422,Lunchbox,10,247
Iran,403,Erasers,6,248
Ukraine,405,Textbooks,4,248
United States,409,Crayons,5,248
Ukraine,421,Sharpie pens,3,248
Ireland,405,Textbooks,4,249
India,407,Bags,4,249
Iran,408,Rulers,5,249
Korea,408,Rulers,5,249
Japan,418,Glue Stick,7,249
Brazil,402,Mechanical Pencils,6,250
India,403,Erasers,6,250
China,419,Lunch Bags,2,250
Iran,405,Textbooks,3,251
Mexico,410,Markers,3,251
Australia,412,Uniforms,5,251
Great Britain,413,Sketchbooks,6,251
United States,421,Sharpie pens,1,251
Mexico,408,Rulers,2,252
Russia,420,Gym Bag,9,253
Germany,422,Lunchbox,6,253
Mexico,400,Notebooks,6,254
Germany,402,Mechanical Pencils,2,254
Great Britain,407,Bags,10,254
Japan,413,Sketchbooks,6,254
Iran,420,Gym Bag,9,254
Brazil,405,Textbooks,9,255
Ireland,410,Markers,10,255
Great Britain,413,Sketchbooks,5,255
Germany,414,Notepads,4,255
Japan,415,Pens,4,255
Brazil,417,Pencil Pouch,10,255
Ireland,420,Gym Bag,10,255
United States,422,Lunchbox,7,255
Iran,405,Textbooks,5,256
Ireland,408,Rulers,2,256
Germany,409,Crayons,1,256
Mexico,409,Crayons,9,257
United States,414,Notepads,5,257
United States,417,Pencil Pouch,5,257
Mexico,401,Pencils,2,258
Ireland,405,Textbooks,7,258
Iran,414,Notepads,9,258
Russia,415,Pens,2,258
Iran,416,Folders,8,258
Germany,409,Crayons,7,259
Korea,412,Uniforms,1,259
Korea,402,Mechanical Pencils,1,260
Mexico,409,Crayons,4,260
India,401,Pencils,7,261
India,403,Erasers,7,261
China,415,Pens,9,261
Iran,421,Sharpie pens,2,261
Germany,403,Erasers,5,262
Great Britain,415,Pens,4,262
Japan,404,Chromebooks,1,263
Australia,405,Textbooks,2,263
China,406,Backpacks,1,263
Mexico,414,Notepads,2,263
Great Britain,420,Gym Bag,5,263
Germany,423,Index cards,6,263
United States,406,Backpacks,3,264
Ireland,408,Rulers,6,264
United States,414,Notepads,3,264
Great Britain,401,Pencils,2,265
Great Britain,403,Erasers,9,265
Ukraine,409,Crayons,4,265
Iran,420,Gym Bag,9,265
Ukraine,423,Index cards,3,265
Mexico,407,Bags,8,266
Japan,409,Crayons,6,266
Ukraine,419,Lunch Bags,10,266
Brazil,421,Sharpie pens,10,266
Iran,402,Mechanical Pencils,4,267
Germany,408,Rulers,6,267
Great Britain,414,Notepads,6,267
India,418,Glue Stick,4,267
Germany,420,Gym Bag,1,267
Korea,422,Lunchbox,5,267
Great Britain,406,Backpacks,8,268
Russia,410,Markers,10,268
Iran,419,Lunch Bags,9,268
Australia,401,Pencils,9,269
United States,406,Backpacks,1,269
Japan,409,Crayons,7,269
Germany,410,Markers,6,269
Mexico,407,Bags,5,270
Brazil,412,Uniforms,9,270
Ireland,413,Sketchbooks,9,270
Ireland,401,Pencils,9,271
France,409,Crayons,4,271
Iran,409,Crayons,1,271
Mexico,410,Markers,5,271
Mexico,411,Calculators,4,271
Germany,423,Index cards,9,271
India,405,Textbooks,4,274
Ukraine,405,Textbooks,5,274
United States,405,Textbooks,2,274
China,406,Backpacks,5,274
Japan,406,Backpacks,10,274
China,410,Markers,9,274
Ireland,410,Markers,3,274
Great Britain,411,Calculators,9,274
China,412,Uniforms,8,274
Brazil,413,Sketchbooks,9,274
Germany,413,Sketchbooks,6,274
Iran,414,Notepads,1,274
Ireland,414,Notepads,5,274
Ukraine,415,Pens,3,274
Iran,417,Pencil Pouch,2,274
Korea,418,Glue Stick,9,274
United States,418,Glue Stick,2,274
Japan,422,Lunchbox,4,274
France,400,Notebooks,1,275
Australia,402,Mechanical Pencils,2,275
Russia,404,Chromebooks,5,275
Mexico,405,Textbooks,9,275
United States,408,Rulers,1,275
Ukraine,409,Crayons,4,275
Brazil,413,Sketchbooks,8,275
Korea,413,Sketchbooks,4,275
Ireland,415,Pens,1,275
Brazil,416,Folders,8,275
Russia,417,Pencil Pouch,7,275
Germany,420,Gym Bag,17,275
Great Britain,421,Sharpie pens,3,275
France,423,Index cards,5,275
Germany,423,Index cards,9,275
France,400,Notebooks,1,276
Korea,400,Notebooks,9,276
Korea,402,Mechanical Pencils,4,276
India,403,Erasers,16,276
Germany,405,Textbooks,4,276
Iran,405,Textbooks,1,276
United States,406,Backpacks,3,276
China,408,Rulers,4,276
Korea,410,Markers,15,276
Japan,412,Uniforms,5,276
Ukraine,413,Sketchbooks,6,276
Great Britain,414,Notepads,4,276
Iran,415,Pens,1,276
Ukraine,418,Glue Stick,3,276
China,420,Gym Bag,3,276
Korea,421,Sharpie pens,1,276
Japan,400,Notebooks,9,277
Germany,402,Mechanical Pencils,3,277
Mexico,403,Erasers,6,277
Australia,404,Chromebooks,1,277
India,405,Textbooks,1,277
Great Britain,409,Crayons,6,277
Ukraine,410,Markers,2,277
Japan,411,Calculators,8,277
United States,414,Notepads,1,277
Australia,415,Pens,3,277
Korea,418,Glue Stick,7,277
Germany,422,Lunchbox,5,277
Korea,423,Index cards,7,277
Mexico,400,Notebooks,1,278
Russia,403,Erasers,5,278
Australia,406,Backpacks,6,278
Mexico,406,Backpacks,3,278
Brazil,407,Bags,5,278
France,407,Bags,6,278
India,407,Bags,6,278
Japan,407,Bags,6,278
China,410,Markers,6,278
Brazil,411,Calculators,6,278
China,417,Pencil Pouch,5,278
Iran,418,Glue Stick,7,278
Germany,420,Gym Bag,10,278
Mexico,420,Gym Bag,1,278
France,422,Lunchbox,13,278
Russia,423,Index cards,5,278
India,400,Notebooks,7,279
China,402,Mechanical Pencils,8,279
Ireland,412,Uniforms,10,279
Mexico,413,Sketchbooks,2,279
France,416,Folders,1,279
Great Britain,418,Glue Stick,4,279
Germany,421,Sharpie pens,8,279
Korea,421,Sharpie pens,2,279
Ukraine,421,Sharpie pens,9,279
Ireland,422,Lunchbox,10,279
Japan,422,Lunchbox,3,279
Ukraine,403,Erasers,5,280
Mexico,406,Backpacks,6,280
India,410,Markers,9,280
Iran,411,Calculators,3,280
India,413,Sketchbooks,9,280
India,414,Notepads,3,280
Russia,415,Pens,6,280
Ukraine,415,Pens,7,280
Australia,417,Pencil Pouch,9,280
Iran,423,Index cards,10,280
United States,423,Index cards,3,280
India,405,Textbooks,4,281
Mexico,409,Crayons,6,281
India,410,Markers,4,281
Ireland,410,Markers,9,281
Iran,411,Calculators,3,281
China,414,Notepads,9,281
India,414,Notepads,3,281
Iran,421,Sharpie pens,3,281
Mexico,421,Sharpie pens,8,281
China,422,Lunchbox,1,281
Ireland,422,Lunchbox,9,281
Japan,422,Lunchbox,7,281
India,423,Index cards,10,281
India,400,Notebooks,6,282
Ukraine,400,Notebooks,5,282
China,401,Pencils,3,282
Korea,402,Mechanical Pencils,3,282
Mexico,403,Erasers,8,282
France,407,Bags,3,282
Korea,408,Rulers,7,282
Japan,409,Crayons,4,282
Russia,410,Markers,2,282
India,413,Sketchbooks,3,282
Iran,413,Sketchbooks,3,282
Iran,415,Pens,3,282
Korea,415,Pens,6,282
United States,415,Pens,7,282
India,417,Pencil Pouch,2,282
United States,417,Pencil Pouch,4,282
France,419,Lunch Bags,3,282
Mexico,419,Lunch Bags,5,282
Ukraine,421,Sharpie pens,4,282
Brazil,401,Pencils,4,283
Brazil,402,Mechanical Pencils,1,283
China,405,Textbooks,2,283
Iran,414,Notepads,9,283
Australia,415,Pens,2,283
India,416,Folders,9,283
Japan,416,Folders,13,283
Russia,416,Folders,10,283
Germany,417,Pencil Pouch,7,283
Iran,420,Gym Bag,9,283
China,421,Sharpie pens,10,283
Ukraine,421,Sharpie pens,8,283
Japan,401,Pencils,5,284
India,402,Mechanical Pencils,8,284
Mexico,402,Mechanical Pencils,6,284
Korea,404,Chromebooks,2,284
Mexico,404,Chromebooks,7,284
Australia,406,Backpacks,6,284
Mexico,406,Backpacks,1,284
India,407,Bags,5,284
Australia,409,Crayons,3,284
Russia,410,Markers,3,284
Ukraine,418,Glue Stick,6,284
Australia,419,Lunch Bags,2,284
Germany,423,Index cards,5,284
Korea,423,Index cards,3,284
Australia,400,Notebooks,5,285
Brazil,402,Mechanical Pencils,10,285
Ireland,402,Mechanical Pencils,6,285
Japan,402,Mechanical Pencils,6,285
Mexico,404,Chromebooks,8,285
Russia,404,Chromebooks,7,285
Brazil,405,Textbooks,8,285
Japan,408,Rulers,2,285
Ukraine,409,Crayons,4,285
Brazil,410,Markers,1,285
France,410,Markers,8,285
Russia,410,Markers,8,285
France,411,Calculators,9,285
Germany,412,Uniforms,6,285
Ireland,413,Sketchbooks,4,285
United States,416,Folders,3,285
Mexico,417,Pencil Pouch,4,285
Ukraine,418,Glue Stick,7,285
Iran,419,Lunch Bags,3,285
Germany,404,Chromebooks,3,286
United States,405,Textbooks,6,286
Brazil,406,Backpacks,7,286
Brazil,409,Crayons,10,286
Great Britain,409,Crayons,3,286
Korea,409,Crayons,8,286
Brazil,410,Markers,8,286
Iran,416,Folders,2,286
China,402,Mechanical Pencils,5,287
Iran,404,Chromebooks,9,287
Brazil,410,Markers,1,287
Germany,410,Markers,7,287
Iran,412,Uniforms,4,287
Ukraine,412,Uniforms,5,287
Australia,414,Notepads,4,287
Ukraine,414,Notepads,3,287
Ukraine,420,Gym Bag,8,287
Great Britain,421,Sharpie pens,8,287
Ireland,423,Index cards,7,287
Australia,402,Mechanical Pencils,6,288
Mexico,404,Chromebooks,5,288
Iran,405,Textbooks,4,288
Brazil,409,Crayons,8,288
United States,411,Calculators,10,288
Japan,415,Pens,2,288
Japan,417,Pencil Pouch,2,288
Ukraine,417,Pencil Pouch,9,288
Ireland,418,Glue Stick,7,288
Mexico,421,Sharpie pens,7,288
France,422,Lunchbox,10,288
Great Britain,422,Lunchbox,3,288
Brazil,402,Mechanical Pencils,10,289
United States,404,Chromebooks,6,289
China,405,Textbooks,3,289
Ireland,413,Sketchbooks,9,289
France,416,Folders,7,289
Korea,416,Folders,9,289
Germany,417,Pencil Pouch,5,289
India,418,Glue Stick,8,289
Ireland,418,Glue Stick,9,289
India,420,Gym Bag,2,289
Great Britain,400,Notebooks,8,290
Mexico,400,Notebooks,4,290
Japan,408,Rulers,1,290
Mexico,410,Markers,9,290
India,412,Uniforms,6,290
Ireland,413,Sketchbooks,4,290
Korea,413,Sketchbooks,9,290
India,420,Gym Bag,3,290
Australia,421,Sharpie pens,8,290
Australia,422,Lunchbox,1,290
Russia,405,Textbooks,9,291
Korea,409,Crayons,8,291
Brazil,411,Calculators,2,291
Brazil,413,Sketchbooks,10,291
Mexico,415,Pens,8,291
Russia,415,Pens,4,291
India,421,Sharpie pens,2,291
France,422,Lunchbox,10,291
India,401,Pencils,2,292
China,402,Mechanical Pencils,8,292
Germany,405,Textbooks,4,292
Australia,413,Sketchbooks,6,292
China,419,Lunch Bags,7,292
Japan,419,Lunch Bags,10,292
France,400,Notebooks,3,293
Korea,401,Pencils,1,293
Russia,404,Chromebooks,10,293
Iran,405,Textbooks,4,293
Korea,410,Markers,1,293
Mexico,411,Calculators,8,293
France,412,Uniforms,1,293
Iran,414,Notepads,4,293
Russia,414,Notepads,9,293
China,415,Pens,3,293
China,421,Sharpie pens,1,293
Japan,421,Sharpie pens,2,293
China,422,Lunchbox,7,293
United States,402,Mechanical Pencils,10,294
China,403,Erasers,9,294
Ireland,403,Erasers,8,294
Korea,405,Textbooks,4,294
Japan,407,Bags,2,294
United States,407,Bags,5,294
Ukraine,411,Calculators,9,294
France,414,Notepads,7,294
France,417,Pencil Pouch,4,294
Korea,417,Pencil Pouch,1,294
France,420,Gym Bag,4,294
Germany,420,Gym Bag,1,294
Korea,421,Sharpie pens,7,294
Mexico,421,Sharpie pens,9,294
India,422,Lunchbox,5,294
Brazil,400,Notebooks,3,295
Germany,401,Pencils,10,295
Korea,405,Textbooks,8,295
Korea,407,Bags,1,295
Mexico,407,Bags,10,295
Brazil,409,Crayons,3,295
India,411,Calculators,9,295
Iran,415,Pens,4,295
Russia,419,Lunch Bags,5,295
Brazil,421,Sharpie pens,1,295
China,423,Index cards,9,295
Ukraine,403,Erasers,10,296
Ukraine,404,Chromebooks,10,296
Mexico,407,Bags,10,296
India,408,Rulers,2,296
India,410,Markers,9,296
India,419,Lunch Bags,2,296
Australia,422,Lunchbox,4,296
Brazil,422,Lunchbox,3,296
Russia,422,Lunchbox,6,296
Ireland,400,Notebooks,10,297
United States,405,Textbooks,2,297
Japan,412,Uniforms,5,297
Japan,413,Sketchbooks,6,297
Great Britain,416,Folders,2,297
Ukraine,417,Pencil Pouch,3,297
Japan,422,Lunchbox,8,297
China,423,Index cards,9,297
Iran,400,Notebooks,1,298
Great Britain,401,Pencils,7,298
China,403,Erasers,3,298
Mexico,403,Erasers,2,298
Russia,405,Textbooks,6,298
Ukraine,407,Bags,1,298
Australia,408,Rulers,9,298
Australia,409,Crayons,9,298
Germany,409,Crayons,9,298
Iran,409,Crayons,1,298
Mexico,412,Uniforms,2,298
Ukraine,416,Folders,10,298
France,418,Glue Stick,2,298
Great Britain,422,Lunchbox,5,298
Korea,423,Index cards,8,298
France,400,Notebooks,10,299
China,403,Erasers,6,299
Great Britain,404,Chromebooks,2,299
United States,405,Textbooks,6,299
Ukraine,406,Backpacks,6,299
Great Britain,407,Bags,4,299
Ireland,407,Bags,10,299
Australia,408,Rulers,6,299
China,412,Uniforms,8,299
France,413,Sketchbooks,6,299
United States,417,Pencil Pouch,3,299
Iran,422,Lunchbox,7,299
Germany,423,Index cards,1,299
China,401,Pencils,4,300
India,402,Mechanical Pencils,10,300
China,404,Chromebooks,10,300
Japan,405,Textbooks,3,300
Korea,407,Bags,2,300
Great Britain,408,Rulers,7,300
Ukraine,409,Crayons,8,300
Brazil,410,Markers,3,300
Ukraine,410,Markers,7,300
Japan,412,Uniforms,1,300
France,413,Sketchbooks,9,300
Japan,416,Folders,3,300
Great Britain,419,Lunch Bags,7,300
Ireland,420,Gym Bag,8,300
Ireland,421,Sharpie pens,4,300
Mexico,423,Index cards,3,300
China,400,Notebooks,12,301
Mexico,400,Notebooks,8,301
Iran,401,Pencils,1,301
Mexico,404,Chromebooks,1,301
Australia,406,Backpacks,3,301
Brazil,407,Bags,6,301
Australia,408,Rulers,1,301
Mexico,411,Calculators,8,301
Ukraine,413,Sketchbooks,9,301
Germany,414,Notepads,7,301
Russia,414,Notepads,1,301
China,416,Folders,3,301
Ukraine,419,Lunch Bags,9,301
Brazil,420,Gym Bag,1,301
United States,421,Sharpie pens,10,301
Ireland,400,Notebooks,7,305
India,401,Pencils,3,305
Iran,401,Pencils,7,305
Australia,403,Erasers,3,305
United States,403,Erasers,3,305
Mexico,404,Chromebooks,1,305
Australia,405,Textbooks,10,305
Ireland,405,Textbooks,2,305
Mexico,406,Backpacks,1,305
Ukraine,406,Backpacks,9,305
Brazil,407,Bags,8,305
Ireland,407,Bags,6,305
Iran,408,Rulers,4,305
Japan,408,Rulers,4,305
Australia,412,Uniforms,4,305
Korea,413,Sketchbooks,6,305
Iran,417,Pencil Pouch,8,305
Germany,418,Glue Stick,5,305
Great Britain,418,Glue Stick,3,305
Korea,418,Glue Stick,3,305
Australia,419,Lunch Bags,6,305
Germany,419,Lunch Bags,6,305
India,419,Lunch Bags,4,305
United States,421,Sharpie pens,1,305
Brazil,422,Lunchbox,8,305
Ukraine,423,Index cards,10,305
Mexico,400,Notebooks,5,306
Ukraine,400,Notebooks,8,306
Germany,401,Pencils,5,306
United States,402,Mechanical Pencils,5,306
Australia,403,Erasers,7,306
Germany,404,Chromebooks,4,306
Ukraine,404,Chromebooks,9,306
India,408,Rulers,9,306
Germany,410,Markers,3,306
Mexico,411,Calculators,7,306
United States,411,Calculators,6,306
France,412,Uniforms,1,306
India,412,Uniforms,3,306
Russia,412,Uniforms,10,306
United States,412,Uniforms,1,306
Brazil,413,Sketchbooks,8,306
Iran,413,Sketchbooks,7,306
Russia,413,Sketchbooks,7,306
Great Britain,414,Notepads,6,306
Ukraine,414,Notepads,2,306
France,415,Pens,1,306
Japan,417,Pencil Pouch,6,306
Germany,419,Lunch Bags,3,306
United States,419,Lunch Bags,9,306
Iran,420,Gym Bag,6,306
Mexico,423,Index cards,7,306
Russia,423,Index cards,2,306
Mexico,401,Pencils,6,307
Russia,402,Mechanical Pencils,6,307
Australia,404,Chromebooks,6,307
France,404,Chromebooks,2,307
India,404,Chromebooks,17,307
Mexico,405,Textbooks,6,307
France,407,Bags,10,307
China,408,Rulers,10,307
France,408,Rulers,7,307
Ukraine,408,Rulers,6,307
Brazil,409,Crayons,5,307
Australia,410,Markers,8,307
Russia,410,Markers,9,307
Brazil,411,Calculators,10,307
France,412,Uniforms,8,307
Japan,414,Notepads,13,307
Australia,416,Folders,5,307
Iran,416,Folders,10,307
China,417,Pencil Pouch,4,307
Ireland,417,Pencil Pouch,10,307
United States,417,Pencil Pouch,6,307
Korea,419,Lunch Bags,5,307
Brazil,420,Gym Bag,5,307
Iran,421,Sharpie pens,8,307
Russia,400,Notebooks,6,308
China,403,Erasers,1,308
Korea,403,Erasers,7,308
Ireland,406,Backpacks,9,308
Korea,406,Backpacks,7,308
Ukraine,406,Backpacks,8,308
China,409,Crayons,2,308
Ireland,410,Markers,10,308
Brazil,411,Calculators,9,308
France,411,Calculators,8,308
Russia,411,Calculators,2,308
India,412,Uniforms,4,308
Korea,412,Uniforms,7,308
Russia,413,Sketchbooks,10,308
Iran,414,Notepads,4,308
Mexico,414,Notepads,4,308
China,417,Pencil Pouch,3,308
United States,417,Pencil Pouch,6,308
Korea,418,Glue Stick,7,308
Brazil,419,Lunch Bags,9,308
China,419,Lunch Bags,13,308
India,419,Lunch Bags,8,308
Ukraine,419,Lunch Bags,4,308
Russia,420,Gym Bag,4,308
Ukraine,420,Gym Bag,9,308
India,421,Sharpie pens,6,308
Ireland,421,Sharpie pens,3,308
India,422,Lunchbox,6,308
Mexico,422,Lunchbox,10,308
Brazil,423,Index cards,1,308
Ireland,400,Notebooks,5,309
Brazil,401,Pencils,7,309
Germany,401,Pencils,10,309
France,402,Mechanical Pencils,2,309
Iran,402,Mechanical Pencils,2,309
Japan,405,Textbooks,10,309
Australia,406,Backpacks,6,309
Brazil,406,Backpacks,11,309
China,406,Backpacks,9,309
Ukraine,406,Backpacks,9,309
Australia,408,Rulers,7,309
India,408,Rulers,1,309
Great Britain,409,Crayons,4,309
Great Britain,410,Markers,9,309
United States,410,Markers,6,309
China,411,Calculators,5,309
Russia,411,Calculators,5,309
Australia,412,Uniforms,10,309
Great Britain,413,Sketchbooks,18,309
Ireland,413,Sketchbooks,3,309
Japan,413,Sketchbooks,8,309
Great Britain,414,Notepads,9,309
Brazil,415,Pens,10,309
Great Britain,419,Lunch Bags,4,309
United States,419,Lunch Bags,1,309
Australia,420,Gym Bag,6,309
India,420,Gym Bag,7,309
Brazil,423,Index cards,3,309
Ukraine,423,Index cards,7,309
Australia,400,Notebooks,7,310
Brazil,400,Notebooks,9,310
Mexico,400,Notebooks,1,310
Brazil,402,Mechanical Pencils,8,310
China,402,Mechanical Pencils,10,310
France,402,Mechanical Pencils,10,310
Iran,402,Mechanical Pencils,6,310
United States,404,Chromebooks,10,310
Great Britain,405,Textbooks,8,310
United States,405,Textbooks,1,310
Germany,406,Backpacks,7,310
Great Britain,406,Backpacks,9,310
India,409,Crayons,6,310
Korea,409,Crayons,3,310
Great Britain,410,Markers,2,310
United States,411,Calculators,7,310
Australia,412,Uniforms,10,310
France,412,Uniforms,7,310
India,413,Sketchbooks,5,310
Russia,413,Sketchbooks,5,310
Australia,416,Folders,6,310
Great Britain,417,Pencil Pouch,2,310
Ukraine,418,Glue Stick,6,310
Great Britain,420,Gym Bag,9,310
France,421,Sharpie pens,3,310
United States,421,Sharpie pens,1,310
Ireland,422,Lunchbox,4,310
India,400,Notebooks,2,311
Ukraine,401,Pencils,4,311
China,403,Erasers,4,311
Australia,404,Chromebooks,4,311
China,404,Chromebooks,10,311
Russia,404,Chromebooks,1,311
Australia,406,Backpacks,7,311
Ireland,409,Crayons,9,311
Korea,409,Crayons,10,311
Ireland,410,Markers,10,311
India,411,Calculators,2,311
India,412,Uniforms,5,311
Iran,412,Uniforms,7,311
Japan,413,Sketchbooks,6,311
China,415,Pens,10,311
Ukraine,415,Pens,1,311
Brazil,417,Pencil Pouch,9,311
Korea,417,Pencil Pouch,9,311
Mexico,418,Glue Stick,9,311
Ukraine,418,Glue Stick,4,311
Great Britain,420,Gym Bag,2,311
United States,422,Lunchbox,9,311
France,400,Notebooks,8,312
Australia,402,Mechanical Pencils,1,312
India,402,Mechanical Pencils,4,312
Ireland,404,Chromebooks,1,312
Mexico,404,Chromebooks,9,312
Russia,404,Chromebooks,9,312
Ireland,405,Textbooks,2,312
Ireland,406,Backpacks,4,312
Japan,407,Bags,9,312
Great Britain,408,Rulers,5,312
Brazil,409,Crayons,5,312
United States,409,Crayons,6,312
Australia,410,Markers,4,312
Mexico,410,Markers,4,312
Iran,411,Calculators,3,312
Mexico,412,Uniforms,4,312
Brazil,414,Notepads,7,312
Great Britain,414,Notepads,8,312
India,415,Pens,7,312
Ukraine,416,Folders,6,312
India,417,Pencil Pouch,4,312
Korea,417,Pencil Pouch,4,312
Ukraine,419,Lunch Bags,6,312
Ukraine,421,Sharpie pens,3,312
India,422,Lunchbox,4,312
United States,422,Lunchbox,8,312
Japan,401,Pencils,2,313
India,402,Mechanical Pencils,7,313
Mexico,403,Erasers,8,313
Ukraine,403,Erasers,10,313
Russia,404,Chromebooks,9,313
Great Britain,405,Textbooks,6,313
Russia,405,Textbooks,8,313
Mexico,406,Backpacks,6,313
India,407,Bags,10,313
Iran,408,Rulers,9,313
Korea,408,Rulers,7,313
Brazil,410,Markers,6,313
Iran,410,Markers,6,313
Mexico,411,Calculators,10,313
Ukraine,415,Pens,3,313
Great Britain,416,Folders,4,313
France,420,Gym Bag,3,313
United States,420,Gym Bag,10,313
Ukraine,401,Pencils,10,314
China,402,Mechanical Pencils,1,314
Japan,403,Erasers,1,314
Great Britain,404,Chromebooks,2,314
China,405,Textbooks,1,314
Australia,406,Backpacks,8,314
India,406,Backpacks,2,314
Russia,406,Backpacks,9,314
Ireland,407,Bags,10,314
Korea,407,Bags,4,314
Australia,409,Crayons,10,314
Ukraine,409,Crayons,7,314
Ireland,410,Markers,2,314
Australia,411,Calculators,2,314
Iran,411,Calculators,9,314
India,417,Pencil Pouch,8,314
Great Britain,418,Glue Stick,7,314
Iran,418,Glue Stick,10,314
Ukraine,418,Glue Stick,9,314
United States,418,Glue Stick,3,314
India,420,Gym Bag,4,314
France,422,Lunchbox,4,314
China,400,Notebooks,1,315
Great Britain,401,Pencils,1,315
Ukraine,401,Pencils,6,315
China,402,Mechanical Pencils,9,315
United States,403,Erasers,9,315
Japan,404,Chromebooks,5,315
China,405,Textbooks,9,315
Korea,406,Backpacks,7,315
Mexico,406,Backpacks,4,315
Russia,406,Backpacks,15,315
Iran,408,Rulers,7,315
Korea,409,Crayons,1,315
Korea,410,Markers,1,315
Mexico,411,Calculators,5,315
Ukraine,411,Calculators,3,315
India,413,Sketchbooks,2,315
Korea,413,Sketchbooks,9,315
Brazil,414,Notepads,2,315
India,414,Notepads,9,315
Korea,417,Pencil Pouch,4,315
Mexico,418,Glue Stick,3,315
Germany,420,Gym Bag,9,315
Great Britain,420,Gym Bag,6,315
Mexico,420,Gym Bag,6,315
Australia,421,Sharpie pens,10,315
France,421,Sharpie pens,8,315
Iran,421,Sharpie pens,8,315
India,422,Lunchbox,7,315
Korea,422,Lunchbox,8,315
Mexico,423,Index cards,7,315
Iran,402,Mechanical Pencils,1,316
Brazil,403,Erasers,10,316
Korea,403,Erasers,4,316
Brazil,404,Chromebooks,6,316
India,404,Chromebooks,7,316
Iran,404,Chromebooks,7,316
Great Britain,405,Textbooks,4,316
Mexico,405,Textbooks,10,316
United States,405,Textbooks,10,316
Russia,406,Backpacks,2,316
Japan,407,Bags,1,316
France,408,Rulers,16,316
Ireland,412,Uniforms,6,316
Brazil,414,Notepads,7,316
Germany,414,Notepads,10,316
France,415,Pens,10,316
Great Britain,416,Folders,9,316
Iran,417,Pencil Pouch,1,316
Russia,417,Pencil Pouch,10,316
Ukraine,417,Pencil Pouch,2,316
Ukraine,418,Glue Stick,7,316
Iran,419,Lunch Bags,10,316
Russia,419,Lunch Bags,2,316
Ukraine,420,Gym Bag,9,316
China,422,Lunchbox,2,316
Russia,423,Index cards,6,316
Korea,401,Pencils,9,317
Germany,403,Erasers,7,317
Mexico,403,Erasers,4,317
Russia,403,Erasers,4,317
France,406,Backpacks,10,317
Japan,408,Rulers,2,317
China,409,Crayons,2,317
Australia,410,Markers,6,317
Russia,410,Markers,7,317
Germany,411,Calculators,8,317
India,412,Uniforms,4,317
Mexico,412,Uniforms,9,317
Brazil,414,Notepads,7,317
Japan,414,Notepads,9,317
Mexico,415,Pens,9,317
Iran,416,Folders,10,317
Korea,416,Folders,3,317
United States,416,Folders,10,317
Russia,417,Pencil Pouch,6,317
Ukraine,417,Pencil Pouch,3,317
France,418,Glue Stick,1,317
United States,418,Glue Stick,9,317
Germany,419,Lunch Bags,4,317
India,419,Lunch Bags,5,317
Brazil,420,Gym Bag,7,317
Iran,420,Gym Bag,1,317
Brazil,422,Lunchbox,6,317
Iran,422,Lunchbox,7,317
Great Britain,400,Notebooks,9,318
India,400,Notebooks,5,318
Germany,401,Pencils,6,318
Japan,401,Pencils,3,318
Australia,402,Mechanical Pencils,6,318
Mexico,402,Mechanical Pencils,8,318
Mexico,403,Erasers,5,318
Australia,405,Textbooks,6,318
Iran,406,Backpacks,3,318
Mexico,406,Backpacks,10,318
Japan,407,Bags,1,318
Germany,408,Rulers,9,318
Russia,408,Rulers,1,318
Iran,409,Crayons,8,318
United States,409,Crayons,8,318
Great Britain,411,Calculators,20,318
Ireland,412,Uniforms,6,318
Great Britain,416,Folders,2,318
Brazil,417,Pencil Pouch,8,318
China,417,Pencil Pouch,4,318
Great Britain,417,Pencil Pouch,10,318
Russia,417,Pencil Pouch,8,318
Great Britain,418,Glue Stick,1,318
Australia,419,Lunch Bags,4,318
Great Britain,419,Lunch Bags,1,318
India,420,Gym Bag,10,318
France,421,Sharpie pens,6,318
Iran,421,Sharpie pens,4,318
Ireland,400,Notebooks,2,319
Germany,401,Pencils,3,319
Japan,402,Mechanical Pencils,10,319
Brazil,405,Textbooks,10,319
France,406,Backpacks,6,319
Great Britain,408,Rulers,6,319
Ukraine,408,Rulers,2,319
Russia,409,Crayons,6,319
Ukraine,410,Markers,5,319
Ukraine,411,Calculators,6,319
United States,411,Calculators,10,319
Germany,414,Notepads,10,319
Ireland,415,Pens,3,319
Mexico,416,Folders,6,319
Ukraine,416,Folders,5,319
France,417,Pencil Pouch,7,319
Germany,417,Pencil Pouch,3,319
Ukraine,417,Pencil Pouch,4,319
Russia,418,Glue Stick,10,319
United States,419,Lunch Bags,2,319
Iran,420,Gym Bag,6,319
Russia,400,Notebooks,2,320
India,401,Pencils,3,320
Ireland,401,Pencils,6,320
Mexico,401,Pencils,3,320
Great Britain,403,Erasers,1,320
France,404,Chromebooks,7,320
Great Britain,404,Chromebooks,2,320
Iran,405,Textbooks,5,320
Mexico,406,Backpacks,6,320
Ukraine,406,Backpacks,2,320
Japan,407,Bags,4,320
Great Britain,409,Crayons,1,320
Great Britain,411,Calculators,2,320
Ireland,414,Notepads,6,320
Mexico,416,Folders,1,320
Ireland,417,Pencil Pouch,5,320
Japan,419,Lunch Bags,1,320
China,422,Lunchbox,7,320
Germany,423,Index cards,4,320
Ireland,400,Notebooks,5,321
Japan,400,Notebooks,3,321
United States,401,Pencils,5,321
Germany,402,Mechanical Pencils,8,321
Ireland,402,Mechanical Pencils,10,321
Brazil,403,Erasers,4,321
Brazil,404,Chromebooks,3,321
India,405,Textbooks,9,321
Great Britain,406,Backpacks,8,321
United States,407,Bags,9,321
Mexico,408,Rulers,7,321
Korea,409,Crayons,10,321
Ukraine,409,Crayons,8,321
China,410,Markers,1,321
Iran,410,Markers,6,321
France,412,Uniforms,7,321
Ireland,412,Uniforms,5,321
Australia,413,Sketchbooks,7,321
Germany,413,Sketchbooks,9,321
Iran,413,Sketchbooks,6,321
United States,413,Sketchbooks,7,321
Australia,414,Notepads,3,321
France,415,Pens,9,321
Great Britain,416,Folders,7,321
Germany,418,Glue Stick,5,321
France,420,Gym Bag,3,321
Germany,423,Index cards,3,321
India,400,Notebooks,1,322
India,401,Pencils,5,322
Russia,401,Pencils,10,322
Germany,404,Chromebooks,2,322
India,404,Chromebooks,5,322
Korea,404,Chromebooks,5,322
Iran,405,Textbooks,2,322
Great Britain,406,Backpacks,8,322
Mexico,406,Backpacks,1,322
Germany,407,Bags,10,322
France,411,Calculators,1,322
Great Britain,411,Calculators,3,322
Ireland,411,Calculators,2,322
Australia,413,Sketchbooks,6,322
Japan,413,Sketchbooks,7,322
Korea,413,Sketchbooks,8,322
Mexico,413,Sketchbooks,10,322
France,414,Notepads,6,322
China,415,Pens,9,322
Korea,417,Pencil Pouch,5,322
Russia,419,Lunch Bags,3,322
United States,420,Gym Bag,6,322
Japan,423,Index cards,7,322
Ukraine,423,Index cards,8,322
Japan,401,Pencils,4,323
China,403,Erasers,3,323
Korea,403,Erasers,10,323
China,404,Chromebooks,8,323
Brazil,405,Textbooks,4,323
China,405,Textbooks,10,323
France,405,Textbooks,1,323
China,407,Bags,9,323
Ukraine,408,Rulers,3,323
China,409,Crayons,10,323
France,409,Crayons,8,323
Australia,410,Markers,6,323
Iran,412,Uniforms,3,323
Iran,413,Sketchbooks,10,323
United States,413,Sketchbooks,7,323
Australia,414,Notepads,2,323
Germany,417,Pencil Pouch,7,323
Russia,417,Pencil Pouch,7,323
Ukraine,417,Pencil Pouch,3,323
Japan,418,Glue Stick,10,323
Mexico,419,Lunch Bags,1,323
China,423,Index cards,9,323
Ukraine,423,Index cards,4,323
China,401,Pencils,4,324
Mexico,402,Mechanical Pencils,5,324
Australia,404,Chromebooks,2,324
Mexico,405,Textbooks,8,324
Ukraine,405,Textbooks,4,324
Brazil,406,Backpacks,3,324
France,407,Bags,9,324
China,409,Crayons,2,324
Great Britain,409,Crayons,8,324
China,410,Markers,7,324
China,411,Calculators,3,324
France,411,Calculators,5,324
France,412,Uniforms,8,324
Iran,415,Pens,10,324
Australia,417,Pencil Pouch,4,324
Mexico,419,Lunch Bags,8,324
Ireland,420,Gym Bag,10,324
Australia,421,Sharpie pens,4,324
Brazil,421,Sharpie pens,3,324
Mexico,422,Lunchbox,7,324
Iran,400,Notebooks,2,325
Russia,400,Notebooks,3,325
China,401,Pencils,7,325
Iran,404,Chromebooks,2,325
Ireland,405,Textbooks,10,325
Japan,405,Textbooks,4,325
Brazil,407,Bags,3,325
France,407,Bags,4,325
Korea,407,Bags,5,325
India,409,Crayons,2,325
Brazil,410,Markers,5,325
Ukraine,410,Markers,9,325
Great Britain,411,Calculators,8,325
Korea,411,Calculators,5,325
China,412,Uniforms,8,325
Korea,412,Uniforms,2,325
France,414,Notepads,6,325
Germany,414,Notepads,2,325
Australia,415,Pens,9,325
Mexico,415,Pens,9,325
Ukraine,415,Pens,3,325
Mexico,417,Pencil Pouch,2,325
China,419,Lunch Bags,7,325
Brazil,421,Sharpie pens,10,325
Germany,421,Sharpie pens,6,325
Korea,421,Sharpie pens,8,325
Russia,421,Sharpie pens,7,325
Ukraine,421,Sharpie pens,8,325
India,423,Index cards,2,325
Iran,423,Index cards,5,325
France,400,Notebooks,8,326
Russia,400,Notebooks,8,326
Brazil,406,Backpacks,3,326
Ireland,406,Backpacks,6,326
Great Britain,407,Bags,6,326
Iran,408,Rulers,7,326
Great Britain,410,Markers,8,326
Germany,411,Calculators,9,326
Iran,411,Calculators,7,326
Brazil,412,Uniforms,10,326
Germany,412,Uniforms,9,326
Brazil,413,Sketchbooks,6,326
Germany,414,Notepads,1,326
Iran,415,Pens,5,326
United States,415,Pens,10,326
Great Britain,418,Glue Stick,10,326
Brazil,419,Lunch Bags,2,326
Russia,420,Gym Bag,8,326
Ukraine,421,Sharpie pens,4,326
India,423,Index cards,4,326
Ireland,423,Index cards,9,326
Iran,401,Pencils,10,327
Korea,401,Pencils,1,327
Australia,402,Mechanical Pencils,4,327
Mexico,403,Erasers,9,327
Ireland,404,Chromebooks,3,327
France,406,Backpacks,6,327
Ireland,406,Backpacks,10,327
Ireland,408,Rulers,2,327
Russia,408,Rulers,3,327
Brazil,410,Markers,10,327
Australia,411,Calculators,8,327
Brazil,411,Calculators,5,327
United States,411,Calculators,9,327
Australia,412,Uniforms,7,327
Russia,412,Uniforms,2,327
Australia,415,Pens,4,327
Australia,416,Folders,3,327
Ireland,417,Pencil Pouch,3,327
Japan,417,Pencil Pouch,7,327
Great Britain,418,Glue Stick,6,327
Japan,418,Glue Stick,5,327
Korea,418,Glue Stick,4,327
Mexico,419,Lunch Bags,9,327
France,421,Sharpie pens,2,327
Germany,422,Lunchbox,7,327
Japan,423,Index cards,9,327
India,401,Pencils,8,328
Korea,402,Mechanical Pencils,3,328
United States,403,Erasers,5,328
Germany,404,Chromebooks,3,328
Great Britain,405,Textbooks,6,328
Germany,407,Bags,9,328
Iran,407,Bags,7,328
Russia,407,Bags,7,328
Ukraine,407,Bags,1,328
China,408,Rulers,2,328
Great Britain,408,Rulers,7,328
Brazil,410,Markers,1,328
Great Britain,410,Markers,2,328
Brazil,412,Uniforms,1,328
Germany,413,Sketchbooks,6,328
Ukraine,414,Notepads,4,328
China,416,Folders,3,328
Germany,416,Folders,5,328
Mexico,416,Folders,2,328
United States,417,Pencil Pouch,10,328
Germany,418,Glue Stick,9,328
Ukraine,420,Gym Bag,5,328
Russia,421,Sharpie pens,2,328
China,422,Lunchbox,4,328
Australia,423,Index cards,3,328
Brazil,400,Notebooks,2,329
China,402,Mechanical Pencils,8,329
Australia,403,Erasers,6,329
Japan,403,Erasers,2,329
Ireland,404,Chromebooks,2,329
Japan,406,Backpacks,5,329
Ireland,407,Bags,2,329
Ukraine,408,Rulers,3,329
Australia,409,Crayons,4,329
Iran,414,Notepads,16,329
Russia,414,Notepads,2,329
Germany,415,Pens,7,329
Japan,415,Pens,7,329
India,417,Pencil Pouch,7,329
United States,417,Pencil Pouch,9,329
India,419,Lunch Bags,9,329
Mexico,420,Gym Bag,5,329
Iran,421,Sharpie pens,6,329
Ireland,422,Lunchbox,5,329
Korea,422,Lunchbox,10,329
China,400,Notebooks,9,330
Australia,401,Pencils,4,330
Iran,401,Pencils,2,330
Russia,401,Pencils,7,330
Great Britain,402,Mechanical Pencils,6,330
Russia,402,Mechanical Pencils,9,330
Great Britain,403,Erasers,6,330
France,404,Chromebooks,6,330
Germany,405,Textbooks,1,330
Korea,405,Textbooks,9,330
Australia,406,Backpacks,1,330
China,406,Backpacks,5,330
India,406,Backpacks,3,330
Russia,406,Backpacks,6,330
Australia,407,Bags,5,330
Great Britain,407,Bags,3,330
India,410,Markers,7,330
China,411,Calculators,1,330
Great Britain,411,Calculators,7,330
Japan,412,Uniforms,9,330
Korea,413,Sketchbooks,6,330
Iran,414,Notepads,7,330
India,418,Glue Stick,8,330
Mexico,418,Glue Stick,4,330
Ukraine,418,Glue Stick,1,330
India,419,Lunch Bags,3,330
France,420,Gym Bag,8,330
Ireland,421,Sharpie pens,5,330
India,423,Index cards,8,330
France,403,Erasers,5,331
Russia,403,Erasers,10,331
Germany,404,Chromebooks,3,331
Great Britain,404,Chromebooks,1,331
Korea,404,Chromebooks,2,331
Great Britain,408,Rulers,7,331
Great Britain,409,Crayons,1,331
Iran,409,Crayons,2,331
Russia,409,Crayons,7,331
France,410,Markers,2,331
United States,410,Markers,2,331
Brazil,411,Calculators,5,331
Russia,411,Calculators,3,331
Japan,412,Uniforms,6,331
Mexico,412,Uniforms,9,331
Great Britain,413,Sketchbooks,8,331
Brazil,414,Notepads,2,331
Germany,415,Pens,6,331
Great Britain,415,Pens,2,331
Brazil,417,Pencil Pouch,3,331
Korea,417,Pencil Pouch,2,331
Brazil,418,Glue Stick,3,331
Great Britain,418,Glue Stick,2,331
Japan,421,Sharpie pens,6,331
Mexico,421,Sharpie pens,10,331
United States,421,Sharpie pens,9,331
India,422,Lunchbox,6,331
China,400,Notebooks,7,332
Korea,403,Erasers,10,332
Ukraine,403,Erasers,7,332
United States,403,Erasers,6,332
China,405,Textbooks,2,332
Iran,405,Textbooks,1,332
Russia,405,Textbooks,6,332
Ukraine,406,Backpacks,3,332
France,407,Bags,4,332
Ireland,409,Crayons,7,332
China,410,Markers,7,332
India,412,Uniforms,8,332
Russia,412,Uniforms,10,332
China,413,Sketchbooks,2,332
France,414,Notepads,4,332
Germany,414,Notepads,6,332
Ireland,415,Pens,1,332
Mexico,415,Pens,8,332
Mexico,417,Pencil Pouch,8,332
Japan,419,Lunch Bags,9,332
Japan,421,Sharpie pens,9,332
Ukraine,421,Sharpie pens,2,332
Great Britain,423,Index cards,5,332
Korea,423,Index cards,10,332
Great Britain,400,Notebooks,7,335
Great Britain,401,Pencils,9,335
France,402,Mechanical Pencils,3,335
Iran,402,Mechanical Pencils,8,335
Russia,402,Mechanical Pencils,2,335
United States,402,Mechanical Pencils,8,335
Great Britain,403,Erasers,2,335
Ireland,405,Textbooks,1,335
France,406,Backpacks,18,335
China,407,Bags,13,335
France,408,Rulers,1,335
United States,411,Calculators,5,335
Germany,412,Uniforms,9,335
Australia,413,Sketchbooks,10,335
China,413,Sketchbooks,6,335
Japan,414,Notepads,2,335
France,416,Folders,10,335
Australia,417,Pencil Pouch,1,335
France,417,Pencil Pouch,2,335
France,418,Glue Stick,10,335
Ukraine,418,Glue Stick,9,335
Germany,419,Lunch Bags,5,335
Russia,419,Lunch Bags,3,335
United States,420,Gym Bag,9,335
Iran,421,Sharpie pens,9,335
Ireland,421,Sharpie pens,10,335
Brazil,422,Lunchbox,10,335
Iran,422,Lunchbox,10,335
Ukraine,400,Notebooks,5,336
United States,400,Notebooks,9,336
Germany,401,Pencils,1,336
China,402,Mechanical Pencils,1,336
India,402,Mechanical Pencils,5,336
Japan,402,Mechanical Pencils,6,336
Mexico,402,Mechanical Pencils,7,336
Ukraine,402,Mechanical Pencils,9,336
Great Britain,403,Erasers,4,336
India,404,Chromebooks,6,336
Iran,404,Chromebooks,7,336
Iran,405,Textbooks,7,336
France,406,Backpacks,6,336
Iran,406,Backpacks,8,336
France,407,Bags,5,336
Great Britain,407,Bags,7,336
Iran,407,Bags,8,336
Russia,407,Bags,4,336
Australia,408,Rulers,1,336
France,408,Rulers,7,336
Great Britain,408,Rulers,3,336
Iran,408,Rulers,8,336
France,409,Crayons,15,336
Great Britain,409,Crayons,2,336
Iran,409,Crayons,5,336
Japan,410,Markers,2,336
Great Britain,412,Uniforms,9,336
India,413,Sketchbooks,3,336
Great Britain,414,Notepads,7,336
Iran,414,Notepads,8,336
Japan,414,Notepads,4,336
Brazil,415,Pens,3,336
Mexico,415,Pens,9,336
Australia,416,Folders,7,336
Ireland,416,Folders,9,336
United States,416,Folders,9,336
United States,417,Pencil Pouch,6,336
Australia,418,Glue Stick,7,336
Brazil,418,Glue Stick,9,336
Germany,419,Lunch Bags,10,336
Korea,419,Lunch Bags,1,336
Brazil,421,Sharpie pens,9,336
Australia,422,Lunchbox,4,336
France,422,Lunchbox,3,336
Japan,422,Lunchbox,4,336
United States,422,Lunchbox,1,336
Ireland,423,Index cards,3,336
Japan,423,Index cards,4,336
Mexico,423,Index cards,10,336
India,400,Notebooks,6,337
Ireland,401,Pencils,3,337
Korea,403,Erasers,5,337
Mexico,403,Erasers,8,337
Ireland,404,Chromebooks,4,337
Brazil,405,Textbooks,5,337
Russia,405,Textbooks,6,337
France,408,Rulers,9,337
Mexico,408,Rulers,6,337
China,409,Crayons,4,337
Australia,410,Markers,9,337
Great Britain,410,Markers,9,337
Ukraine,410,Markers,9,337
Korea,412,Uniforms,7,337
France,413,Sketchbooks,6,337
Korea,413,Sketchbooks,9,337
United States,414,Notepads,1,337
France,415,Pens,6,337
United States,415,Pens,7,337
Ireland,416,Folders,9,337
Mexico,416,Folders,4,337
Russia,416,Folders,1,337
Ireland,417,Pencil Pouch,8,337
Mexico,417,Pencil Pouch,3,337
Russia,417,Pencil Pouch,4,337
Australia,418,Glue Stick,6,337
Germany,418,Glue Stick,5,337
Australia,419,Lunch Bags,8,337
China,419,Lunch Bags,5,337
Ukraine,420,Gym Bag,3,337
China,421,Sharpie pens,3,337
Germany,422,Lunchbox,6,337
Ireland,423,Index cards,7,337
China,400,Notebooks,3,338
Iran,400,Notebooks,2,338
Mexico,400,Notebooks,5,338
Australia,401,Pencils,8,338
China,401,Pencils,5,338
Germany,401,Pencils,4,338
Japan,401,Pencils,2,338
China,402,Mechanical Pencils,10,338
Mexico,402,Mechanical Pencils,4,338
Ireland,403,Erasers,10,338
Germany,405,Textbooks,2,338
United States,405,Textbooks,20,338
Russia,406,Backpacks,7,338
Iran,408,Rulers,3,338
Ireland,408,Rulers,6,338
United States,409,Crayons,10,338
France,410,Markers,4,338
Russia,410,Markers,2,338
Germany,411,Calculators,1,338
Mexico,412,Uniforms,1,338
France,413,Sketchbooks,2,338
Korea,413,Sketchbooks,9,338
India,414,Notepads,6,338
Ukraine,415,Pens,4,338
United States,415,Pens,8,338
Germany,416,Folders,1,338
Russia,416,Folders,2,338
Russia,417,Pencil Pouch,7,338
India,418,Glue Stick,6,338
Japan,418,Glue Stick,6,338
Germany,419,Lunch Bags,7,338
Australia,420,Gym Bag,4,338
France,420,Gym Bag,1,338
Germany,420,Gym Bag,10,338
India,420,Gym Bag,4,338
China,421,Sharpie pens,5,338
Iran,421,Sharpie pens,1,338
India,422,Lunchbox,6,338
Australia,423,Index cards,5,338
Germany,423,Index cards,2,338
United States,400,Notebooks,8,339
Russia,401,Pencils,7,339
China,402,Mechanical Pencils,8,339
Germany,402,Mechanical Pencils,5,339
Japan,402,Mechanical Pencils,1,339
China,404,Chromebooks,4,339
Ireland,404,Chromebooks,8,339
Ukraine,404,Chromebooks,8,339
France,405,Textbooks,9,339
Korea,405,Textbooks,5,339
Ukraine,405,Textbooks,5,339
Ukraine,406,Backpacks,1,339
India,407,Bags,5,339
Ukraine,407,Bags,1,339
Iran,408,Rulers,9,339
Brazil,409,Crayons,4,339
Ireland,410,Markers,12,339
Japan,410,Markers,2,339
Australia,411,Calculators,5,339
Germany,412,Uniforms,10,339
Ukraine,413,Sketchbooks,8,339
Ireland,414,Notepads,6,339
Ukraine,414,Notepads,3,339
Brazil,415,Pens,4,339
Great Britain,415,Pens,1,339
Brazil,416,Folders,5,339
Ireland,416,Folders,14,339
United States,416,Folders,2,339
Ukraine,417,Pencil Pouch,7,339
Australia,418,Glue Stick,8,339
China,419,Lunch Bags,10,339
Russia,419,Lunch Bags,5,339
Ireland,420,Gym Bag,3,339
France,421,Sharpie pens,6,339
Iran,421,Sharpie pens,2,339
Korea,422,Lunchbox,5,339
Mexico,422,Lunchbox,6,339
Australia,423,Index cards,4,339
India,423,Index cards,6,339
Iran,423,Index cards,6,339
Germany,400,Notebooks,6,340
Ukraine,400,Notebooks,9,340
Brazil,401,Pencils,6,340
India,401,Pencils,4,340
Korea,401,Pencils,9,340
Mexico,401,Pencils,3,340
China,402,Mechanical Pencils,1,340
India,402,Mechanical Pencils,6,340
Brazil,403,Erasers,4,340
France,404,Chromebooks,1,340
Germany,404,Chromebooks,5,340
France,405,Textbooks,3,340
Great Britain,405,Textbooks,3,340
Ukraine,405,Textbooks,9,340
Ireland,406,Backpacks,3,340
China,407,Bags,9,340
France,407,Bags,2,340
Iran,408,Rulers,5,340
Iran,409,Crayons,7,340
Ireland,410,Markers,8,340
Ukraine,410,Markers,2,340
Great Britain,411,Calculators,6,340
Japan,411,Calculators,5,340
Korea,413,Sketchbooks,4,340
Australia,414,Notepads,9,340
France,414,Notepads,3,340
Germany,414,Notepads,5,340
Russia,414,Notepads,6,340
Australia,416,Folders,7,340
Mexico,417,Pencil Pouch,13,340
Ireland,418,Glue Stick,2,340
China,420,Gym Bag,2,340
France,420,Gym Bag,2,340
Korea,420,Gym Bag,5,340
Iran,421,Sharpie pens,10,340
Ireland,421,Sharpie pens,8,340
France,422,Lunchbox,1,340
Great Britain,423,Index cards,4,340
Korea,423,Index cards,9,340
Brazil,401,Pencils,4,341
Iran,402,Mechanical Pencils,6,341
Japan,402,Mechanical Pencils,4,341
Korea,402,Mechanical Pencils,5,341
Mexico,403,Erasers,6,341
Russia,403,Erasers,2,341
Brazil,405,Textbooks,5,341
Korea,405,Textbooks,4,341
Ukraine,405,Textbooks,1,341
Brazil,406,Backpacks,4,341
China,406,Backpacks,6,341
India,406,Backpacks,10,341
Japan,406,Backpacks,8,341
Ukraine,406,Backpacks,9,341
Ireland,407,Bags,5,341
India,408,Rulers,1,341
China,409,Crayons,3,341
France,409,Crayons,10,341
India,409,Crayons,3,341
France,410,Markers,10,341
Great Britain,411,Calculators,5,341
Iran,412,Uniforms,9,341
Korea,412,Uniforms,10,341
Ukraine,412,Uniforms,2,341
United States,412,Uniforms,5,341
France,414,Notepads,4,341
Brazil,415,Pens,9,341
France,415,Pens,9,341
Australia,416,Folders,9,341
India,416,Folders,4,341
Ukraine,416,Folders,3,341
China,418,Glue Stick,2,341
Korea,418,Glue Stick,8,341
Russia,419,Lunch Bags,2,341
United States,419,Lunch Bags,3,341
Germany,420,Gym Bag,9,341
Iran,423,Index cards,5,341
Great Britain,400,Notebooks,8,342
Mexico,400,Notebooks,4,342
United States,400,Notebooks,8,342
China,401,Pencils,7,342
Ireland,401,Pencils,7,342
Mexico,401,Pencils,10,342
Mexico,404,Chromebooks,9,342
Ukraine,404,Chromebooks,3,342
Brazil,405,Textbooks,1,342
Ireland,406,Backpacks,2,342
Japan,406,Backpacks,8,342
Mexico,406,Backpacks,9,342
Ukraine,406,Backpacks,3,342
Australia,409,Crayons,5,342
Ukraine,409,Crayons,9,342
Brazil,410,Markers,6,342
Germany,411,Calculators,9,342
Brazil,412,Uniforms,7,342
United States,412,Uniforms,1,342
Great Britain,413,Sketchbooks,4,342
United States,413,Sketchbooks,8,342
Great Britain,414,Notepads,9,342
Mexico,414,Notepads,5,342
United States,414,Notepads,10,342
Ireland,415,Pens,7,342
China,418,Glue Stick,6,342
India,418,Glue Stick,1,342
Russia,421,Sharpie pens,3,342
Ireland,422,Lunchbox,10,342
Ukraine,422,Lunchbox,4,342
Brazil,400,Notebooks,8,343
Great Britain,400,Notebooks,6,343
Mexico,400,Notebooks,10,343
Russia,400,Notebooks,6,343
United States,400,Notebooks,6,343
Germany,401,Pencils,3,343
Ireland,401,Pencils,6,343
Mexico,403,Erasers,9,343
Brazil,404,Chromebooks,10,343
India,404,Chromebooks,8,343
Great Britain,406,Backpacks,7,343
Iran,406,Backpacks,6,343
Brazil,407,Bags,6,343
India,408,Rulers,3,343
Australia,410,Markers,5,343
United States,410,Markers,6,343
China,411,Calculators,4,343
France,412,Uniforms,8,343
France,413,Sketchbooks,10,343
Iran,413,Sketchbooks,2,343
Russia,415,Pens,8,343
Ireland,416,Folders,1,343
Korea,416,Folders,6,343
Mexico,416,Folders,1,343
China,417,Pencil Pouch,3,343
India,417,Pencil Pouch,10,343
Korea,418,Glue Stick,2,343
India,420,Gym Bag,8,343
Mexico,421,Sharpie pens,8,343
Russia,421,Sharpie pens,8,343
Ireland,422,Lunchbox,3,343
Australia,423,Index cards,3,343
Germany,423,Index cards,3,343
Iran,400,Notebooks,5,344
Russia,400,Notebooks,2,344
France,402,Mechanical Pencils,10,344
India,402,Mechanical Pencils,8,344
United States,402,Mechanical Pencils,2,344
Iran,403,Erasers,7,344
Mexico,404,Chromebooks,2,344
Brazil,405,Textbooks,2,344
Korea,405,Textbooks,10,344
Mexico,405,Textbooks,5,344
Japan,406,Backpacks,6,344
Australia,407,Bags,1,344
Germany,407,Bags,10,344
Japan,407,Bags,5,344
Australia,409,Crayons,6,344
Great Britain,409,Crayons,10,344
Mexico,409,Crayons,3,344
India,410,Markers,8,344
Iran,410,Markers,5,344
Great Britain,411,Calculators,4,344
Japan,411,Calculators,1,344
Australia,412,Uniforms,8,344
United States,412,Uniforms,1,344
Ukraine,413,Sketchbooks,4,344
Ukraine,414,Notepads,7,344
China,415,Pens,9,344
Great Britain,415,Pens,8,344
Ireland,415,Pens,3,344
Mexico,415,Pens,3,344
Iran,418,Glue Stick,4,344
Ireland,418,Glue Stick,9,344
Japan,418,Glue Stick,1,344
United States,418,Glue Stick,6,344
Australia,419,Lunch Bags,8,344
China,419,Lunch Bags,7,344
India,419,Lunch Bags,8,344
Russia,419,Lunch Bags,6,344
Australia,420,Gym Bag,10,344
France,420,Gym Bag,6,344
Germany,422,Lunchbox,6,344
Iran,422,Lunchbox,10,344
China,423,Index cards,5,344
Iran,423,Index cards,4,344
Korea,423,Index cards,2,344
Iran,400,Notebooks,1,345
Ukraine,400,Notebooks,8,345
Australia,401,Pencils,8,345
Mexico,401,Pencils,6,345
China,402,Mechanical Pencils,6,345
Mexico,402,Mechanical Pencils,2,345
France,403,Erasers,2,345
Russia,404,Chromebooks,9,345
China,405,Textbooks,2,345
Germany,405,Textbooks,2,345
United States,406,Backpacks,7,345
Iran,407,Bags,1,345
France,408,Rulers,12,345
Germany,408,Rulers,5,345
Ireland,408,Rulers,7,345
Mexico,408,Rulers,9,345
Ukraine,408,Rulers,2,345
Brazil,409,Crayons,7,345
India,409,Crayons,9,345
China,410,Markers,10,345
Ireland,410,Markers,7,345
Brazil,411,Calculators,8,345
Iran,411,Calculators,1,345
Japan,411,Calculators,5,345
China,412,Uniforms,8,345
Great Britain,412,Uniforms,9,345
India,412,Uniforms,9,345
United States,412,Uniforms,9,345
Korea,413,Sketchbooks,7,345
Mexico,413,Sketchbooks,1,345
Russia,414,Notepads,4,345
Brazil,415,Pens,6,345
China,415,Pens,4,345
Japan,416,Folders,5,345
Great Britain,417,Pencil Pouch,4,345
Brazil,418,Glue Stick,7,345
Great Britain,418,Glue Stick,9,345
Ireland,418,Glue Stick,3,345
United States,418,Glue Stick,5,345
Great Britain,420,Gym Bag,6,345
Australia,421,Sharpie pens,8,345
Brazil,421,Sharpie pens,4,345
Mexico,422,Lunchbox,2,345
Russia,422,Lunchbox,4,345
United States,422,Lunchbox,1,345
Russia,423,Index cards,2,345
Ukraine,423,Index cards,2,345
Korea,400,Notebooks,3,346
Australia,401,Pencils,3,346
India,401,Pencils,7,346
Russia,401,Pencils,6,346
Brazil,402,Mechanical Pencils,9,346
France,402,Mechanical Pencils,8,346
Japan,402,Mechanical Pencils,4,346
Ukraine,402,Mechanical Pencils,2,346
India,404,Chromebooks,9,346
Germany,405,Textbooks,10,346
Russia,406,Backpacks,7,346
United States,407,Bags,7,346
France,408,Rulers,1,346
India,408,Rulers,10,346
Russia,408,Rulers,3,346
Brazil,409,Crayons,2,346
Great Britain,409,Crayons,3,346
India,409,Crayons,15,346
Mexico,409,Crayons,5,346
Korea,410,Markers,1,346
Ukraine,410,Markers,2,346
Brazil,412,Uniforms,1,346
Brazil,414,Notepads,1,346
Korea,414,Notepads,3,346
Korea,415,Pens,2,346
Russia,415,Pens,4,346
Brazil,417,Pencil Pouch,10,346
Japan,417,Pencil Pouch,8,346
Brazil,418,Glue Stick,10,346
India,418,Glue Stick,14,346
Iran,418,Glue Stick,5,346
Ireland,419,Lunch Bags,12,346
France,421,Sharpie pens,4,346
Great Britain,421,Sharpie pens,5,346
Japan,421,Sharpie pens,4,346
Brazil,422,Lunchbox,10,346
Australia,423,Index cards,8,346
Ukraine,423,Index cards,2,346
Australia,400,Notebooks,5,347
Mexico,400,Notebooks,9,347
Mexico,401,Pencils,9,347
Russia,401,Pencils,5,347
Japan,402,Mechanical Pencils,9,347
Australia,403,Erasers,4,347
China,403,Erasers,9,347
Germany,403,Erasers,9,347
India,403,Erasers,10,347
Iran,403,Erasers,10,347
China,404,Chromebooks,10,347
Brazil,405,Textbooks,7,347
Brazil,406,Backpacks,9,347
Japan,406,Backpacks,3,347
India,407,Bags,10,347
Australia,408,Rulers,8,347
Germany,408,Rulers,2,347
India,408,Rulers,7,347
Russia,408,Rulers,9,347
Australia,409,Crayons,1,347
Australia,410,Markers,3,347
Germany,410,Markers,6,347
India,410,Markers,7,347
Ireland,410,Markers,8,347
Australia,411,Calculators,4,347
Brazil,411,Calculators,4,347
Ireland,412,Uniforms,7,347
France,413,Sketchbooks,7,347
Korea,414,Notepads,10,347
Brazil,415,Pens,2,347
Korea,416,Folders,10,347
Japan,418,Glue Stick,4,347
Korea,418,Glue Stick,5,347
Russia,420,Gym Bag,5,347
Ireland,422,Lunchbox,2,347
Russia,423,Index cards,3,347
India,400,Notebooks,8,348
Russia,401,Pencils,1,348
Germany,402,Mechanical Pencils,3,348
Russia,402,Mechanical Pencils,4,348
Mexico,403,Erasers,8,348
Ukraine,403,Erasers,4,348
Brazil,404,Chromebooks,10,348
Great Britain,404,Chromebooks,9,348
India,404,Chromebooks,3,348
Ireland,404,Chromebooks,11,348
Mexico,404,Chromebooks,2,348
Brazil,405,Textbooks,9,348
India,405,Textbooks,4,348
Ireland,405,Textbooks,5,348
Japan,406,Backpacks,1,348
United States,408,Rulers,6,348
Australia,409,Crayons,4,348
Korea,409,Crayons,8,348
Japan,411,Calculators,5,348
United States,411,Calculators,5,348
Brazil,412,Uniforms,6,348
Great Britain,412,Uniforms,1,348
Australia,413,Sketchbooks,9,348
Ukraine,413,Sketchbooks,5,348
Russia,414,Notepads,5,348
France,417,Pencil Pouch,7,348
India,417,Pencil Pouch,10,348
India,418,Glue Stick,2,348
Ireland,418,Glue Stick,10,348
Ukraine,418,Glue Stick,1,348
Ukraine,419,Lunch Bags,9,348
Australia,420,Gym Bag,6,348
China,421,Sharpie pens,4,348
Iran,422,Lunchbox,7,348
Australia,423,Index cards,8,348
Germany,400,Notebooks,9,349
Iran,400,Notebooks,10,349
India,401,Pencils,9,349
Germany,402,Mechanical Pencils,9,349
Great Britain,402,Mechanical Pencils,8,349
Great Britain,405,Textbooks,8,349
Iran,405,Textbooks,9,349
Australia,406,Backpacks,2,349
Brazil,406,Backpacks,3,349
Ukraine,406,Backpacks,4,349
Russia,407,Bags,7,349
China,408,Rulers,8,349
Australia,410,Markers,3,349
Korea,410,Markers,1,349
Great Britain,411,Calculators,4,349
Brazil,412,Uniforms,11,349
Korea,412,Uniforms,1,349
Australia,413,Sketchbooks,3,349
Iran,413,Sketchbooks,1,349
Korea,414,Notepads,1,349
Brazil,415,Pens,2,349
Japan,415,Pens,6,349
United States,415,Pens,7,349
Japan,417,Pencil Pouch,18,349
Korea,417,Pencil Pouch,4,349
China,418,Glue Stick,4,349
Brazil,419,Lunch Bags,2,349
United States,419,Lunch Bags,3,349
Great Britain,420,Gym Bag,6,349
India,421,Sharpie pens,3,349
Japan,422,Lunchbox,10,349
Mexico,422,Lunchbox,5,349
India,423,Index cards,5,349
Iran,401,Pencils,6,350
Korea,401,Pencils,1,350
Ukraine,401,Pencils,10,350
China,402,Mechanical Pencils,5,350
Great Britain,402,Mechanical Pencils,9,350
Korea,402,Mechanical Pencils,3,350
China,403,Erasers,2,350
Great Britain,403,Erasers,6,350
Iran,403,Erasers,9,350
Mexico,403,Erasers,1,350
Russia,403,Erasers,9,350
Ireland,404,Chromebooks,3,350
Great Britain,405,Textbooks,6,350
Great Britain,406,Backpacks,2,350
Ireland,406,Backpacks,5,350
Japan,406,Backpacks,5,350
Brazil,407,Bags,4,350
Ireland,407,Bags,9,350
Germany,408,Rulers,4,350
India,408,Rulers,12,350
Ireland,411,Calculators,5,350
Mexico,411,Calculators,2,350
United States,412,Uniforms,8,350
Great Britain,413,Sketchbooks,8,350
Korea,413,Sketchbooks,4,350
Iran,414,Notepads,3,350
Great Britain,415,Pens,10,350
Ireland,415,Pens,6,350
Brazil,416,Folders,1,350
Germany,416,Folders,9,350
India,418,Glue Stick,9,350
Japan,418,Glue Stick,8,350
Russia,418,Glue Stick,1,350
Japan,419,Lunch Bags,10,350
Great Britain,420,Gym Bag,9,350
Japan,421,Sharpie pens,8,350
Ukraine,421,Sharpie pens,3,350
Great Britain,422,Lunchbox,5,350
Iran,423,Index cards,5,350
France,400,Notebooks,10,351
Australia,401,Pencils,3,351
Ukraine,401,Pencils,3,351
Great Britain,402,Mechanical Pencils,2,351
United States,403,Erasers,1,351
Iran,406,Backpacks,8,351
Korea,407,Bags,3,351
France,409,Crayons,3,351
United States,409,Crayons,8,351
China,411,Calculators,3,351
Japan,412,Uniforms,3,351
Great Britain,413,Sketchbooks,8,351
India,414,Notepads,4,351
China,415,Pens,9,351
Germany,415,Pens,2,351
Korea,415,Pens,5,351
Iran,416,Folders,2,351
Korea,417,Pencil Pouch,7,351
Brazil,418,Glue Stick,5,351
China,419,Lunch Bags,6,351
France,419,Lunch Bags,3,351
Korea,419,Lunch Bags,9,351
Korea,420,Gym Bag,1,351
United States,420,Gym Bag,1,351
Great Britain,421,Sharpie pens,7,351
Iran,423,Index cards,8,351
China,400,Notebooks,2,352
Great Britain,400,Notebooks,4,352
Ireland,400,Notebooks,3,352
Australia,401,Pencils,6,352
Ireland,401,Pencils,5,352
Brazil,402,Mechanical Pencils,1,352
Australia,403,Erasers,4,352
China,403,Erasers,4,352
Japan,404,Chromebooks,10,352
France,405,Textbooks,3,352
Germany,407,Bags,1,352
Ukraine,409,Crayons,4,352
United States,409,Crayons,6,352
Great Britain,410,Markers,9,352
Brazil,411,Calculators,9,352
China,412,Uniforms,10,352
Ireland,412,Uniforms,6,352
France,413,Sketchbooks,4,352
Germany,413,Sketchbooks,1,352
Japan,414,Notepads,2,352
Australia,415,Pens,4,352
Germany,415,Pens,3,352
Ireland,415,Pens,4,352
United States,416,Folders,10,352
France,417,Pencil Pouch,6,352
Great Britain,417,Pencil Pouch,3,352
Iran,417,Pencil Pouch,9,352
Germany,418,Glue Stick,2,352
Great Britain,419,Lunch Bags,9,352
Korea,419,Lunch Bags,7,352
Germany,420,Gym Bag,2,352
Japan,420,Gym Bag,10,352
Australia,421,Sharpie pens,8,352
Germany,421,Sharpie pens,1,352
India,421,Sharpie pens,4,352
United States,422,Lunchbox,8,352
Japan,423,Index cards,10,352
India,400,Notebooks,8,353
Ukraine,400,Notebooks,6,353
Ireland,401,Pencils,11,353
Brazil,402,Mechanical Pencils,8,353
Australia,406,Backpacks,8,353
Great Britain,406,Backpacks,3,353
Japan,406,Backpacks,2,353
Russia,407,Bags,7,353
Brazil,408,Rulers,9,353
Brazil,409,Crayons,9,353
United States,409,Crayons,1,353
India,412,Uniforms,4,353
Ireland,413,Sketchbooks,10,353
Korea,413,Sketchbooks,7,353
France,416,Folders,17,353
Great Britain,416,Folders,8,353
Australia,417,Pencil Pouch,7,353
China,418,Glue Stick,7,353
Germany,418,Glue Stick,6,353
Great Britain,418,Glue Stick,4,353
Germany,419,Lunch Bags,11,353
Ukraine,419,Lunch Bags,7,353
Russia,420,Gym Bag,3,353
India,421,Sharpie pens,7,353
Ireland,421,Sharpie pens,10,353
Australia,422,Lunchbox,6,353
Brazil,422,Lunchbox,1,353
India,422,Lunchbox,9,353
Ireland,422,Lunchbox,6,353
Russia,422,Lunchbox,7,353
Australia,400,Notebooks,9,354
India,400,Notebooks,6,354
Germany,401,Pencils,4,354
India,401,Pencils,4,354
Japan,401,Pencils,4,354
Japan,402,Mechanical Pencils,1,354
Russia,402,Mechanical Pencils,4,354
India,403,Erasers,9,354
Mexico,403,Erasers,17,354
Germany,405,Textbooks,4,354
Australia,406,Backpacks,10,354
China,406,Backpacks,5,354
France,406,Backpacks,3,354
Mexico,406,Backpacks,6,354
Russia,406,Backpacks,4,354
Great Britain,407,Bags,10,354
Brazil,408,Rulers,4,354
France,408,Rulers,10,354
Japan,408,Rulers,4,354
China,409,Crayons,5,354
France,409,Crayons,9,354
Mexico,409,Crayons,9,354
Germany,410,Markers,7,354
Great Britain,412,Uniforms,1,354
Ireland,412,Uniforms,2,354
Russia,413,Sketchbooks,7,354
France,414,Notepads,17,354
Mexico,414,Notepads,7,354
United States,414,Notepads,3,354
Great Britain,415,Pens,10,354
China,417,Pencil Pouch,10,354
Russia,420,Gym Bag,5,354
China,421,Sharpie pens,8,354
Iran,421,Sharpie pens,3,354
Brazil,422,Lunchbox,8,354
China,422,Lunchbox,10,354
India,422,Lunchbox,2,354
France,423,Index cards,5,354
Ireland,423,Index cards,10,354
Korea,423,Index cards,4,354
Iran,400,Notebooks,6,355
Ireland,400,Notebooks,2,355
China,401,Pencils,2,355
Germany,401,Pencils,3,355
Mexico,401,Pencils,7,355
Brazil,402,Mechanical Pencils,5,355
Iran,402,Mechanical Pencils,1,355
Mexico,402,Mechanical Pencils,1,355
Ireland,403,Erasers,3,355
Korea,403,Erasers,5,355
United States,403,Erasers,2,355
France,404,Chromebooks,4,355
Russia,404,Chromebooks,10,355
India,405,Textbooks,8,355
Iran,405,Textbooks,7,355
Korea,405,Textbooks,1,355
India,406,Backpacks,4,355
Japan,407,Bags,9,355
Germany,408,Rulers,10,355
Japan,408,Rulers,6,355
Russia,410,Markers,9,355
Korea,411,Calculators,2,355
Great Britain,412,Uniforms,3,355
Iran,412,Uniforms,10,355
Korea,412,Uniforms,6,355
United States,412,Uniforms,6,355
India,413,Sketchbooks,4,355
Korea,413,Sketchbooks,10,355
Russia,414,Notepads,4,355
Ukraine,414,Notepads,14,355
Japan,415,Pens,8,355
Australia,416,Folders,10,355
China,416,Folders,5,355
Germany,416,Folders,13,355
Iran,416,Folders,2,355
India,417,Pencil Pouch,7,355
Mexico,417,Pencil Pouch,1,355
United States,418,Glue Stick,7,355
Iran,419,Lunch Bags,4,355
Japan,419,Lunch Bags,5,355
Iran,420,Gym Bag,4,355
China,421,Sharpie pens,6,355
Germany,421,Sharpie pens,3,355
Australia,422,Lunchbox,1,355
China,422,Lunchbox,2,355
France,423,Index cards,1,355
Great Britain,423,Index cards,6,355
Iran,400,Notebooks,1,356
Australia,402,Mechanical Pencils,4,356
China,403,Erasers,9,356
Brazil,404,Chromebooks,4,356
France,405,Textbooks,7,356
Brazil,406,Backpacks,9,356
France,406,Backpacks,9,356
Great Britain,406,Backpacks,11,356
China,407,Bags,7,356
United States,407,Bags,9,356
Australia,408,Rulers,3,356
China,408,Rulers,7,356
Great Britain,408,Rulers,2,356
Ukraine,408,Rulers,5,356
France,409,Crayons,12,356
Ukraine,409,Crayons,5,356
Ireland,410,Markers,2,356
United States,410,Markers,11,356
Germany,411,Calculators,8,356
Mexico,411,Calculators,2,356
Japan,412,Uniforms,10,356
Ukraine,412,Uniforms,8,356
France,413,Sketchbooks,7,356
Korea,413,Sketchbooks,10,356
Russia,413,Sketchbooks,8,356
Ukraine,414,Notepads,7,356
Ireland,415,Pens,2,356
Ireland,416,Folders,7,356
Japan,416,Folders,1,356
Russia,416,Folders,5,356
India,417,Pencil Pouch,8,356
Japan,417,Pencil Pouch,15,356
Australia,418,Glue Stick,1,356
Mexico,418,Glue Stick,5,356
Ukraine,418,Glue Stick,7,356
United States,419,Lunch Bags,2,356
Iran,420,Gym Bag,10,356
Ukraine,420,Gym Bag,2,356
Brazil,421,Sharpie pens,4,356
Germany,421,Sharpie pens,10,356
United States,422,Lunchbox,4,356
Brazil,423,Index cards,8,356
Great Britain,423,Index cards,5,356
Japan,423,Index cards,7,356
Korea,400,Notebooks,6,357
China,401,Pencils,9,357
Mexico,401,Pencils,1,357
Ukraine,401,Pencils,10,357
Australia,402,Mechanical Pencils,5,357
Great Britain,402,Mechanical Pencils,10,357
Korea,403,Erasers,4,357
China,405,Textbooks,7,357
Japan,406,Backpacks,5,357
Korea,406,Backpacks,8,357
India,408,Rulers,10,357
Japan,409,Crayons,4,357
Ukraine,409,Crayons,2,357
Australia,410,Markers,9,357
Iran,410,Markers,1,357
Ireland,410,Markers,8,357
Japan,410,Markers,8,357
Brazil,411,Calculators,5,357
Ukraine,411,Calculators,3,357
Mexico,412,Uniforms,4,357
France,414,Notepads,8,357
Ukraine,414,Notepads,9,357
United States,414,Notepads,6,357
Brazil,415,Pens,9,357
France,415,Pens,1,357
Korea,415,Pens,16,357
Germany,416,Folders,3,357
Mexico,416,Folders,7,357
Russia,416,Folders,4,357
Russia,417,Pencil Pouch,3,357
United States,417,Pencil Pouch,7,357
France,418,Glue Stick,8,357
India,421,Sharpie pens,4,357
Mexico,421,Sharpie pens,5,357
India,422,Lunchbox,1,357
India,423,Index cards,1,357
Brazil,401,Pencils,8,358
Japan,401,Pencils,1,358
Brazil,402,Mechanical Pencils,6,358
Iran,402,Mechanical Pencils,6,358
Mexico,402,Mechanical Pencils,7,358
Korea,403,Erasers,2,358
Russia,403,Erasers,4,358
Japan,404,Chromebooks,4,358
Iran,405,Textbooks,1,358
Mexico,405,Textbooks,10,358
India,406,Backpacks,6,358
Great Britain,408,Rulers,3,358
India,408,Rulers,7,358
Great Britain,409,Crayons,9,358
Ireland,409,Crayons,6,358
Brazil,410,Markers,3,358
Australia,411,Calculators,2,358
Brazil,411,Calculators,3,358
India,411,Calculators,1,358
Brazil,412,Uniforms,9,358
Ukraine,412,Uniforms,7,358
China,413,Sketchbooks,4,358
Great Britain,413,Sketchbooks,9,358
Mexico,413,Sketchbooks,6,358
Russia,413,Sketchbooks,11,358
United States,413,Sketchbooks,6,358
Brazil,414,Notepads,4,358
Germany,415,Pens,4,358
Russia,415,Pens,9,358
United States,415,Pens,5,358
Brazil,416,Folders,9,358
France,416,Folders,9,358
Russia,416,Folders,7,358
Great Britain,417,Pencil Pouch,6,358
Germany,419,Lunch Bags,4,358
Australia,421,Sharpie pens,13,358
Australia,422,Lunchbox,9,358
Brazil,422,Lunchbox,8,358
Great Britain,422,Lunchbox,5,358
Mexico,422,Lunchbox,5,358
Great Britain,423,Index cards,9,358
Korea,423,Index cards,9,358
Australia,400,Notebooks,3,359
India,400,Notebooks,7,359
Iran,400,Notebooks,10,359
United States,400,Notebooks,2,359
Mexico,401,Pencils,7,359
France,402,Mechanical Pencils,9,359
Japan,402,Mechanical Pencils,3,359
France,403,Erasers,2,359
Great Britain,403,Erasers,9,359
Ukraine,405,Textbooks,8,359
India,407,Bags,10,359
Japan,407,Bags,1,359
Australia,408,Rulers,5,359
Japan,410,Markers,5,359
Mexico,410,Markers,2,359
United States,412,Uniforms,5,359
Ireland,414,Notepads,5,359
Ukraine,414,Notepads,1,359
China,415,Pens,3,359
United States,415,Pens,19,359
Iran,416,Folders,10,359
Ukraine,416,Folders,3,359
Australia,417,Pencil Pouch,3,359
Russia,417,Pencil Pouch,8,359
Ukraine,420,Gym Bag,8,359
Iran,421,Sharpie pens,10,359
United States,421,Sharpie pens,8,359
Brazil,422,Lunchbox,9,359
France,422,Lunchbox,6,359
India,422,Lunchbox,5,359
United States,422,Lunchbox,7,359
Japan,423,Index cards,2,359
Brazil,400,Notebooks,4,360
Russia,400,Notebooks,2,360
Mexico,401,Pencils,3,360
Ukraine,401,Pencils,1,360
Iran,403,Erasers,10,360
China,404,Chromebooks,6,360
Korea,405,Textbooks,13,360
United States,405,Textbooks,4,360
Australia,406,Backpacks,5,360
China,406,Backpacks,4,360
Japan,407,Bags,9,360
Japan,409,Crayons,7,360
Australia,410,Markers,3,360
Japan,410,Markers,3,360
Australia,411,Calculators,7,360
China,411,Calculators,4,360
France,411,Calculators,14,360
Mexico,411,Calculators,9,360
United States,413,Sketchbooks,7,360
China,414,Notepads,7,360
China,415,Pens,7,360
Iran,415,Pens,7,360
Ireland,416,Folders,7,360
Ireland,417,Pencil Pouch,4,360
Brazil,419,Lunch Bags,1,360
Germany,419,Lunch Bags,5,360
Japan,419,Lunch Bags,3,360
France,420,Gym Bag,8,360
Great Britain,420,Gym Bag,9,360
Mexico,420,Gym Bag,1,360
Brazil,421,Sharpie pens,3,360
Iran,421,Sharpie pens,6,360
Mexico,421,Sharpie pens,5,360
India,422,Lunchbox,8,360
Australia,423,Index cards,3,360
Germany,400,Notebooks,6,361
Iran,400,Notebooks,10,361
Ireland,400,Notebooks,1,361
Australia,401,Pencils,3,361
China,401,Pencils,3,361
Korea,402,Mechanical Pencils,8,361
Mexico,402,Mechanical Pencils,1,361
France,404,Chromebooks,5,361
Great Britain,405,Textbooks,4,361
Ireland,405,Textbooks,6,361
Korea,405,Textbooks,9,361
Great Britain,406,Backpacks,8,361
Russia,407,Bags,3,361
Japan,408,Rulers,4,361
Russia,409,Crayons,2,361
Germany,410,Markers,6,361
Iran,410,Markers,10,361
Mexico,410,Markers,7,361
China,412,Uniforms,8,361
Ireland,412,Uniforms,5,361
Korea,413,Sketchbooks,7,361
France,415,Pens,5,361
Germany,415,Pens,9,361
Iran,415,Pens,6,361
Great Britain,416,Folders,2,361
Russia,417,Pencil Pouch,3,361
Australia,418,Glue Stick,8,361
China,418,Glue Stick,10,361
Great Britain,418,Glue Stick,8,361
Brazil,419,Lunch Bags,7,361
Russia,419,Lunch Bags,9,361
Korea,420,Gym Bag,3,361
Brazil,421,Sharpie pens,7,361
Korea,421,Sharpie pens,5,361
United States,421,Sharpie pens,8,361
France,422,Lunchbox,5,361
Ukraine,422,Lunchbox,8,361
Russia,423,Index cards,1,361
Great Britain,401,Pencils,8,362
Ireland,401,Pencils,5,362
China,403,Erasers,7,362
United States,404,Chromebooks,10,362
United States,405,Textbooks,10,362
Germany,406,Backpacks,3,362
Ukraine,406,Backpacks,5,362
China,407,Bags,1,362
Japan,407,Bags,8,362
Ireland,408,Rulers,6,362
Russia,408,Rulers,9,362
Germany,409,Crayons,3,362
Japan,409,Crayons,10,362
Germany,410,Markers,8,362
Iran,410,Markers,9,362
Japan,410,Markers,4,362
Russia,410,Markers,8,362
Brazil,411,Calculators,10,362
Mexico,411,Calculators,10,362
Germany,412,Uniforms,3,362
Ireland,415,Pens,8,362
Japan,415,Pens,7,362
United States,415,Pens,8,362
Ukraine,416,Folders,12,362
Germany,417,Pencil Pouch,4,362
Russia,418,Glue Stick,4,362
Iran,419,Lunch Bags,5,362
Japan,419,Lunch Bags,10,362
United States,419,Lunch Bags,8,362
Mexico,421,Sharpie pens,3,362
Ukraine,422,Lunchbox,9,362
United States,422,Lunchbox,7,362
United States,423,Index cards,4,362
