404,Chromebooks,8,1
414,Notepads,8,1
418,Glue Stick,1,1
423,Index cards,2,1
409,Crayons,7,2
410,Markers,6,2
411,Calculators,9,2
418,Glue Stick,10,2
419,Lunch Bags,1,2
422,Lunchbox,4,2
402,Mechanical Pencils,8,3
406,Backpacks,4,3
410,Markers,7,3
418,Glue Stick,9,3
403,Erasers,5,4
405,Textbooks,10,4
407,Bags,1,4
409,Crayons,7,4
412,Uniforms,10,4
413,Sketchbooks,8,4
414,Notepads,1,4
419,Lunch Bags,6,4
421,Sharpie pens,7,4
422,Lunchbox,10,4
403,Erasers,10,5
409,Crayons,6,5
414,Notepads,3,5
419,Lunch Bags,10,5
421,Sharpie pens,4,5
410,Markers,7,6
414,Notepads,9,6
403,Erasers,9,7
411,Calculators,9,7
413,Sketchbooks,13,7
422,Lunchbox,8,7
423,Index cards,5,7
405,Textbooks,4,8
416,Folders,4,8
418,Glue Stick,9,8
401,Pencils,16,9
408,Rulers,9,9
410,Markers,6,9
419,Lunch Bags,4,9
422,Lunchbox,5,9
400,Notebooks,2,10
405,Textbooks,9,10
408,Rulers,10,10
413,Sketchbooks,3,10
414,Notepads,9,10
416,Folders,9,10
400,Notebooks,3,11
404,Chromebooks,4,11
411,Calculators,5,11
419,Lunch Bags,1,11
400,Notebooks,9,12
402,Mechanical Pencils,6,12
403,Erasers,8,12
410,Markers,6,12
413,Sketchbooks,6,12
416,Folders,5,12
401,Pencils,10,13
402,Mechanical Pencils,9,13
404,Chromebooks,2,13
406,Backpacks,15,13
410,Markers,4,13
412,Uniforms,2,13
413,Sketchbooks,2,13
414,Notepads,7,13
418,Glue Stick,6,13
420,Gym Bag,4,13
421,Sharpie pens,10,13
404,Chromebooks,5,14
406,Backpacks,6,14
407,Bags,16,14
413,Sketchbooks,4,14
405,Textbooks,2,15
410,Markers,7,15
414,Notepads,3,15
420,Gym Bag,2,15
422,Lunchbox,6,15
407,Bags,9,16
415,Pens,8,16
417,Pencil Pouch,2,16
422,Lunchbox,2,16
423,Index cards,8,16
400,Notebooks,7,17
403,Erasers,10,17
407,Bags,8,17
412,Uniforms,1,17
416,Folders,3,17
419,Lunch Bags,7,17
421,Sharpie pens,14,17
405,Textbooks,7,18
409,Crayons,6,18
411,Calculators,3,18
414,Notepads,4,18
416,Folders,2,18
417,Pencil Pouch,6,18
418,Glue Stick,7,18
419,Lunch Bags,2,18
421,Sharpie pens,2,18
403,Erasers,3,19
404,Chromebooks,10,19
410,Markers,8,19
420,Gym Bag,10,19
402,Mechanical Pencils,6,20
403,Erasers,5,20
406,Backpacks,8,20
422,Lunchbox,10,20
400,Notebooks,10,21
401,Pencils,5,21
402,Mechanical Pencils,6,21
403,Erasers,10,21
410,Markers,12,21
415,Pens,6,21
419,Lunch Bags,6,21
405,Textbooks,13,22
411,Calculators,2,22
413,Sketchbooks,10,22
414,Notepads,8,22
420,Gym Bag,3,22
423,Index cards,4,22
410,Markers,1,23
411,Calculators,7,23
412,Uniforms,6,23
413,Sketchbooks,6,23
416,Folders,6,23
417,Pencil Pouch,3,23
419,Lunch Bags,1,23
423,Index cards,6,23
400,Notebooks,8,24
402,Mechanical Pencils,9,24
406,Backpacks,10,24
407,Bags,5,24
410,Markers,8,24
416,Folders,9,24
418,Glue Stick,10,24
420,Gym Bag,8,24
404,Chromebooks,1,25
405,Textbooks,5,25
407,Bags,5,25
412,Uniforms,7,25
414,Notepads,5,25
417,Pencil Pouch,1,25
423,Index cards,3,25
401,Pencils,5,26
405,Textbooks,18,26
410,Markers,9,26
421,Sharpie pens,9,26
401,Pencils,6,27
405,Textbooks,8,27
408,Rulers,10,27
410,Markers,4,27
420,Gym Bag,6,27
403,Erasers,4,28
411,Calculators,10,28
412,Uniforms,4,28
419,Lunch Bags,2,28
405,Textbooks,9,32
408,Rulers,8,32
416,Folders,2,32
417,Pencil Pouch,4,32
418,Glue Stick,3,32
402,Mechanical Pencils,8,33
406,Backpacks,1,33
411,Calculators,8,33
414,Notepads,8,33
419,Lunch Bags,3,33
423,Index cards,2,33
400,Notebooks,2,34
402,Mechanical Pencils,4,34
407,Bags,5,34
413,Sketchbooks,2,34
414,Notepads,9,34
420,Gym Bag,1,34
407,Bags,2,35
408,Rulers,15,35
412,Uniforms,3,35
413,Sketchbooks,1,35
418,Glue Stick,15,35
404,Chromebooks,4,36
412,Uniforms,7,36
414,Notepads,10,36
418,Glue Stick,10,36
402,Mechanical Pencils,5,37
420,Gym Bag,9,37
421,Sharpie pens,9,37
422,Lunchbox,1,37
423,Index cards,9,37
409,Crayons,7,38
414,Notepads,5,38
416,Folders,2,38
417,Pencil Pouch,20,38
418,Glue Stick,8,38
402,Mechanical Pencils,2,39
406,Backpacks,10,39
410,Markers,18,39
416,Folders,2,39
417,Pencil Pouch,6,39
421,Sharpie pens,8,39
400,Notebooks,2,40
404,Chromebooks,3,40
408,Rulers,3,40
409,Crayons,3,40
412,Uniforms,6,40
416,Folders,2,40
417,Pencil Pouch,5,40
419,Lunch Bags,7,40
421,Sharpie pens,9,40
403,Erasers,1,41
409,Crayons,10,41
413,Sketchbooks,4,41
420,Gym Bag,10,41
422,Lunchbox,6,41
423,Index cards,10,41
400,Notebooks,5,42
406,Backpacks,10,42
411,Calculators,2,42
413,Sketchbooks,2,42
420,Gym Bag,6,42
400,Notebooks,4,43
402,Mechanical Pencils,11,43
404,Chromebooks,1,43
414,Notepads,8,43
415,Pens,4,43
419,Lunch Bags,2,43
406,Backpacks,10,44
415,Pens,7,44
419,Lunch Bags,3,44
400,Notebooks,1,45
401,Pencils,4,45
418,Glue Stick,9,45
419,Lunch Bags,5,45
420,Gym Bag,2,45
421,Sharpie pens,4,45
402,Mechanical Pencils,7,46
403,Erasers,3,46
408,Rulers,6,46
415,Pens,4,46
420,Gym Bag,1,46
410,Markers,9,47
416,Folders,7,47
419,Lunch Bags,9,47
422,Lunchbox,4,47
404,Chromebooks,10,48
405,Textbooks,9,48
406,Backpacks,9,48
407,Bags,4,48
418,Glue Stick,1,48
414,Notepads,15,49
416,Folders,2,49
401,Pencils,8,50
409,Crayons,3,50
414,Notepads,7,50
402,Mechanical Pencils,10,51
403,Erasers,8,51
406,Backpacks,10,51
416,Folders,1,51
417,Pencil Pouch,7,51
419,Lunch Bags,8,51
401,Pencils,7,52
411,Calculators,9,52
415,Pens,8,52
419,Lunch Bags,7,52
402,Mechanical Pencils,4,53
404,Chromebooks,8,53
407,Bags,6,53
410,Markers,7,53
413,Sketchbooks,4,53
420,Gym Bag,10,53
421,Sharpie pens,4,53
415,Pens,5,54
416,Folders,6,54
420,Gym Bag,9,54
400,Notebooks,11,55
404,Chromebooks,8,55
408,Rulers,11,55
416,Folders,4,55
417,Pencil Pouch,5,55
402,Mechanical Pencils,2,56
403,Erasers,6,56
404,Chromebooks,14,56
406,Backpacks,10,56
411,Calculators,7,56
415,Pens,5,56
422,Lunchbox,8,56
406,Backpacks,5,57
409,Crayons,2,57
410,Markers,6,57
412,Uniforms,3,57
415,Pens,16,57
419,Lunch Bags,3,57
423,Index cards,4,57
409,Crayons,6,58
411,Calculators,7,58
413,Sketchbooks,4,58
423,Index cards,6,58
401,Pencils,11,59
410,Markers,8,59
411,Calculators,5,59
415,Pens,13,59
417,Pencil Pouch,7,59
420,Gym Bag,3,59
421,Sharpie pens,3,59
422,Lunchbox,4,59
423,Index cards,9,59
405,Textbooks,5,60
413,Sketchbooks,5,60
418,Glue Stick,9,60
421,Sharpie pens,5,60
401,Pencils,2,61
402,Mechanical Pencils,7,61
404,Chromebooks,6,61
407,Bags,7,61
408,Rulers,6,61
411,Calculators,9,61
413,Sketchbooks,9,61
418,Glue Stick,4,61
420,Gym Bag,9,61
402,Mechanical Pencils,23,62
404,Chromebooks,1,62
412,Uniforms,6,62
413,Sketchbooks,14,62
416,Folders,8,62
418,Glue Stick,5,62
419,Lunch Bags,7,62
401,Pencils,7,63
410,Markers,1,63
402,Mechanical Pencils,5,64
410,Markers,5,64
414,Notepads,7,64
415,Pens,11,64
423,Index cards,10,64
400,Notebooks,9,65
409,Crayons,8,65
410,Markers,10,65
413,Sketchbooks,5,65
416,Folders,1,65
423,Index cards,2,65
400,Notebooks,5,66
401,Pencils,10,66
404,Chromebooks,4,66
407,Bags,8,66
410,Markers,4,66
412,Uniforms,1,66
416,Folders,2,66
418,Glue Stick,4,66
419,Lunch Bags,6,66
420,Gym Bag,10,66
401,Pencils,5,67
402,Mechanical Pencils,1,67
408,Rulers,4,67
417,Pencil Pouch,4,67
418,Glue Stick,2,67
419,Lunch Bags,2,67
422,Lunchbox,15,67
403,Erasers,4,68
404,Chromebooks,1,68
411,Calculators,5,68
413,Sketchbooks,5,68
422,Lunchbox,2,68
403,Erasers,8,69
411,Calculators,9,69
417,Pencil Pouch,7,69
421,Sharpie pens,8,69
423,Index cards,1,69
400,Notebooks,6,70
404,Chromebooks,12,70
407,Bags,7,70
410,Markers,2,70
411,Calculators,7,70
413,Sketchbooks,2,70
414,Notepads,8,70
416,Folders,17,70
417,Pencil Pouch,5,70
423,Index cards,9,70
402,Mechanical Pencils,9,71
405,Textbooks,9,71
407,Bags,1,71
415,Pens,5,71
417,Pencil Pouch,9,71
421,Sharpie pens,5,71
405,Textbooks,3,72
407,Bags,6,72
410,Markers,5,72
411,Calculators,1,72
413,Sketchbooks,9,72
417,Pencil Pouch,3,72
418,Glue Stick,6,72
419,Lunch Bags,3,72
422,Lunchbox,3,72
412,Uniforms,8,73
413,Sketchbooks,7,73
415,Pens,13,73
417,Pencil Pouch,5,73
422,Lunchbox,8,73
401,Pencils,8,74
405,Textbooks,9,74
406,Backpacks,9,74
410,Markers,7,74
412,Uniforms,3,74
416,Folders,7,74
404,Chromebooks,1,75
405,Textbooks,4,75
409,Crayons,16,75
418,Glue Stick,4,75
420,Gym Bag,5,75
402,Mechanical Pencils,4,76
405,Textbooks,4,76
414,Notepads,8,76
409,Crayons,2,77
412,Uniforms,1,77
419,Lunch Bags,5,77
404,Chromebooks,2,78
405,Textbooks,14,78
410,Markers,11,78
412,Uniforms,11,78
413,Sketchbooks,10,78
414,Notepads,8,78
415,Pens,6,78
416,Folders,5,78
418,Glue Stick,6,78
421,Sharpie pens,10,78
400,Notebooks,5,79
401,Pencils,1,79
402,Mechanical Pencils,4,79
405,Textbooks,12,79
410,Markers,1,79
411,Calculators,9,79
412,Uniforms,5,79
417,Pencil Pouch,3,79
419,Lunch Bags,10,79
405,Textbooks,2,80
406,Backpacks,8,80
408,Rulers,8,80
409,Crayons,4,80
418,Glue Stick,5,80
420,Gym Bag,1,80
402,Mechanical Pencils,15,81
403,Erasers,2,81
404,Chromebooks,9,81
413,Sketchbooks,5,81
414,Notepads,9,81
418,Glue Stick,11,81
420,Gym Bag,4,81
422,Lunchbox,10,81
400,Notebooks,9,82
402,Mechanical Pencils,14,82
406,Backpacks,9,82
407,Bags,13,82
408,Rulers,4,82
400,Notebooks,3,83
402,Mechanical Pencils,5,83
403,Erasers,15,83
404,Chromebooks,3,83
405,Textbooks,10,83
408,Rulers,5,83
409,Crayons,7,83
410,Markers,10,83
411,Calculators,20,83
414,Notepads,8,83
415,Pens,3,83
418,Glue Stick,10,83
420,Gym Bag,1,83
422,Lunchbox,9,83
423,Index cards,17,83
402,Mechanical Pencils,9,84
405,Textbooks,6,84
409,Crayons,1,84
410,Markers,12,84
414,Notepads,7,84
416,Folders,6,84
422,Lunchbox,6,84
401,Pencils,2,85
402,Mechanical Pencils,9,85
408,Rulers,9,85
411,Calculators,10,85
415,Pens,7,85
416,Folders,13,85
417,Pencil Pouch,8,85
418,Glue Stick,10,85
400,Notebooks,5,86
403,Erasers,8,86
404,Chromebooks,10,86
405,Textbooks,16,86
411,Calculators,8,86
413,Sketchbooks,14,86
415,Pens,2,86
419,Lunch Bags,9,86
402,Mechanical Pencils,14,87
404,Chromebooks,7,87
406,Backpacks,9,87
414,Notepads,4,87
419,Lunch Bags,8,87
422,Lunchbox,7,87
423,Index cards,8,87
403,Erasers,5,91
410,Markers,7,91
411,Calculators,2,91
409,Crayons,9,92
414,Notepads,8,92
405,Textbooks,5,93
407,Bags,10,93
402,Mechanical Pencils,10,94
403,Erasers,2,94
413,Sketchbooks,10,95
417,Pencil Pouch,6,95
418,Glue Stick,2,95
423,Index cards,7,95
405,Textbooks,1,96
419,Lunch Bags,4,96
420,Gym Bag,2,97
422,Lunchbox,4,97
400,Notebooks,1,98
404,Chromebooks,3,98
406,Backpacks,2,98
412,Uniforms,2,98
416,Folders,4,98
402,Mechanical Pencils,2,99
403,Erasers,9,99
414,Notepads,2,99
402,Mechanical Pencils,5,100
408,Rulers,2,100
413,Sketchbooks,10,100
417,Pencil Pouch,6,100
419,Lunch Bags,6,100
423,Index cards,5,100
411,Calculators,5,101
412,Uniforms,4,101
415,Pens,1,101
416,Folders,8,101
404,Chromebooks,9,102
406,Backpacks,8,102
408,Rulers,8,102
419,Lunch Bags,1,102
421,Sharpie pens,8,102
402,Mechanical Pencils,8,103
410,Markers,8,103
416,Folders,3,103
422,Lunchbox,4,103
417,Pencil Pouch,9,104
418,Glue Stick,7,104
419,Lunch Bags,9,104
422,Lunchbox,8,104
423,Index cards,9,104
403,Erasers,9,105
404,Chromebooks,1,105
405,Textbooks,6,105
408,Rulers,6,105
409,Crayons,6,105
410,Markers,6,105
411,Calculators,9,105
405,Textbooks,7,106
410,Markers,13,106
412,Uniforms,3,106
420,Gym Bag,9,106
421,Sharpie pens,4,106
423,Index cards,10,107
403,Erasers,4,108
404,Chromebooks,9,108
415,Pens,4,109
419,Lunch Bags,8,109
422,Lunchbox,4,109
423,Index cards,9,109
404,Chromebooks,4,110
421,Sharpie pens,16,110
406,Backpacks,4,111
409,Crayons,8,111
410,Markers,3,111
413,Sketchbooks,10,111
418,Glue Stick,4,111
400,Notebooks,3,112
401,Pencils,5,112
405,Textbooks,8,112
410,Markers,10,112
415,Pens,6,112
419,Lunch Bags,9,112
421,Sharpie pens,3,112
400,Notebooks,13,113
403,Erasers,6,113
404,Chromebooks,3,113
412,Uniforms,10,113
414,Notepads,6,113
415,Pens,8,113
418,Glue Stick,7,113
419,Lunch Bags,8,113
400,Notebooks,7,114
401,Pencils,9,114
415,Pens,4,114
417,Pencil Pouch,9,114
411,Calculators,3,115
416,Folders,5,115
417,Pencil Pouch,1,115
420,Gym Bag,1,115
409,Crayons,10,116
414,Notepads,2,116
415,Pens,8,116
423,Index cards,8,116
401,Pencils,10,117
404,Chromebooks,3,117
411,Calculators,9,117
418,Glue Stick,5,117
419,Lunch Bags,7,117
420,Gym Bag,4,117
406,Backpacks,8,118
413,Sketchbooks,1,118
414,Notepads,9,118
402,Mechanical Pencils,7,121
404,Chromebooks,3,121
410,Markers,7,121
413,Sketchbooks,1,121
412,Uniforms,1,122
415,Pens,5,122
418,Glue Stick,1,123
418,Glue Stick,9,124
417,Pencil Pouch,4,125
420,Gym Bag,8,125
403,Erasers,8,126
404,Chromebooks,9,126
414,Notepads,10,126
422,Lunchbox,9,126
407,Bags,4,127
409,Crayons,6,127
412,Uniforms,3,127
423,Index cards,4,127
400,Notebooks,2,128
401,Pencils,6,128
403,Erasers,3,129
409,Crayons,4,129
416,Folders,4,129
405,Textbooks,4,130
421,Sharpie pens,8,130
409,Crayons,4,131
413,Sketchbooks,15,131
414,Notepads,8,131
416,Folders,8,131
409,Crayons,3,132
412,Uniforms,8,132
406,Backpacks,8,133
418,Glue Stick,10,133
401,Pencils,14,134
418,Glue Stick,1,134
400,Notebooks,10,135
401,Pencils,4,135
403,Erasers,3,135
406,Backpacks,6,135
422,Lunchbox,10,135
423,Index cards,8,135
421,Sharpie pens,9,136
400,Notebooks,9,137
401,Pencils,5,137
402,Mechanical Pencils,8,138
404,Chromebooks,7,138
407,Bags,8,138
406,Backpacks,6,139
409,Crayons,4,139
410,Markers,6,139
411,Calculators,16,139
412,Uniforms,10,139
416,Folders,2,139
409,Crayons,5,140
415,Pens,10,140
419,Lunch Bags,4,140
404,Chromebooks,7,141
411,Calculators,1,141
420,Gym Bag,5,141
401,Pencils,1,142
404,Chromebooks,8,142
408,Rulers,9,143
400,Notebooks,5,144
413,Sketchbooks,2,144
403,Erasers,11,145
404,Chromebooks,7,145
405,Textbooks,7,145
414,Notepads,5,145
404,Chromebooks,6,146
406,Backpacks,6,146
409,Crayons,4,146
417,Pencil Pouch,9,146
419,Lunch Bags,1,146
417,Pencil Pouch,5,147
400,Notebooks,4,148
403,Erasers,13,148
413,Sketchbooks,4,148
421,Sharpie pens,8,148
400,Notebooks,17,152
403,Erasers,10,152
414,Notepads,5,152
402,Mechanical Pencils,2,153
406,Backpacks,2,153
410,Markers,7,153
411,Calculators,4,153
416,Folders,2,153
419,Lunch Bags,6,153
403,Erasers,8,154
404,Chromebooks,7,154
409,Crayons,4,154
410,Markers,5,154
415,Pens,10,154
416,Folders,2,154
418,Glue Stick,11,154
420,Gym Bag,8,154
400,Notebooks,7,155
403,Erasers,4,155
405,Textbooks,16,155
407,Bags,19,155
408,Rulers,7,155
409,Crayons,8,155
412,Uniforms,8,155
413,Sketchbooks,7,155
417,Pencil Pouch,4,155
421,Sharpie pens,4,155
402,Mechanical Pencils,4,156
403,Erasers,8,156
404,Chromebooks,10,156
408,Rulers,8,156
410,Markers,1,156
411,Calculators,2,156
412,Uniforms,10,156
413,Sketchbooks,8,156
414,Notepads,1,156
420,Gym Bag,13,156
401,Pencils,5,157
403,Erasers,9,157
410,Markers,8,157
413,Sketchbooks,10,157
418,Glue Stick,10,157
420,Gym Bag,2,157
403,Erasers,10,158
409,Crayons,4,158
412,Uniforms,4,158
417,Pencil Pouch,8,158
418,Glue Stick,4,158
419,Lunch Bags,6,158
420,Gym Bag,9,158
421,Sharpie pens,3,158
400,Notebooks,3,159
411,Calculators,6,159
413,Sketchbooks,13,159
419,Lunch Bags,7,159
422,Lunchbox,14,159
401,Pencils,1,160
402,Mechanical Pencils,8,160
404,Chromebooks,5,160
412,Uniforms,11,160
415,Pens,5,160
421,Sharpie pens,9,160
423,Index cards,9,160
400,Notebooks,1,161
404,Chromebooks,3,161
406,Backpacks,2,161
407,Bags,6,161
409,Crayons,10,161
411,Calculators,8,161
416,Folders,7,161
418,Glue Stick,6,161
421,Sharpie pens,1,161
400,Notebooks,9,162
402,Mechanical Pencils,8,162
404,Chromebooks,1,162
410,Markers,3,162
413,Sketchbooks,4,162
420,Gym Bag,3,162
422,Lunchbox,7,162
402,Mechanical Pencils,14,163
403,Erasers,10,163
406,Backpacks,10,163
408,Rulers,3,163
410,Markers,10,163
411,Calculators,6,163
412,Uniforms,9,163
414,Notepads,6,163
421,Sharpie pens,17,163
400,Notebooks,10,164
402,Mechanical Pencils,4,164
404,Chromebooks,3,164
406,Backpacks,1,164
407,Bags,5,164
409,Crayons,5,164
410,Markers,7,164
413,Sketchbooks,4,164
416,Folders,1,164
417,Pencil Pouch,2,164
419,Lunch Bags,3,164
420,Gym Bag,1,164
421,Sharpie pens,10,164
423,Index cards,9,164
400,Notebooks,5,165
401,Pencils,2,165
402,Mechanical Pencils,9,165
405,Textbooks,4,165
408,Rulers,5,165
410,Markers,2,165
416,Folders,5,165
417,Pencil Pouch,1,165
423,Index cards,9,165
401,Pencils,6,166
404,Chromebooks,5,166
405,Textbooks,8,166
407,Bags,6,166
410,Markers,7,166
411,Calculators,6,166
417,Pencil Pouch,6,166
419,Lunch Bags,2,166
421,Sharpie pens,10,166
422,Lunchbox,8,166
400,Notebooks,3,167
402,Mechanical Pencils,16,167
404,Chromebooks,5,167
406,Backpacks,2,167
409,Crayons,4,167
414,Notepads,4,167
415,Pens,2,167
419,Lunch Bags,2,167
420,Gym Bag,4,167
401,Pencils,13,168
402,Mechanical Pencils,3,168
403,Erasers,7,168
408,Rulers,9,168
413,Sketchbooks,10,168
415,Pens,4,168
416,Folders,4,168
417,Pencil Pouch,4,168
419,Lunch Bags,11,168
406,Backpacks,3,169
407,Bags,9,169
417,Pencil Pouch,2,169
418,Glue Stick,4,169
421,Sharpie pens,8,169
400,Notebooks,6,170
402,Mechanical Pencils,3,170
406,Backpacks,3,170
409,Crayons,9,170
410,Markers,8,170
413,Sketchbooks,3,170
415,Pens,7,170
418,Glue Stick,10,170
421,Sharpie pens,9,170
422,Lunchbox,1,170
400,Notebooks,7,171
401,Pencils,3,171
407,Bags,5,171
409,Crayons,9,171
411,Calculators,9,171
412,Uniforms,6,171
419,Lunch Bags,10,171
400,Notebooks,5,172
403,Erasers,2,172
405,Textbooks,9,172
406,Backpacks,9,172
408,Rulers,9,172
410,Markers,7,172
412,Uniforms,6,172
414,Notepads,10,172
415,Pens,8,172
417,Pencil Pouch,6,172
418,Glue Stick,3,172
419,Lunch Bags,10,172
420,Gym Bag,4,172
422,Lunchbox,13,172
423,Index cards,1,172
401,Pencils,5,173
404,Chromebooks,3,173
407,Bags,9,173
418,Glue Stick,6,173
421,Sharpie pens,5,173
401,Pencils,10,174
402,Mechanical Pencils,5,174
404,Chromebooks,8,174
406,Backpacks,7,174
407,Bags,3,174
408,Rulers,2,174
412,Uniforms,4,174
414,Notepads,9,174
417,Pencil Pouch,7,174
418,Glue Stick,5,174
421,Sharpie pens,5,174
406,Backpacks,5,175
409,Crayons,8,175
410,Markers,3,175
411,Calculators,20,175
417,Pencil Pouch,7,175
419,Lunch Bags,5,175
422,Lunchbox,8,175
423,Index cards,9,175
400,Notebooks,8,176
401,Pencils,5,176
403,Erasers,3,176
406,Backpacks,2,176
408,Rulers,6,176
412,Uniforms,2,176
420,Gym Bag,10,176
401,Pencils,8,177
403,Erasers,3,177
404,Chromebooks,8,177
408,Rulers,5,177
413,Sketchbooks,10,177
415,Pens,4,177
421,Sharpie pens,5,177
422,Lunchbox,7,177
423,Index cards,8,177
400,Notebooks,6,178
402,Mechanical Pencils,2,178
404,Chromebooks,6,178
407,Bags,8,178
409,Crayons,2,178
412,Uniforms,10,178
413,Sketchbooks,7,178
414,Notepads,2,178
419,Lunch Bags,6,178
420,Gym Bag,2,178
421,Sharpie pens,9,178
422,Lunchbox,9,178
423,Index cards,9,178
405,Textbooks,4,179
406,Backpacks,5,179
411,Calculators,8,179
415,Pens,4,179
416,Folders,5,179
423,Index cards,1,179
403,Erasers,7,182
404,Chromebooks,9,182
407,Bags,5,182
409,Crayons,2,182
411,Calculators,14,182
412,Uniforms,5,182
413,Sketchbooks,11,182
418,Glue Stick,5,182
422,Lunchbox,12,182
404,Chromebooks,5,183
405,Textbooks,2,183
409,Crayons,8,183
410,Markers,1,183
412,Uniforms,7,183
413,Sketchbooks,14,183
415,Pens,1,183
416,Folders,3,183
418,Glue Stick,15,183
419,Lunch Bags,3,183
420,Gym Bag,3,183
400,Notebooks,3,184
403,Erasers,11,184
404,Chromebooks,9,184
406,Backpacks,6,184
407,Bags,10,184
410,Markers,17,184
411,Calculators,18,184
413,Sketchbooks,9,184
414,Notepads,9,184
415,Pens,9,184
416,Folders,10,184
417,Pencil Pouch,3,184
418,Glue Stick,6,184
421,Sharpie pens,5,184
422,Lunchbox,6,184
423,Index cards,4,184
401,Pencils,1,185
408,Rulers,4,185
411,Calculators,11,185
413,Sketchbooks,5,185
414,Notepads,14,185
416,Folders,6,185
417,Pencil Pouch,5,185
418,Glue Stick,10,185
420,Gym Bag,3,185
421,Sharpie pens,12,185
422,Lunchbox,1,185
402,Mechanical Pencils,10,186
403,Erasers,1,186
407,Bags,9,186
408,Rulers,8,186
416,Folders,4,186
418,Glue Stick,2,186
419,Lunch Bags,5,186
405,Textbooks,7,187
418,Glue Stick,2,187
420,Gym Bag,3,187
422,Lunchbox,1,187
400,Notebooks,3,188
401,Pencils,4,188
405,Textbooks,7,188
416,Folders,5,188
417,Pencil Pouch,10,188
420,Gym Bag,5,188
422,Lunchbox,10,188
400,Notebooks,8,189
403,Erasers,6,189
411,Calculators,6,189
415,Pens,1,189
421,Sharpie pens,4,189
401,Pencils,7,190
408,Rulers,4,190
409,Crayons,10,190
412,Uniforms,7,190
413,Sketchbooks,7,190
415,Pens,3,190
416,Folders,3,190
418,Glue Stick,4,190
423,Index cards,5,190
401,Pencils,10,191
404,Chromebooks,5,191
406,Backpacks,10,191
407,Bags,2,191
408,Rulers,5,191
409,Crayons,6,191
411,Calculators,5,191
416,Folders,9,191
418,Glue Stick,2,191
400,Notebooks,2,192
401,Pencils,2,192
403,Erasers,6,192
407,Bags,6,192
408,Rulers,5,192
411,Calculators,8,192
415,Pens,3,192
400,Notebooks,4,193
403,Erasers,10,193
404,Chromebooks,9,193
410,Markers,2,193
411,Calculators,6,193
413,Sketchbooks,2,193
420,Gym Bag,6,193
421,Sharpie pens,13,193
401,Pencils,9,194
402,Mechanical Pencils,2,194
405,Textbooks,9,194
407,Bags,4,194
414,Notepads,6,194
416,Folders,4,194
420,Gym Bag,10,194
400,Notebooks,5,195
402,Mechanical Pencils,15,195
406,Backpacks,10,195
410,Markers,12,195
411,Calculators,1,195
415,Pens,3,195
416,Folders,9,195
410,Markers,9,196
411,Calculators,7,196
420,Gym Bag,8,196
421,Sharpie pens,6,196
401,Pencils,15,197
403,Erasers,4,197
404,Chromebooks,7,197
405,Textbooks,10,197
411,Calculators,2,197
412,Uniforms,4,197
413,Sketchbooks,9,197
422,Lunchbox,5,197
423,Index cards,5,197
402,Mechanical Pencils,10,198
408,Rulers,2,198
411,Calculators,7,198
412,Uniforms,8,198
414,Notepads,4,198
415,Pens,6,198
421,Sharpie pens,10,198
403,Erasers,3,199
405,Textbooks,9,199
415,Pens,10,199
418,Glue Stick,4,199
419,Lunch Bags,3,199
421,Sharpie pens,10,199
422,Lunchbox,9,199
405,Textbooks,4,200
406,Backpacks,4,200
410,Markers,4,200
412,Uniforms,3,200
414,Notepads,4,200
422,Lunchbox,4,200
400,Notebooks,7,201
406,Backpacks,8,201
408,Rulers,2,201
415,Pens,2,201
417,Pencil Pouch,2,201
404,Chromebooks,10,202
405,Textbooks,2,202
406,Backpacks,16,202
413,Sketchbooks,8,202
419,Lunch Bags,3,202
403,Erasers,4,203
404,Chromebooks,8,203
406,Backpacks,8,203
410,Markers,4,203
411,Calculators,2,203
413,Sketchbooks,11,203
414,Notepads,1,203
416,Folders,9,203
401,Pencils,4,204
407,Bags,1,204
409,Crayons,5,204
412,Uniforms,5,204
415,Pens,5,204
417,Pencil Pouch,9,204
402,Mechanical Pencils,9,205
406,Backpacks,1,205
410,Markers,9,205
411,Calculators,6,205
412,Uniforms,7,205
415,Pens,4,205
401,Pencils,4,206
413,Sketchbooks,6,206
414,Notepads,9,206
418,Glue Stick,9,206
400,Notebooks,2,207
404,Chromebooks,1,207
407,Bags,3,207
408,Rulers,10,207
411,Calculators,5,207
419,Lunch Bags,9,207
405,Textbooks,5,208
408,Rulers,7,208
411,Calculators,4,208
412,Uniforms,10,208
416,Folders,8,208
422,Lunchbox,9,208
423,Index cards,6,208
401,Pencils,6,209
403,Erasers,17,209
407,Bags,1,209
410,Markers,13,209
414,Notepads,9,209
416,Folders,2,209
419,Lunch Bags,10,209
420,Gym Bag,2,209
423,Index cards,9,209
403,Erasers,10,213
405,Textbooks,4,213
406,Backpacks,3,213
408,Rulers,5,213
411,Calculators,6,213
412,Uniforms,4,213
401,Pencils,3,214
404,Chromebooks,6,214
413,Sketchbooks,13,214
416,Folders,9,214
417,Pencil Pouch,7,214
418,Glue Stick,2,214
420,Gym Bag,4,214
403,Erasers,4,215
407,Bags,4,215
421,Sharpie pens,17,215
401,Pencils,1,216
404,Chromebooks,7,216
409,Crayons,3,216
414,Notepads,1,216
414,Notepads,7,217
401,Pencils,10,218
404,Chromebooks,8,218
410,Markers,7,218
402,Mechanical Pencils,5,219
405,Textbooks,10,219
414,Notepads,2,219
415,Pens,6,219
419,Lunch Bags,7,219
420,Gym Bag,4,219
423,Index cards,2,219
400,Notebooks,1,220
404,Chromebooks,5,220
412,Uniforms,5,220
415,Pens,9,220
405,Textbooks,9,221
406,Backpacks,5,221
419,Lunch Bags,6,221
422,Lunchbox,8,221
402,Mechanical Pencils,8,222
403,Erasers,10,222
408,Rulers,13,222
404,Chromebooks,9,223
417,Pencil Pouch,8,223
423,Index cards,19,223
404,Chromebooks,7,224
409,Crayons,1,224
411,Calculators,5,224
420,Gym Bag,2,224
421,Sharpie pens,9,224
407,Bags,6,225
409,Crayons,13,225
418,Glue Stick,5,225
423,Index cards,8,225
404,Chromebooks,6,226
406,Backpacks,2,226
412,Uniforms,10,226
422,Lunchbox,13,226
417,Pencil Pouch,3,227
419,Lunch Bags,10,227
410,Markers,8,228
409,Crayons,8,229
421,Sharpie pens,10,229
422,Lunchbox,13,229
404,Chromebooks,4,230
412,Uniforms,7,230
416,Folders,9,230
420,Gym Bag,10,230
401,Pencils,1,231
406,Backpacks,10,231
417,Pencil Pouch,3,231
404,Chromebooks,4,232
415,Pens,10,232
418,Glue Stick,7,232
420,Gym Bag,4,232
421,Sharpie pens,2,232
413,Sketchbooks,4,233
415,Pens,10,233
418,Glue Stick,10,233
420,Gym Bag,5,233
404,Chromebooks,6,234
405,Textbooks,9,234
409,Crayons,4,234
411,Calculators,18,234
413,Sketchbooks,3,234
415,Pens,6,234
421,Sharpie pens,6,234
406,Backpacks,10,235
412,Uniforms,7,235
418,Glue Stick,10,235
419,Lunch Bags,1,235
420,Gym Bag,6,235
401,Pencils,1,236
405,Textbooks,1,236
415,Pens,1,237
418,Glue Stick,1,237
419,Lunch Bags,10,237
423,Index cards,4,237
404,Chromebooks,9,238
407,Bags,3,238
406,Backpacks,6,239
408,Rulers,9,239
409,Crayons,9,239
417,Pencil Pouch,9,239
420,Gym Bag,4,239
410,Markers,8,240
421,Sharpie pens,9,240
423,Index cards,9,244
409,Crayons,7,245
407,Bags,9,246
412,Uniforms,8,246
414,Notepads,6,246
415,Pens,3,246
419,Lunch Bags,10,246
403,Erasers,6,247
408,Rulers,8,247
413,Sketchbooks,6,247
422,Lunchbox,10,247
403,Erasers,6,248
405,Textbooks,4,248
409,Crayons,5,248
421,Sharpie pens,3,248
405,Textbooks,4,249
407,Bags,4,249
408,Rulers,10,249
418,Glue Stick,7,249
402,Mechanical Pencils,6,250
403,Erasers,6,250
419,Lunch Bags,2,250
405,Textbooks,3,251
410,Markers,3,251
412,Uniforms,5,251
413,Sketchbooks,6,251
421,Sharpie pens,1,251
408,Rulers,2,252
420,Gym Bag,9,253
422,Lunchbox,6,253
400,Notebooks,6,254
402,Mechanical Pencils,2,254
407,Bags,10,254
413,Sketchbooks,6,254
420,Gym Bag,9,254
405,Textbooks,9,255
410,Markers,10,255
413,Sketchbooks,5,255
414,Notepads,4,255
415,Pens,4,255
417,Pencil Pouch,10,255
420,Gym Bag,10,255
422,Lunchbox,7,255
405,Textbooks,5,256
408,Rulers,2,256
409,Crayons,1,256
409,Crayons,9,257
414,Notepads,5,257
417,Pencil Pouch,5,257
401,Pencils,2,258
405,Textbooks,7,258
414,Notepads,9,258
415,Pens,2,258
416,Folders,8,258
409,Crayons,7,259
412,Uniforms,1,259
402,Mechanical Pencils,1,260
409,Crayons,4,260
401,Pencils,7,261
403,Erasers,7,261
415,Pens,9,261
421,Sharpie pens,2,261
403,Erasers,5,262
415,Pens,4,262
404,Chromebooks,1,263
405,Textbooks,2,263
406,Backpacks,1,263
414,Notepads,2,263
420,Gym Bag,5,263
423,Index cards,6,263
406,Backpacks,3,264
408,Rulers,6,264
414,Notepads,3,264
401,Pencils,2,265
403,Erasers,9,265
409,Crayons,4,265
420,Gym Bag,9,265
423,Index cards,3,265
407,Bags,8,266
409,Crayons,6,266
419,Lunch Bags,10,266
421,Sharpie pens,10,266
402,Mechanical Pencils,4,267
408,Rulers,6,267
414,Notepads,6,267
418,Glue Stick,4,267
420,Gym Bag,1,267
422,Lunchbox,5,267
406,Backpacks,8,268
410,Markers,10,268
419,Lunch Bags,9,268
401,Pencils,9,269
406,Backpacks,1,269
409,Crayons,7,269
410,Markers,6,269
407,Bags,5,270
412,Uniforms,9,270
413,Sketchbooks,9,270
401,Pencils,9,271
409,Crayons,5,271
410,Markers,5,271
411,Calculators,4,271
423,Index cards,9,271
405,Textbooks,11,274
406,Backpacks,15,274
410,Markers,12,274
411,Calculators,9,274
412,Uniforms,8,274
413,Sketchbooks,15,274
414,Notepads,6,274
415,Pens,3,274
417,Pencil Pouch,2,274
418,Glue Stick,11,274
422,Lunchbox,4,274
400,Notebooks,1,275
402,Mechanical Pencils,2,275
404,Chromebooks,5,275
405,Textbooks,9,275
408,Rulers,1,275
409,Crayons,4,275
413,Sketchbooks,12,275
415,Pens,1,275
416,Folders,8,275
417,Pencil Pouch,7,275
420,Gym Bag,17,275
421,Sharpie pens,3,275
423,Index cards,14,275
400,Notebooks,10,276
402,Mechanical Pencils,4,276
403,Erasers,16,276
405,Textbooks,5,276
406,Backpacks,3,276
408,Rulers,4,276
410,Markers,15,276
412,Uniforms,5,276
413,Sketchbooks,6,276
414,Notepads,4,276
415,Pens,1,276
418,Glue Stick,3,276
420,Gym Bag,3,276
421,Sharpie pens,1,276
400,Notebooks,9,277
402,Mechanical Pencils,3,277
403,Erasers,6,277
404,Chromebooks,1,277
405,Textbooks,1,277
409,Crayons,6,277
410,Markers,2,277
411,Calculators,8,277
414,Notepads,1,277
415,Pens,3,277
418,Glue Stick,7,277
422,Lunchbox,5,277
423,Index cards,7,277
400,Notebooks,1,278
403,Erasers,5,278
406,Backpacks,9,278
407,Bags,23,278
410,Markers,6,278
411,Calculators,6,278
417,Pencil Pouch,5,278
418,Glue Stick,7,278
420,Gym Bag,11,278
422,Lunchbox,13,278
423,Index cards,5,278
400,Notebooks,7,279
402,Mechanical Pencils,8,279
412,Uniforms,10,279
413,Sketchbooks,2,279
416,Folders,1,279
418,Glue Stick,4,279
421,Sharpie pens,19,279
422,Lunchbox,13,279
403,Erasers,5,280
406,Backpacks,6,280
410,Markers,9,280
411,Calculators,3,280
413,Sketchbooks,9,280
414,Notepads,3,280
415,Pens,13,280
417,Pencil Pouch,9,280
423,Index cards,13,280
405,Textbooks,4,281
409,Crayons,6,281
410,Markers,13,281
411,Calculators,3,281
414,Notepads,12,281
421,Sharpie pens,11,281
422,Lunchbox,17,281
423,Index cards,10,281
400,Notebooks,11,282
401,Pencils,3,282
402,Mechanical Pencils,3,282
403,Erasers,8,282
407,Bags,3,282
408,Rulers,7,282
409,Crayons,4,282
410,Markers,2,282
413,Sketchbooks,6,282
415,Pens,16,282
417,Pencil Pouch,6,282
419,Lunch Bags,8,282
421,Sharpie pens,4,282
401,Pencils,4,283
402,Mechanical Pencils,1,283
405,Textbooks,2,283
414,Notepads,9,283
415,Pens,2,283
416,Folders,32,283
417,Pencil Pouch,7,283
420,Gym Bag,9,283
421,Sharpie pens,18,283
401,Pencils,5,284
402,Mechanical Pencils,14,284
404,Chromebooks,9,284
406,Backpacks,7,284
407,Bags,5,284
409,Crayons,3,284
410,Markers,3,284
418,Glue Stick,6,284
419,Lunch Bags,2,284
423,Index cards,8,284
400,Notebooks,5,285
402,Mechanical Pencils,22,285
404,Chromebooks,15,285
405,Textbooks,8,285
408,Rulers,2,285
409,Crayons,4,285
410,Markers,17,285
411,Calculators,9,285
412,Uniforms,6,285
413,Sketchbooks,4,285
416,Folders,3,285
417,Pencil Pouch,4,285
418,Glue Stick,7,285
419,Lunch Bags,3,285
404,Chromebooks,3,286
405,Textbooks,6,286
406,Backpacks,7,286
409,Crayons,21,286
410,Markers,8,286
416,Folders,2,286
402,Mechanical Pencils,5,287
404,Chromebooks,9,287
410,Markers,8,287
412,Uniforms,9,287
414,Notepads,7,287
420,Gym Bag,8,287
421,Sharpie pens,8,287
423,Index cards,7,287
402,Mechanical Pencils,6,288
404,Chromebooks,5,288
405,Textbooks,4,288
409,Crayons,8,288
411,Calculators,10,288
415,Pens,2,288
417,Pencil Pouch,11,288
418,Glue Stick,7,288
421,Sharpie pens,7,288
422,Lunchbox,13,288
402,Mechanical Pencils,10,289
404,Chromebooks,6,289
405,Textbooks,3,289
413,Sketchbooks,9,289
416,Folders,16,289
417,Pencil Pouch,5,289
418,Glue Stick,17,289
420,Gym Bag,2,289
400,Notebooks,12,290
408,Rulers,1,290
410,Markers,9,290
412,Uniforms,6,290
413,Sketchbooks,13,290
420,Gym Bag,3,290
421,Sharpie pens,8,290
422,Lunchbox,1,290
405,Textbooks,9,291
409,Crayons,8,291
411,Calculators,2,291
413,Sketchbooks,10,291
415,Pens,12,291
421,Sharpie pens,2,291
422,Lunchbox,10,291
401,Pencils,2,292
402,Mechanical Pencils,8,292
405,Textbooks,4,292
413,Sketchbooks,6,292
419,Lunch Bags,17,292
400,Notebooks,3,293
401,Pencils,1,293
404,Chromebooks,10,293
405,Textbooks,4,293
410,Markers,1,293
411,Calculators,8,293
412,Uniforms,1,293
414,Notepads,13,293
415,Pens,3,293
421,Sharpie pens,3,293
422,Lunchbox,7,293
402,Mechanical Pencils,10,294
403,Erasers,17,294
405,Textbooks,4,294
407,Bags,7,294
411,Calculators,9,294
414,Notepads,7,294
417,Pencil Pouch,5,294
420,Gym Bag,5,294
421,Sharpie pens,16,294
422,Lunchbox,5,294
400,Notebooks,3,295
401,Pencils,10,295
405,Textbooks,8,295
407,Bags,11,295
409,Crayons,3,295
411,Calculators,9,295
415,Pens,4,295
419,Lunch Bags,5,295
421,Sharpie pens,1,295
423,Index cards,9,295
403,Erasers,10,296
404,Chromebooks,10,296
407,Bags,10,296
408,Rulers,2,296
410,Markers,9,296
419,Lunch Bags,2,296
422,Lunchbox,13,296
400,Notebooks,10,297
405,Textbooks,2,297
412,Uniforms,5,297
413,Sketchbooks,6,297
416,Folders,2,297
417,Pencil Pouch,3,297
422,Lunchbox,8,297
423,Index cards,9,297
400,Notebooks,1,298
401,Pencils,7,298
403,Erasers,5,298
405,Textbooks,6,298
407,Bags,1,298
408,Rulers,9,298
409,Crayons,19,298
412,Uniforms,2,298
416,Folders,10,298
418,Glue Stick,2,298
422,Lunchbox,5,298
423,Index cards,8,298
400,Notebooks,10,299
403,Erasers,6,299
404,Chromebooks,2,299
405,Textbooks,6,299
406,Backpacks,6,299
407,Bags,14,299
408,Rulers,6,299
412,Uniforms,8,299
413,Sketchbooks,6,299
417,Pencil Pouch,3,299
422,Lunchbox,7,299
423,Index cards,1,299
401,Pencils,4,300
402,Mechanical Pencils,10,300
404,Chromebooks,10,300
405,Textbooks,3,300
407,Bags,2,300
408,Rulers,7,300
409,Crayons,8,300
410,Markers,10,300
412,Uniforms,1,300
413,Sketchbooks,9,300
416,Folders,3,300
419,Lunch Bags,7,300
420,Gym Bag,8,300
421,Sharpie pens,4,300
423,Index cards,3,300
400,Notebooks,20,301
401,Pencils,1,301
404,Chromebooks,1,301
406,Backpacks,3,301
407,Bags,6,301
408,Rulers,1,301
411,Calculators,8,301
413,Sketchbooks,9,301
414,Notepads,8,301
416,Folders,3,301
419,Lunch Bags,9,301
420,Gym Bag,1,301
421,Sharpie pens,10,301
400,Notebooks,7,305
401,Pencils,10,305
403,Erasers,6,305
404,Chromebooks,1,305
405,Textbooks,12,305
406,Backpacks,10,305
407,Bags,14,305
408,Rulers,8,305
412,Uniforms,4,305
413,Sketchbooks,6,305
417,Pencil Pouch,8,305
418,Glue Stick,11,305
419,Lunch Bags,16,305
421,Sharpie pens,1,305
422,Lunchbox,8,305
423,Index cards,10,305
400,Notebooks,13,306
401,Pencils,5,306
402,Mechanical Pencils,5,306
403,Erasers,7,306
404,Chromebooks,13,306
408,Rulers,9,306
410,Markers,3,306
411,Calculators,13,306
412,Uniforms,15,306
413,Sketchbooks,22,306
414,Notepads,8,306
415,Pens,1,306
417,Pencil Pouch,6,306
419,Lunch Bags,12,306
420,Gym Bag,6,306
423,Index cards,9,306
401,Pencils,6,307
402,Mechanical Pencils,6,307
404,Chromebooks,25,307
405,Textbooks,6,307
407,Bags,10,307
408,Rulers,23,307
409,Crayons,5,307
410,Markers,17,307
411,Calculators,10,307
412,Uniforms,8,307
414,Notepads,13,307
416,Folders,15,307
417,Pencil Pouch,20,307
419,Lunch Bags,5,307
420,Gym Bag,5,307
421,Sharpie pens,8,307
400,Notebooks,6,308
403,Erasers,8,308
406,Backpacks,24,308
409,Crayons,2,308
410,Markers,10,308
411,Calculators,19,308
412,Uniforms,11,308
413,Sketchbooks,10,308
414,Notepads,8,308
417,Pencil Pouch,9,308
418,Glue Stick,7,308
419,Lunch Bags,34,308
420,Gym Bag,13,308
421,Sharpie pens,9,308
422,Lunchbox,16,308
423,Index cards,1,308
400,Notebooks,5,309
401,Pencils,17,309
402,Mechanical Pencils,4,309
405,Textbooks,10,309
406,Backpacks,35,309
408,Rulers,8,309
409,Crayons,4,309
410,Markers,15,309
411,Calculators,10,309
412,Uniforms,10,309
413,Sketchbooks,29,309
414,Notepads,9,309
415,Pens,10,309
419,Lunch Bags,5,309
420,Gym Bag,13,309
423,Index cards,10,309
400,Notebooks,17,310
402,Mechanical Pencils,34,310
404,Chromebooks,10,310
405,Textbooks,9,310
406,Backpacks,16,310
409,Crayons,9,310
410,Markers,2,310
411,Calculators,7,310
412,Uniforms,17,310
413,Sketchbooks,10,310
416,Folders,6,310
417,Pencil Pouch,2,310
418,Glue Stick,6,310
420,Gym Bag,9,310
421,Sharpie pens,4,310
422,Lunchbox,4,310
400,Notebooks,2,311
401,Pencils,4,311
403,Erasers,4,311
404,Chromebooks,15,311
406,Backpacks,7,311
409,Crayons,19,311
410,Markers,10,311
411,Calculators,2,311
412,Uniforms,12,311
413,Sketchbooks,6,311
415,Pens,11,311
417,Pencil Pouch,18,311
418,Glue Stick,13,311
420,Gym Bag,2,311
422,Lunchbox,9,311
400,Notebooks,8,312
402,Mechanical Pencils,5,312
404,Chromebooks,19,312
405,Textbooks,2,312
406,Backpacks,4,312
407,Bags,9,312
408,Rulers,5,312
409,Crayons,11,312
410,Markers,8,312
411,Calculators,3,312
412,Uniforms,4,312
414,Notepads,15,312
415,Pens,7,312
416,Folders,6,312
417,Pencil Pouch,8,312
419,Lunch Bags,6,312
421,Sharpie pens,3,312
422,Lunchbox,12,312
401,Pencils,2,313
402,Mechanical Pencils,7,313
403,Erasers,18,313
404,Chromebooks,9,313
405,Textbooks,14,313
406,Backpacks,6,313
407,Bags,10,313
408,Rulers,16,313
410,Markers,12,313
411,Calculators,10,313
415,Pens,3,313
416,Folders,4,313
420,Gym Bag,13,313
401,Pencils,10,314
402,Mechanical Pencils,1,314
403,Erasers,1,314
404,Chromebooks,2,314
405,Textbooks,1,314
406,Backpacks,19,314
407,Bags,14,314
409,Crayons,17,314
410,Markers,2,314
411,Calculators,11,314
417,Pencil Pouch,8,314
418,Glue Stick,29,314
420,Gym Bag,4,314
422,Lunchbox,4,314
400,Notebooks,1,315
401,Pencils,7,315
402,Mechanical Pencils,9,315
403,Erasers,9,315
404,Chromebooks,5,315
405,Textbooks,9,315
406,Backpacks,26,315
408,Rulers,7,315
409,Crayons,1,315
410,Markers,1,315
411,Calculators,8,315
413,Sketchbooks,11,315
414,Notepads,11,315
417,Pencil Pouch,4,315
418,Glue Stick,3,315
420,Gym Bag,21,315
421,Sharpie pens,26,315
422,Lunchbox,15,315
423,Index cards,7,315
402,Mechanical Pencils,1,316
403,Erasers,14,316
404,Chromebooks,20,316
405,Textbooks,24,316
406,Backpacks,2,316
407,Bags,1,316
408,Rulers,16,316
412,Uniforms,6,316
414,Notepads,17,316
415,Pens,10,316
416,Folders,9,316
417,Pencil Pouch,13,316
418,Glue Stick,7,316
419,Lunch Bags,12,316
420,Gym Bag,9,316
422,Lunchbox,2,316
423,Index cards,6,316
401,Pencils,9,317
403,Erasers,15,317
406,Backpacks,10,317
408,Rulers,2,317
409,Crayons,2,317
410,Markers,13,317
411,Calculators,8,317
412,Uniforms,13,317
414,Notepads,16,317
415,Pens,9,317
416,Folders,23,317
417,Pencil Pouch,9,317
418,Glue Stick,10,317
419,Lunch Bags,9,317
420,Gym Bag,8,317
422,Lunchbox,13,317
400,Notebooks,14,318
401,Pencils,9,318
402,Mechanical Pencils,14,318
403,Erasers,5,318
405,Textbooks,6,318
406,Backpacks,13,318
407,Bags,1,318
408,Rulers,10,318
409,Crayons,16,318
411,Calculators,20,318
412,Uniforms,6,318
416,Folders,2,318
417,Pencil Pouch,30,318
418,Glue Stick,1,318
419,Lunch Bags,5,318
420,Gym Bag,10,318
421,Sharpie pens,10,318
400,Notebooks,2,319
401,Pencils,3,319
402,Mechanical Pencils,10,319
405,Textbooks,10,319
406,Backpacks,6,319
408,Rulers,8,319
409,Crayons,6,319
410,Markers,5,319
411,Calculators,16,319
414,Notepads,10,319
415,Pens,3,319
416,Folders,11,319
417,Pencil Pouch,14,319
418,Glue Stick,10,319
419,Lunch Bags,2,319
420,Gym Bag,6,319
400,Notebooks,2,320
401,Pencils,12,320
403,Erasers,1,320
404,Chromebooks,9,320
405,Textbooks,5,320
406,Backpacks,8,320
407,Bags,4,320
409,Crayons,1,320
411,Calculators,2,320
414,Notepads,6,320
416,Folders,1,320
417,Pencil Pouch,5,320
419,Lunch Bags,1,320
422,Lunchbox,7,320
423,Index cards,4,320
400,Notebooks,8,321
401,Pencils,5,321
402,Mechanical Pencils,18,321
403,Erasers,4,321
404,Chromebooks,3,321
405,Textbooks,9,321
406,Backpacks,8,321
407,Bags,9,321
408,Rulers,7,321
409,Crayons,18,321
410,Markers,7,321
412,Uniforms,12,321
413,Sketchbooks,29,321
414,Notepads,3,321
415,Pens,9,321
416,Folders,7,321
418,Glue Stick,5,321
420,Gym Bag,3,321
423,Index cards,3,321
400,Notebooks,1,322
401,Pencils,15,322
404,Chromebooks,12,322
405,Textbooks,2,322
406,Backpacks,9,322
407,Bags,10,322
411,Calculators,6,322
413,Sketchbooks,31,322
414,Notepads,6,322
415,Pens,9,322
417,Pencil Pouch,5,322
419,Lunch Bags,3,322
420,Gym Bag,6,322
423,Index cards,15,322
401,Pencils,4,323
403,Erasers,13,323
404,Chromebooks,8,323
405,Textbooks,15,323
407,Bags,9,323
408,Rulers,3,323
409,Crayons,18,323
410,Markers,6,323
412,Uniforms,3,323
413,Sketchbooks,17,323
414,Notepads,2,323
417,Pencil Pouch,17,323
418,Glue Stick,10,323
419,Lunch Bags,1,323
423,Index cards,13,323
401,Pencils,4,324
402,Mechanical Pencils,5,324
404,Chromebooks,2,324
405,Textbooks,12,324
406,Backpacks,3,324
407,Bags,9,324
409,Crayons,10,324
410,Markers,7,324
411,Calculators,8,324
412,Uniforms,8,324
415,Pens,10,324
417,Pencil Pouch,4,324
419,Lunch Bags,8,324
420,Gym Bag,10,324
421,Sharpie pens,7,324
422,Lunchbox,7,324
400,Notebooks,5,325
401,Pencils,7,325
404,Chromebooks,2,325
405,Textbooks,14,325
407,Bags,12,325
409,Crayons,2,325
410,Markers,14,325
411,Calculators,13,325
412,Uniforms,10,325
414,Notepads,8,325
415,Pens,21,325
417,Pencil Pouch,2,325
419,Lunch Bags,7,325
421,Sharpie pens,39,325
423,Index cards,7,325
400,Notebooks,16,326
406,Backpacks,9,326
407,Bags,6,326
408,Rulers,7,326
410,Markers,8,326
411,Calculators,16,326
412,Uniforms,19,326
413,Sketchbooks,6,326
414,Notepads,1,326
415,Pens,15,326
418,Glue Stick,10,326
419,Lunch Bags,2,326
420,Gym Bag,8,326
421,Sharpie pens,4,326
423,Index cards,13,326
401,Pencils,11,327
402,Mechanical Pencils,4,327
403,Erasers,9,327
404,Chromebooks,3,327
406,Backpacks,16,327
408,Rulers,5,327
410,Markers,10,327
411,Calculators,22,327
412,Uniforms,9,327
415,Pens,4,327
416,Folders,3,327
417,Pencil Pouch,10,327
418,Glue Stick,15,327
419,Lunch Bags,9,327
421,Sharpie pens,2,327
422,Lunchbox,7,327
423,Index cards,9,327
401,Pencils,8,328
402,Mechanical Pencils,3,328
403,Erasers,5,328
404,Chromebooks,3,328
405,Textbooks,6,328
407,Bags,24,328
408,Rulers,9,328
410,Markers,3,328
412,Uniforms,1,328
413,Sketchbooks,6,328
414,Notepads,4,328
416,Folders,10,328
417,Pencil Pouch,10,328
418,Glue Stick,9,328
420,Gym Bag,5,328
421,Sharpie pens,2,328
422,Lunchbox,4,328
423,Index cards,3,328
400,Notebooks,2,329
402,Mechanical Pencils,8,329
403,Erasers,8,329
404,Chromebooks,2,329
406,Backpacks,5,329
407,Bags,2,329
408,Rulers,3,329
409,Crayons,4,329
414,Notepads,18,329
415,Pens,14,329
417,Pencil Pouch,16,329
419,Lunch Bags,9,329
420,Gym Bag,5,329
421,Sharpie pens,6,329
422,Lunchbox,15,329
400,Notebooks,9,330
401,Pencils,13,330
402,Mechanical Pencils,15,330
403,Erasers,6,330
404,Chromebooks,6,330
405,Textbooks,10,330
406,Backpacks,15,330
407,Bags,8,330
410,Markers,7,330
411,Calculators,8,330
412,Uniforms,9,330
413,Sketchbooks,6,330
414,Notepads,7,330
418,Glue Stick,13,330
419,Lunch Bags,3,330
420,Gym Bag,8,330
421,Sharpie pens,5,330
423,Index cards,8,330
403,Erasers,15,331
404,Chromebooks,6,331
408,Rulers,7,331
409,Crayons,10,331
410,Markers,4,331
411,Calculators,8,331
412,Uniforms,15,331
413,Sketchbooks,8,331
414,Notepads,2,331
415,Pens,8,331
417,Pencil Pouch,5,331
418,Glue Stick,5,331
421,Sharpie pens,25,331
422,Lunchbox,6,331
400,Notebooks,7,332
403,Erasers,23,332
405,Textbooks,9,332
406,Backpacks,3,332
407,Bags,4,332
409,Crayons,7,332
410,Markers,7,332
412,Uniforms,18,332
413,Sketchbooks,2,332
414,Notepads,10,332
415,Pens,9,332
417,Pencil Pouch,8,332
419,Lunch Bags,9,332
421,Sharpie pens,11,332
423,Index cards,15,332
400,Notebooks,7,335
401,Pencils,9,335
402,Mechanical Pencils,21,335
403,Erasers,2,335
405,Textbooks,1,335
406,Backpacks,18,335
407,Bags,13,335
408,Rulers,1,335
411,Calculators,5,335
412,Uniforms,9,335
413,Sketchbooks,16,335
414,Notepads,2,335
416,Folders,10,335
417,Pencil Pouch,3,335
418,Glue Stick,19,335
419,Lunch Bags,8,335
420,Gym Bag,9,335
421,Sharpie pens,19,335
422,Lunchbox,20,335
400,Notebooks,14,336
401,Pencils,1,336
402,Mechanical Pencils,28,336
403,Erasers,4,336
404,Chromebooks,13,336
405,Textbooks,7,336
406,Backpacks,14,336
407,Bags,24,336
408,Rulers,19,336
409,Crayons,22,336
410,Markers,2,336
412,Uniforms,9,336
413,Sketchbooks,3,336
414,Notepads,19,336
415,Pens,12,336
416,Folders,25,336
417,Pencil Pouch,6,336
418,Glue Stick,16,336
419,Lunch Bags,11,336
421,Sharpie pens,9,336
422,Lunchbox,12,336
423,Index cards,17,336
400,Notebooks,6,337
401,Pencils,3,337
403,Erasers,13,337
404,Chromebooks,4,337
405,Textbooks,11,337
408,Rulers,15,337
409,Crayons,4,337
410,Markers,27,337
412,Uniforms,7,337
413,Sketchbooks,15,337
414,Notepads,1,337
415,Pens,13,337
416,Folders,14,337
417,Pencil Pouch,15,337
418,Glue Stick,11,337
419,Lunch Bags,13,337
420,Gym Bag,3,337
421,Sharpie pens,3,337
422,Lunchbox,6,337
423,Index cards,7,337
400,Notebooks,10,338
401,Pencils,19,338
402,Mechanical Pencils,14,338
403,Erasers,10,338
405,Textbooks,22,338
406,Backpacks,7,338
408,Rulers,9,338
409,Crayons,10,338
410,Markers,6,338
411,Calculators,1,338
412,Uniforms,1,338
413,Sketchbooks,11,338
414,Notepads,6,338
415,Pens,12,338
416,Folders,3,338
417,Pencil Pouch,7,338
418,Glue Stick,12,338
419,Lunch Bags,7,338
420,Gym Bag,19,338
421,Sharpie pens,6,338
422,Lunchbox,6,338
423,Index cards,7,338
400,Notebooks,8,339
401,Pencils,7,339
402,Mechanical Pencils,14,339
404,Chromebooks,20,339
405,Textbooks,19,339
406,Backpacks,1,339
407,Bags,6,339
408,Rulers,9,339
409,Crayons,4,339
410,Markers,14,339
411,Calculators,5,339
412,Uniforms,10,339
413,Sketchbooks,8,339
414,Notepads,9,339
415,Pens,5,339
416,Folders,21,339
417,Pencil Pouch,7,339
418,Glue Stick,8,339
419,Lunch Bags,15,339
420,Gym Bag,3,339
421,Sharpie pens,8,339
422,Lunchbox,11,339
423,Index cards,16,339
400,Notebooks,15,340
401,Pencils,22,340
402,Mechanical Pencils,7,340
403,Erasers,4,340
404,Chromebooks,6,340
405,Textbooks,15,340
406,Backpacks,3,340
407,Bags,11,340
408,Rulers,5,340
409,Crayons,7,340
410,Markers,10,340
411,Calculators,11,340
413,Sketchbooks,4,340
414,Notepads,23,340
416,Folders,7,340
417,Pencil Pouch,13,340
418,Glue Stick,2,340
420,Gym Bag,9,340
421,Sharpie pens,18,340
422,Lunchbox,1,340
423,Index cards,13,340
401,Pencils,4,341
402,Mechanical Pencils,15,341
403,Erasers,8,341
405,Textbooks,10,341
406,Backpacks,37,341
407,Bags,5,341
408,Rulers,1,341
409,Crayons,16,341
410,Markers,10,341
411,Calculators,5,341
412,Uniforms,26,341
414,Notepads,4,341
415,Pens,18,341
416,Folders,16,341
418,Glue Stick,10,341
419,Lunch Bags,5,341
420,Gym Bag,9,341
423,Index cards,5,341
400,Notebooks,20,342
401,Pencils,24,342
404,Chromebooks,12,342
405,Textbooks,1,342
406,Backpacks,22,342
409,Crayons,14,342
410,Markers,6,342
411,Calculators,9,342
412,Uniforms,8,342
413,Sketchbooks,12,342
414,Notepads,24,342
415,Pens,7,342
418,Glue Stick,7,342
421,Sharpie pens,3,342
422,Lunchbox,14,342
400,Notebooks,36,343
401,Pencils,9,343
403,Erasers,9,343
404,Chromebooks,18,343
406,Backpacks,13,343
407,Bags,6,343
408,Rulers,3,343
410,Markers,11,343
411,Calculators,4,343
412,Uniforms,8,343
413,Sketchbooks,12,343
415,Pens,8,343
416,Folders,8,343
417,Pencil Pouch,13,343
418,Glue Stick,2,343
420,Gym Bag,8,343
421,Sharpie pens,16,343
422,Lunchbox,3,343
423,Index cards,6,343
400,Notebooks,7,344
402,Mechanical Pencils,20,344
403,Erasers,7,344
404,Chromebooks,2,344
405,Textbooks,17,344
406,Backpacks,6,344
407,Bags,16,344
409,Crayons,19,344
410,Markers,13,344
411,Calculators,5,344
412,Uniforms,9,344
413,Sketchbooks,4,344
414,Notepads,7,344
415,Pens,23,344
418,Glue Stick,20,344
419,Lunch Bags,29,344
420,Gym Bag,16,344
422,Lunchbox,16,344
423,Index cards,11,344
400,Notebooks,9,345
401,Pencils,14,345
402,Mechanical Pencils,8,345
403,Erasers,2,345
404,Chromebooks,9,345
405,Textbooks,4,345
406,Backpacks,7,345
407,Bags,1,345
408,Rulers,35,345
409,Crayons,16,345
410,Markers,17,345
411,Calculators,14,345
412,Uniforms,35,345
413,Sketchbooks,8,345
414,Notepads,4,345
415,Pens,10,345
416,Folders,5,345
417,Pencil Pouch,4,345
418,Glue Stick,24,345
420,Gym Bag,6,345
421,Sharpie pens,12,345
422,Lunchbox,7,345
423,Index cards,4,345
400,Notebooks,3,346
401,Pencils,16,346
402,Mechanical Pencils,23,346
404,Chromebooks,9,346
405,Textbooks,10,346
406,Backpacks,7,346
407,Bags,7,346
408,Rulers,14,346
409,Crayons,25,346
410,Markers,3,346
412,Uniforms,1,346
414,Notepads,4,346
415,Pens,6,346
417,Pencil Pouch,18,346
418,Glue Stick,29,346
419,Lunch Bags,12,346
421,Sharpie pens,13,346
422,Lunchbox,10,346
423,Index cards,10,346
400,Notebooks,14,347
401,Pencils,14,347
402,Mechanical Pencils,9,347
403,Erasers,42,347
404,Chromebooks,10,347
405,Textbooks,7,347
406,Backpacks,12,347
407,Bags,10,347
408,Rulers,26,347
409,Crayons,1,347
410,Markers,24,347
411,Calculators,8,347
412,Uniforms,7,347
413,Sketchbooks,7,347
414,Notepads,10,347
415,Pens,2,347
416,Folders,10,347
418,Glue Stick,9,347
420,Gym Bag,5,347
422,Lunchbox,2,347
423,Index cards,3,347
400,Notebooks,8,348
401,Pencils,1,348
402,Mechanical Pencils,7,348
403,Erasers,12,348
404,Chromebooks,35,348
405,Textbooks,18,348
406,Backpacks,1,348
408,Rulers,6,348
409,Crayons,12,348
411,Calculators,10,348
412,Uniforms,7,348
413,Sketchbooks,14,348
414,Notepads,5,348
417,Pencil Pouch,17,348
418,Glue Stick,13,348
419,Lunch Bags,9,348
420,Gym Bag,6,348
421,Sharpie pens,4,348
422,Lunchbox,7,348
423,Index cards,8,348
400,Notebooks,19,349
401,Pencils,9,349
402,Mechanical Pencils,17,349
405,Textbooks,17,349
406,Backpacks,9,349
407,Bags,7,349
408,Rulers,8,349
410,Markers,4,349
411,Calculators,4,349
412,Uniforms,12,349
413,Sketchbooks,4,349
414,Notepads,1,349
415,Pens,15,349
417,Pencil Pouch,22,349
418,Glue Stick,4,349
419,Lunch Bags,5,349
420,Gym Bag,6,349
421,Sharpie pens,3,349
422,Lunchbox,15,349
423,Index cards,5,349
401,Pencils,17,350
402,Mechanical Pencils,17,350
403,Erasers,27,350
404,Chromebooks,3,350
405,Textbooks,6,350
406,Backpacks,12,350
407,Bags,13,350
408,Rulers,16,350
411,Calculators,7,350
412,Uniforms,8,350
413,Sketchbooks,12,350
414,Notepads,3,350
415,Pens,16,350
416,Folders,10,350
418,Glue Stick,18,350
419,Lunch Bags,10,350
420,Gym Bag,9,350
421,Sharpie pens,11,350
422,Lunchbox,5,350
423,Index cards,5,350
400,Notebooks,10,351
401,Pencils,6,351
402,Mechanical Pencils,2,351
403,Erasers,1,351
406,Backpacks,8,351
407,Bags,3,351
409,Crayons,11,351
411,Calculators,3,351
412,Uniforms,3,351
413,Sketchbooks,8,351
414,Notepads,4,351
415,Pens,16,351
416,Folders,2,351
417,Pencil Pouch,7,351
418,Glue Stick,5,351
419,Lunch Bags,18,351
420,Gym Bag,2,351
421,Sharpie pens,7,351
423,Index cards,8,351
400,Notebooks,9,352
401,Pencils,11,352
402,Mechanical Pencils,1,352
403,Erasers,8,352
404,Chromebooks,10,352
405,Textbooks,3,352
407,Bags,1,352
409,Crayons,10,352
410,Markers,9,352
411,Calculators,9,352
412,Uniforms,16,352
413,Sketchbooks,5,352
414,Notepads,2,352
415,Pens,11,352
416,Folders,10,352
417,Pencil Pouch,18,352
418,Glue Stick,2,352
419,Lunch Bags,16,352
420,Gym Bag,12,352
421,Sharpie pens,13,352
422,Lunchbox,8,352
423,Index cards,10,352
400,Notebooks,14,353
401,Pencils,11,353
402,Mechanical Pencils,8,353
406,Backpacks,13,353
407,Bags,7,353
408,Rulers,9,353
409,Crayons,10,353
412,Uniforms,4,353
413,Sketchbooks,17,353
416,Folders,25,353
417,Pencil Pouch,7,353
418,Glue Stick,17,353
419,Lunch Bags,18,353
420,Gym Bag,3,353
421,Sharpie pens,17,353
422,Lunchbox,29,353
400,Notebooks,15,354
401,Pencils,12,354
402,Mechanical Pencils,5,354
403,Erasers,26,354
405,Textbooks,4,354
406,Backpacks,28,354
407,Bags,10,354
408,Rulers,18,354
409,Crayons,23,354
410,Markers,7,354
412,Uniforms,3,354
413,Sketchbooks,7,354
414,Notepads,27,354
415,Pens,10,354
417,Pencil Pouch,10,354
420,Gym Bag,5,354
421,Sharpie pens,11,354
422,Lunchbox,20,354
423,Index cards,19,354
400,Notebooks,8,355
401,Pencils,12,355
402,Mechanical Pencils,7,355
403,Erasers,10,355
404,Chromebooks,14,355
405,Textbooks,16,355
406,Backpacks,4,355
407,Bags,9,355
408,Rulers,16,355
410,Markers,9,355
411,Calculators,2,355
412,Uniforms,25,355
413,Sketchbooks,14,355
414,Notepads,18,355
415,Pens,8,355
416,Folders,30,355
417,Pencil Pouch,8,355
418,Glue Stick,7,355
419,Lunch Bags,9,355
420,Gym Bag,4,355
421,Sharpie pens,9,355
422,Lunchbox,3,355
423,Index cards,7,355
400,Notebooks,1,356
402,Mechanical Pencils,4,356
403,Erasers,9,356
404,Chromebooks,4,356
405,Textbooks,7,356
406,Backpacks,29,356
407,Bags,16,356
408,Rulers,17,356
409,Crayons,17,356
410,Markers,13,356
411,Calculators,10,356
412,Uniforms,18,356
413,Sketchbooks,25,356
414,Notepads,7,356
415,Pens,2,356
416,Folders,13,356
417,Pencil Pouch,23,356
418,Glue Stick,13,356
419,Lunch Bags,2,356
420,Gym Bag,12,356
421,Sharpie pens,14,356
422,Lunchbox,4,356
423,Index cards,20,356
400,Notebooks,6,357
401,Pencils,20,357
402,Mechanical Pencils,15,357
403,Erasers,4,357
405,Textbooks,7,357
406,Backpacks,13,357
408,Rulers,10,357
409,Crayons,6,357
410,Markers,26,357
411,Calculators,8,357
412,Uniforms,4,357
414,Notepads,23,357
415,Pens,26,357
416,Folders,14,357
417,Pencil Pouch,10,357
418,Glue Stick,8,357
421,Sharpie pens,9,357
422,Lunchbox,1,357
423,Index cards,1,357
401,Pencils,9,358
402,Mechanical Pencils,19,358
403,Erasers,6,358
404,Chromebooks,4,358
405,Textbooks,11,358
406,Backpacks,6,358
408,Rulers,10,358
409,Crayons,15,358
410,Markers,3,358
411,Calculators,6,358
412,Uniforms,16,358
413,Sketchbooks,36,358
414,Notepads,4,358
415,Pens,18,358
416,Folders,25,358
417,Pencil Pouch,6,358
419,Lunch Bags,4,358
421,Sharpie pens,13,358
422,Lunchbox,27,358
423,Index cards,18,358
400,Notebooks,22,359
401,Pencils,7,359
402,Mechanical Pencils,12,359
403,Erasers,11,359
405,Textbooks,8,359
407,Bags,11,359
408,Rulers,5,359
410,Markers,7,359
412,Uniforms,5,359
414,Notepads,6,359
415,Pens,22,359
416,Folders,13,359
417,Pencil Pouch,11,359
420,Gym Bag,8,359
421,Sharpie pens,18,359
422,Lunchbox,27,359
423,Index cards,2,359
400,Notebooks,6,360
401,Pencils,4,360
403,Erasers,10,360
404,Chromebooks,6,360
405,Textbooks,17,360
406,Backpacks,9,360
407,Bags,9,360
409,Crayons,7,360
410,Markers,6,360
411,Calculators,34,360
413,Sketchbooks,7,360
414,Notepads,7,360
415,Pens,14,360
416,Folders,7,360
417,Pencil Pouch,4,360
419,Lunch Bags,9,360
420,Gym Bag,18,360
421,Sharpie pens,14,360
422,Lunchbox,8,360
423,Index cards,3,360
400,Notebooks,17,361
401,Pencils,6,361
402,Mechanical Pencils,9,361
404,Chromebooks,5,361
405,Textbooks,19,361
406,Backpacks,8,361
407,Bags,3,361
408,Rulers,4,361
409,Crayons,2,361
410,Markers,23,361
412,Uniforms,13,361
413,Sketchbooks,7,361
415,Pens,20,361
416,Folders,2,361
417,Pencil Pouch,3,361
418,Glue Stick,26,361
419,Lunch Bags,16,361
420,Gym Bag,3,361
421,Sharpie pens,20,361
422,Lunchbox,13,361
423,Index cards,1,361
401,Pencils,13,362
403,Erasers,7,362
404,Chromebooks,10,362
405,Textbooks,10,362
406,Backpacks,8,362
407,Bags,9,362
408,Rulers,15,362
409,Crayons,13,362
410,Markers,29,362
411,Calculators,20,362
412,Uniforms,3,362
415,Pens,23,362
416,Folders,12,362
417,Pencil Pouch,4,362
418,Glue Stick,4,362
419,Lunch Bags,23,362
421,Sharpie pens,3,362
422,Lunchbox,16,362
423,Index cards,4,362
