Ukraine,205,Socks,4,1
United States,211,Glasses,10,1
Brazil,215,Jackets,6,1
Iran,224,Wallet,10,1
China,200,Jeans,10,2
Ireland,203,Sandals,7,2
India,204,Formal Wear,8,2
Japan,206,Swimwear,4,2
France,225,Cap,4,2
India,225,Cap,8,2
Great Britain,206,Swimwear,3,3
Iran,206,Swimwear,1,3
Australia,211,Glasses,7,3
Korea,211,Glasses,2,3
Korea,214,Suits,2,3
Iran,219,Boxers,7,3
India,224,Wallet,2,3
India,207,Kahkis,2,4
India,214,Suits,5,4
Russia,217,Ties,7,4
United States,218,Briefs,10,4
China,226,Watch,5,4
France,202,Shoes,1,5
Ukraine,204,Formal Wear,6,5
Ukraine,214,Suits,6,5
Ukraine,225,Cap,4,5
Japan,206,Swimwear,10,6
Iran,208,Gowns,6,6
France,211,Glasses,1,6
Great Britain,212,Sunglasses,2,6
Japan,218,Briefs,8,6
Ireland,222,Earrings,1,6
Mexico,202,Shoes,5,7
Australia,206,Swimwear,10,7
Brazil,209,Dresses,5,7
Mexico,210,T-shirts,7,7
Korea,213,Tracksuit,2,7
Ireland,221,Scarves,5,7
Germany,224,Wallet,1,7
Mexico,224,Wallet,14,7
Great Britain,225,Cap,6,7
United States,201,Underwear,2,8
France,202,Shoes,6,8
Russia,206,Swimwear,10,8
Iran,222,Earrings,10,8
Great Britain,223,Belts,3,8
United States,225,Cap,8,8
Iran,204,Formal Wear,10,9
Brazil,211,Glasses,5,9
Ukraine,213,Tracksuit,8,9
Mexico,216,Coats,9,9
Korea,217,Ties,9,9
Korea,221,Scarves,9,9
United States,226,Watch,2,9
Mexico,203,Sandals,1,10
Iran,206,Swimwear,7,10
Iran,210,T-shirts,9,10
Ukraine,213,Tracksuit,3,10
Korea,223,Belts,9,10
Russia,223,Belts,2,10
Ukraine,226,Watch,7,10
France,204,Formal Wear,10,11
Ireland,205,Socks,9,11
France,209,Dresses,10,11
Mexico,210,T-shirts,1,11
Brazil,212,Sunglasses,3,11
Ukraine,212,Sunglasses,2,11
Great Britain,214,Suits,9,11
Iran,214,Suits,7,11
China,206,Swimwear,10,12
Germany,211,Glasses,5,12
Japan,216,Coats,10,12
Mexico,217,Ties,6,12
China,218,Briefs,10,12
Iran,222,Earrings,5,12
Russia,205,Socks,10,13
India,214,Suits,4,13
Russia,214,Suits,6,13
Germany,225,Cap,8,13
Ireland,201,Underwear,4,14
Mexico,200,Jeans,8,15
Korea,202,Shoes,1,15
Mexico,203,Sandals,14,15
United States,206,Swimwear,10,15
Germany,207,Kahkis,6,15
Japan,207,Kahkis,10,15
Mexico,208,Gowns,8,15
Russia,218,Briefs,1,15
Mexico,222,Earrings,3,15
Germany,225,Cap,8,15
Korea,200,Jeans,5,16
United States,201,Underwear,1,16
United States,205,Socks,9,16
China,207,Kahkis,2,16
Germany,215,Jackets,10,16
Brazil,213,Tracksuit,8,17
Korea,218,Briefs,3,17
Mexico,222,Earrings,2,17
Ireland,224,Wallet,6,17
Great Britain,226,Watch,3,17
Germany,201,Underwear,10,18
Great Britain,204,Formal Wear,4,18
France,200,Jeans,8,19
Germany,205,Socks,1,19
Russia,205,Socks,8,19
Russia,208,Gowns,6,19
Korea,209,Dresses,5,19
China,213,Tracksuit,9,19
France,220,Bow-ties,3,19
Ireland,222,Earrings,4,20
China,224,Wallet,6,20
Great Britain,204,Formal Wear,9,21
Mexico,208,Gowns,10,21
United States,211,Glasses,10,21
India,215,Jackets,4,21
Australia,218,Briefs,4,21
Brazil,223,Belts,2,21
United States,224,Wallet,7,21
France,200,Jeans,5,22
China,202,Shoes,10,22
Ireland,207,Kahkis,10,22
Japan,200,Jeans,10,23
China,204,Formal Wear,2,23
Brazil,210,T-shirts,9,23
China,210,T-shirts,8,23
Brazil,222,Earrings,7,23
Brazil,223,Belts,1,23
Ukraine,226,Watch,5,23
Japan,208,Gowns,10,24
Japan,219,Boxers,10,24
Mexico,203,Sandals,5,25
Russia,208,Gowns,6,25
Ireland,213,Tracksuit,5,25
Ireland,217,Ties,8,25
Ukraine,217,Ties,18,25
Ukraine,220,Bow-ties,2,25
Australia,224,Wallet,3,25
Russia,205,Socks,3,26
Brazil,206,Swimwear,3,26
United States,206,Swimwear,3,26
Ukraine,212,Sunglasses,1,26
Iran,214,Suits,8,26
Australia,215,Jackets,4,26
Iran,200,Jeans,3,27
Korea,202,Shoes,4,27
Germany,203,Sandals,8,27
France,209,Dresses,1,28
Brazil,210,T-shirts,10,28
Australia,225,Cap,6,28
India,204,Formal Wear,6,32
Ukraine,218,Briefs,10,32
Iran,213,Tracksuit,8,33
Great Britain,214,Suits,5,33
France,221,Scarves,1,33
Brazil,202,Shoes,3,34
Brazil,204,Formal Wear,1,34
Iran,208,Gowns,7,34
Korea,212,Sunglasses,3,34
India,214,Suits,5,34
Ukraine,220,Bow-ties,3,34
Ukraine,226,Watch,5,34
Great Britain,211,Glasses,6,35
Mexico,216,Coats,1,35
Mexico,219,Boxers,3,35
Germany,220,Bow-ties,3,35
Brazil,221,Scarves,3,35
China,206,Swimwear,2,36
Iran,206,Swimwear,6,36
Mexico,207,Kahkis,6,36
Mexico,208,Gowns,6,36
Iran,211,Glasses,6,36
India,212,Sunglasses,7,36
Brazil,213,Tracksuit,5,36
Great Britain,213,Tracksuit,7,36
Ukraine,217,Ties,3,36
Korea,205,Socks,10,37
Ukraine,207,Kahkis,10,37
Mexico,210,T-shirts,6,37
Germany,212,Sunglasses,5,37
Brazil,220,Bow-ties,1,37
Germany,206,Swimwear,5,38
United States,206,Swimwear,4,38
Germany,214,Suits,5,38
China,216,Coats,3,38
France,204,Formal Wear,4,39
Mexico,205,Socks,7,39
Korea,211,Glasses,2,39
Australia,222,Earrings,4,39
India,225,Cap,2,39
India,201,Underwear,4,40
Great Britain,211,Glasses,7,40
Japan,220,Bow-ties,3,40
India,221,Scarves,7,40
Ukraine,202,Shoes,7,41
Australia,210,T-shirts,3,41
Iran,210,T-shirts,7,41
Ireland,214,Suits,8,41
Brazil,216,Coats,4,41
Great Britain,217,Ties,6,41
Russia,219,Boxers,10,41
Ukraine,220,Bow-ties,10,41
Russia,221,Scarves,1,41
Korea,223,Belts,8,41
Mexico,226,Watch,6,41
Japan,201,Underwear,1,42
Japan,205,Socks,5,42
Iran,218,Briefs,6,42
Mexico,220,Bow-ties,7,42
France,200,Jeans,2,43
United States,206,Swimwear,8,43
Korea,220,Bow-ties,1,43
Australia,225,Cap,9,43
India,207,Kahkis,10,44
Iran,208,Gowns,4,44
Korea,219,Boxers,10,44
Great Britain,224,Wallet,6,44
Ukraine,202,Shoes,2,45
China,203,Sandals,10,45
Mexico,203,Sandals,8,45
China,205,Socks,10,45
Germany,218,Briefs,9,45
Great Britain,218,Briefs,1,45
Mexico,221,Scarves,4,45
Australia,223,Belts,7,45
Ireland,204,Formal Wear,10,46
United States,207,Kahkis,2,46
United States,219,Boxers,8,46
China,203,Sandals,8,47
Mexico,205,Socks,3,47
Brazil,215,Jackets,3,47
Iran,203,Sandals,8,48
India,210,T-shirts,4,48
Japan,212,Sunglasses,9,48
United States,200,Jeans,1,49
Ireland,203,Sandals,1,49
Ireland,207,Kahkis,7,49
Great Britain,209,Dresses,3,49
United States,209,Dresses,7,49
Korea,217,Ties,4,49
Brazil,225,Cap,6,49
Australia,200,Jeans,3,50
Korea,202,Shoes,2,50
France,210,T-shirts,6,50
Brazil,212,Sunglasses,1,50
France,219,Boxers,6,50
Ukraine,219,Boxers,2,50
China,221,Scarves,2,50
Germany,223,Belts,8,50
Germany,226,Watch,8,50
India,207,Kahkis,3,51
Korea,207,Kahkis,2,51
France,208,Gowns,3,51
Japan,208,Gowns,5,51
France,210,T-shirts,8,51
France,211,Glasses,8,51
Mexico,218,Briefs,5,51
Germany,219,Boxers,10,51
Brazil,202,Shoes,4,52
Brazil,209,Dresses,10,52
Great Britain,209,Dresses,7,52
Ireland,210,T-shirts,7,52
Ukraine,211,Glasses,6,52
Iran,212,Sunglasses,7,52
Japan,217,Ties,3,52
Ireland,219,Boxers,3,52
Russia,220,Bow-ties,4,52
United States,222,Earrings,9,52
Brazil,224,Wallet,4,52
United States,224,Wallet,8,52
Australia,201,Underwear,5,53
Brazil,205,Socks,3,53
Brazil,210,T-shirts,2,53
Mexico,205,Socks,2,54
Iran,206,Swimwear,10,54
India,210,T-shirts,6,54
Iran,213,Tracksuit,4,54
Germany,219,Boxers,6,54
Russia,222,Earrings,10,54
Korea,202,Shoes,8,55
France,205,Socks,6,55
India,206,Swimwear,8,55
Mexico,206,Swimwear,10,55
United States,207,Kahkis,6,55
France,208,Gowns,5,55
Japan,208,Gowns,1,55
Japan,222,Earrings,4,55
Brazil,206,Swimwear,8,56
United States,209,Dresses,10,56
United States,211,Glasses,10,56
United States,217,Ties,9,56
India,223,Belts,8,56
Korea,201,Underwear,10,57
Great Britain,204,Formal Wear,9,57
Korea,206,Swimwear,7,57
Russia,206,Swimwear,4,57
Ukraine,208,Gowns,9,57
Great Britain,211,Glasses,7,57
Korea,212,Sunglasses,6,57
United States,200,Jeans,2,58
Australia,201,Underwear,3,58
Iran,208,Gowns,4,58
France,210,T-shirts,2,58
Brazil,212,Sunglasses,2,58
Australia,226,Watch,9,58
Great Britain,204,Formal Wear,10,59
Ireland,205,Socks,1,59
India,208,Gowns,3,59
Japan,213,Tracksuit,1,59
Japan,221,Scarves,5,59
Mexico,200,Jeans,2,60
Australia,201,Underwear,10,60
Mexico,201,Underwear,2,60
Ireland,211,Glasses,4,60
Ukraine,218,Briefs,4,60
Ukraine,222,Earrings,2,60
Brazil,224,Wallet,9,60
Germany,202,Shoes,8,61
India,202,Shoes,7,61
France,216,Coats,4,61
Germany,225,Cap,1,61
Brazil,202,Shoes,1,62
Brazil,206,Swimwear,1,62
Germany,211,Glasses,4,62
France,213,Tracksuit,3,62
Mexico,215,Jackets,6,62
Russia,219,Boxers,2,62
Korea,200,Jeans,2,63
China,206,Swimwear,6,63
Japan,211,Glasses,2,63
Korea,213,Tracksuit,8,63
Ukraine,213,Tracksuit,5,63
Brazil,215,Jackets,3,63
Mexico,217,Ties,7,63
China,223,Belts,4,63
Mexico,202,Shoes,10,64
Germany,210,T-shirts,10,64
Russia,211,Glasses,7,64
Russia,213,Tracksuit,7,64
Mexico,214,Suits,1,64
Ireland,216,Coats,7,64
Great Britain,217,Ties,4,64
Japan,219,Boxers,8,64
Brazil,220,Bow-ties,6,64
Iran,220,Bow-ties,5,64
Great Britain,206,Swimwear,8,65
Ireland,214,Suits,9,65
Japan,221,Scarves,2,65
Russia,200,Jeans,3,66
Brazil,201,Underwear,7,66
Korea,210,T-shirts,1,66
Germany,211,Glasses,2,66
Ireland,226,Watch,10,66
Australia,208,Gowns,5,67
Mexico,208,Gowns,7,67
Ireland,210,T-shirts,4,67
France,218,Briefs,1,67
Russia,218,Briefs,2,67
Brazil,226,Watch,16,67
Ukraine,203,Sandals,1,68
Ukraine,204,Formal Wear,8,68
China,214,Suits,1,68
Great Britain,218,Briefs,7,68
Iran,220,Bow-ties,6,68
Russia,220,Bow-ties,6,68
Ireland,202,Shoes,10,69
China,203,Sandals,5,69
Ireland,206,Swimwear,10,69
India,211,Glasses,4,69
United States,215,Jackets,5,69
Korea,218,Briefs,4,69
Australia,221,Scarves,7,69
Iran,223,Belts,5,69
Germany,224,Wallet,3,69
Korea,204,Formal Wear,4,70
Japan,205,Socks,3,70
United States,211,Glasses,7,70
Great Britain,223,Belts,5,70
Russia,224,Wallet,4,70
Korea,206,Swimwear,4,71
Japan,210,T-shirts,3,71
Brazil,218,Briefs,9,71
Ireland,221,Scarves,3,71
Ireland,222,Earrings,5,71
Australia,226,Watch,7,71
Korea,200,Jeans,1,72
Australia,201,Underwear,5,72
Japan,201,Underwear,5,72
Australia,206,Swimwear,1,72
Great Britain,206,Swimwear,6,72
Korea,210,T-shirts,7,72
United States,210,T-shirts,9,72
Ukraine,212,Sunglasses,5,72
Germany,214,Suits,5,72
India,220,Bow-ties,1,72
Iran,201,Underwear,5,73
Mexico,206,Swimwear,7,73
United States,212,Sunglasses,6,73
United States,214,Suits,5,73
United States,216,Coats,3,73
Germany,218,Briefs,6,73
France,219,Boxers,8,73
Great Britain,200,Jeans,3,74
Australia,209,Dresses,5,74
France,217,Ties,4,74
Brazil,221,Scarves,10,74
Australia,204,Formal Wear,7,75
India,206,Swimwear,3,75
Iran,207,Kahkis,1,75
United States,207,Kahkis,7,75
Japan,209,Dresses,5,75
France,211,Glasses,9,75
India,214,Suits,5,75
Russia,218,Briefs,5,75
Ukraine,220,Bow-ties,4,75
Japan,224,Wallet,1,75
Russia,212,Sunglasses,10,76
Ireland,221,Scarves,3,76
China,200,Jeans,8,77
Ireland,201,Underwear,3,77
Russia,203,Sandals,3,77
Korea,204,Formal Wear,9,77
United States,210,T-shirts,8,77
Japan,213,Tracksuit,5,77
Ireland,215,Jackets,6,77
Great Britain,216,Coats,8,77
Russia,217,Ties,9,77
Germany,218,Briefs,10,77
Germany,226,Watch,10,77
India,204,Formal Wear,2,78
Japan,207,Kahkis,9,78
Ireland,208,Gowns,3,78
United States,208,Gowns,5,78
Brazil,213,Tracksuit,6,78
Russia,220,Bow-ties,6,78
France,221,Scarves,8,78
Korea,221,Scarves,2,78
Ireland,222,Earrings,4,78
Germany,224,Wallet,2,78
Ukraine,201,Underwear,2,79
France,203,Sandals,5,79
Ukraine,204,Formal Wear,9,79
Ireland,205,Socks,10,79
Ireland,206,Swimwear,10,79
China,209,Dresses,4,79
Iran,209,Dresses,7,79
Great Britain,212,Sunglasses,9,79
Iran,214,Suits,1,79
Australia,217,Ties,8,79
Great Britain,220,Bow-ties,4,79
Japan,222,Earrings,1,79
Russia,222,Earrings,9,79
Russia,225,Cap,3,79
Japan,204,Formal Wear,9,80
Ireland,207,Kahkis,8,80
China,208,Gowns,6,80
Korea,209,Dresses,9,80
Japan,218,Briefs,2,80
Ukraine,218,Briefs,9,80
Australia,200,Jeans,7,81
Great Britain,210,T-shirts,7,81
Ireland,217,Ties,4,81
Ukraine,217,Ties,10,81
China,223,Belts,10,81
Russia,223,Belts,5,81
China,226,Watch,2,81
Russia,226,Watch,7,81
Ukraine,202,Shoes,2,82
Australia,208,Gowns,4,82
France,208,Gowns,5,82
Iran,209,Dresses,4,82
Korea,209,Dresses,1,82
Great Britain,213,Tracksuit,7,82
China,217,Ties,5,82
Australia,225,Cap,4,82
Iran,226,Watch,8,82
Japan,226,Watch,3,82
Germany,207,Kahkis,4,83
France,208,Gowns,4,83
Iran,210,T-shirts,6,83
Great Britain,218,Briefs,9,83
France,226,Watch,3,83
India,203,Sandals,6,84
Great Britain,204,Formal Wear,6,84
India,212,Sunglasses,7,84
Ireland,219,Boxers,10,84
Iran,220,Bow-ties,6,84
France,223,Belts,7,84
France,225,Cap,7,84
Korea,201,Underwear,1,85
Japan,210,T-shirts,4,85
Iran,211,Glasses,1,85
Ireland,216,Coats,2,85
Mexico,216,Coats,1,85
Mexico,218,Briefs,8,85
China,225,Cap,1,85
United States,226,Watch,7,85
Australia,202,Shoes,3,86
Great Britain,202,Shoes,9,86
Korea,203,Sandals,4,86
China,205,Socks,7,86
China,212,Sunglasses,7,86
Russia,212,Sunglasses,5,86
Ukraine,219,Boxers,1,86
Korea,224,Wallet,10,86
Korea,206,Swimwear,1,87
Iran,212,Sunglasses,4,87
Korea,213,Tracksuit,7,87
Ukraine,214,Suits,2,87
Germany,219,Boxers,3,87
Great Britain,220,Bow-ties,9,87
Great Britain,224,Wallet,9,87
Ireland,205,Socks,2,91
France,217,Ties,4,91
Germany,204,Formal Wear,7,93
Ireland,206,Swimwear,7,93
Mexico,206,Swimwear,5,93
Japan,219,Boxers,5,93
France,213,Tracksuit,8,94
Germany,222,Earrings,10,94
Germany,205,Socks,8,95
Korea,209,Dresses,8,95
Brazil,224,Wallet,10,95
United States,224,Wallet,5,95
Brazil,223,Belts,10,96
Brazil,224,Wallet,8,96
Korea,200,Jeans,4,97
United States,205,Socks,9,97
Brazil,207,Kahkis,1,97
Mexico,208,Gowns,6,97
Australia,209,Dresses,5,97
Iran,214,Suits,2,97
Iran,216,Coats,2,97
United States,217,Ties,9,97
Korea,218,Briefs,4,97
Korea,206,Swimwear,4,98
Mexico,210,T-shirts,10,98
Australia,211,Glasses,10,98
United States,214,Suits,9,98
Russia,226,Watch,2,98
Germany,200,Jeans,7,99
India,204,Formal Wear,9,99
China,207,Kahkis,3,99
Korea,208,Gowns,8,99
Ireland,210,T-shirts,2,99
Brazil,211,Glasses,9,99
Great Britain,222,Earrings,6,99
Korea,215,Jackets,8,100
Russia,217,Ties,9,100
Russia,222,Earrings,8,100
India,205,Socks,4,101
Iran,210,T-shirts,1,101
Great Britain,211,Glasses,5,101
United States,217,Ties,5,101
Ireland,223,Belts,1,101
Mexico,202,Shoes,1,102
France,205,Socks,3,102
Mexico,205,Socks,8,102
Korea,224,Wallet,7,102
United States,201,Underwear,7,103
Russia,215,Jackets,3,103
Brazil,221,Scarves,5,103
Australia,209,Dresses,3,104
China,220,Bow-ties,3,104
India,206,Swimwear,9,105
Brazil,208,Gowns,7,105
Germany,211,Glasses,9,105
India,212,Sunglasses,5,105
Mexico,212,Sunglasses,3,105
China,213,Tracksuit,2,105
Brazil,214,Suits,7,105
Korea,214,Suits,6,105
Brazil,218,Briefs,6,105
Australia,223,Belts,6,105
China,225,Cap,1,105
Australia,200,Jeans,6,106
Great Britain,204,Formal Wear,2,106
Iran,207,Kahkis,1,106
Australia,217,Ties,9,106
Great Britain,217,Ties,3,106
Germany,219,Boxers,5,106
Germany,223,Belts,8,106
Great Britain,223,Belts,3,106
United States,223,Belts,10,106
Australia,224,Wallet,6,106
India,224,Wallet,10,106
France,225,Cap,9,106
Great Britain,226,Watch,3,106
Australia,217,Ties,4,107
Korea,224,Wallet,8,107
Iran,215,Jackets,6,108
France,216,Coats,5,108
Ireland,204,Formal Wear,7,109
Ukraine,205,Socks,6,109
Great Britain,206,Swimwear,2,109
Ukraine,213,Tracksuit,2,109
United States,213,Tracksuit,3,109
United States,214,Suits,6,109
Iran,221,Scarves,3,109
Great Britain,223,Belts,5,109
France,224,Wallet,7,109
Korea,206,Swimwear,7,110
India,221,Scarves,10,110
Ireland,201,Underwear,7,111
Korea,209,Dresses,1,111
Brazil,214,Suits,6,111
France,215,Jackets,2,111
Ukraine,216,Coats,8,111
Ireland,203,Sandals,6,112
Iran,206,Swimwear,8,112
France,212,Sunglasses,10,112
Russia,215,Jackets,8,112
Germany,219,Boxers,1,112
Great Britain,220,Bow-ties,7,112
Brazil,224,Wallet,7,112
Ukraine,225,Cap,9,112
Mexico,201,Underwear,7,113
Russia,201,Underwear,10,113
Ireland,203,Sandals,6,113
Japan,212,Sunglasses,7,113
Ukraine,213,Tracksuit,8,113
Great Britain,216,Coats,10,113
Russia,220,Bow-ties,6,113
China,223,Belts,9,113
Australia,225,Cap,7,113
Iran,225,Cap,3,113
Japan,225,Cap,3,113
Brazil,202,Shoes,1,114
Brazil,213,Tracksuit,10,114
France,220,Bow-ties,7,114
Iran,224,Wallet,8,114
Iran,200,Jeans,1,115
Iran,203,Sandals,7,115
Australia,206,Swimwear,8,115
Mexico,214,Suits,2,115
China,219,Boxers,7,116
United States,200,Jeans,9,117
France,203,Sandals,7,117
Japan,217,Ties,1,117
Iran,219,Boxers,1,117
Ireland,225,Cap,10,117
Brazil,226,Watch,1,117
Iran,200,Jeans,9,118
Japan,209,Dresses,1,118
Iran,216,Coats,5,118
Great Britain,217,Ties,7,118
Great Britain,202,Shoes,1,121
Ukraine,205,Socks,10,121
France,211,Glasses,5,121
Iran,213,Tracksuit,2,121
Ireland,217,Ties,1,121
Iran,221,Scarves,2,121
Ukraine,224,Wallet,10,121
China,204,Formal Wear,4,122
Iran,219,Boxers,4,122
Iran,220,Bow-ties,6,122
Japan,220,Bow-ties,2,122
United States,200,Jeans,9,123
United States,203,Sandals,9,123
Ukraine,212,Sunglasses,9,123
India,214,Suits,1,123
Mexico,226,Watch,8,123
Australia,209,Dresses,7,124
Iran,219,Boxers,8,124
Russia,221,Scarves,1,124
United States,223,Belts,7,124
Germany,200,Jeans,9,125
United States,202,Shoes,4,125
Australia,206,Swimwear,9,125
Australia,221,Scarves,3,125
India,205,Socks,6,126
India,213,Tracksuit,10,126
China,226,Watch,6,126
Germany,205,Socks,9,127
Russia,218,Briefs,2,127
Russia,223,Belts,2,127
Iran,205,Socks,4,128
Great Britain,201,Underwear,4,129
Great Britain,202,Shoes,8,129
France,220,Bow-ties,9,129
Brazil,222,Earrings,9,129
Ukraine,202,Shoes,16,130
Great Britain,204,Formal Wear,2,130
Ukraine,211,Glasses,6,130
Ireland,214,Suits,2,130
China,216,Coats,8,130
China,224,Wallet,8,130
Mexico,208,Gowns,2,131
Iran,209,Dresses,6,131
Brazil,213,Tracksuit,9,131
China,216,Coats,1,131
Australia,226,Watch,1,131
Ireland,226,Watch,4,131
Iran,200,Jeans,9,132
Australia,219,Boxers,3,132
Iran,224,Wallet,9,132
Germany,205,Socks,2,133
Russia,215,Jackets,8,133
France,223,Belts,4,133
Ireland,225,Cap,2,133
Great Britain,211,Glasses,4,134
France,218,Briefs,8,134
Japan,218,Briefs,1,134
Great Britain,202,Shoes,8,135
Ukraine,203,Sandals,9,135
Russia,209,Dresses,8,135
China,212,Sunglasses,6,135
Germany,212,Sunglasses,9,135
Ireland,219,Boxers,4,135
Mexico,219,Boxers,9,135
Mexico,220,Bow-ties,1,135
China,223,Belts,1,135
Mexico,205,Socks,3,136
Great Britain,221,Scarves,2,136
Russia,204,Formal Wear,10,137
Australia,205,Socks,7,137
Germany,213,Tracksuit,1,137
Australia,214,Suits,1,137
Great Britain,201,Underwear,6,138
Japan,204,Formal Wear,5,138
Ireland,213,Tracksuit,9,138
India,203,Sandals,9,139
China,204,Formal Wear,8,139
India,212,Sunglasses,3,139
China,214,Suits,8,139
France,214,Suits,7,139
Iran,215,Jackets,3,139
Mexico,222,Earrings,5,139
China,210,T-shirts,2,140
Great Britain,210,T-shirts,6,140
Ireland,216,Coats,2,140
Japan,216,Coats,8,140
Ireland,225,Cap,2,140
Mexico,206,Swimwear,7,141
Germany,211,Glasses,7,141
Korea,216,Coats,6,141
Russia,200,Jeans,5,142
Australia,202,Shoes,10,142
Iran,202,Shoes,7,142
Ireland,209,Dresses,6,142
Iran,211,Glasses,8,142
Ireland,211,Glasses,8,142
Germany,220,Bow-ties,7,142
Great Britain,201,Underwear,3,143
France,207,Kahkis,8,143
India,209,Dresses,4,143
China,218,Briefs,2,143
Brazil,221,Scarves,10,143
France,204,Formal Wear,1,144
India,212,Sunglasses,1,144
Japan,213,Tracksuit,9,144
France,215,Jackets,1,144
India,216,Coats,10,144
France,224,Wallet,2,144
Germany,225,Cap,6,144
Russia,226,Watch,5,144
Ukraine,201,Underwear,1,145
China,210,T-shirts,5,145
Ukraine,213,Tracksuit,6,145
Germany,222,Earrings,5,145
Japan,225,Cap,5,145
France,210,T-shirts,10,146
Russia,214,Suits,7,146
Ireland,223,Belts,10,146
China,226,Watch,1,146
Australia,210,T-shirts,5,147
Great Britain,213,Tracksuit,3,147
Ukraine,221,Scarves,7,147
Germany,224,Wallet,3,147
Germany,225,Cap,3,147
Korea,201,Underwear,8,148
Great Britain,204,Formal Wear,8,148
Mexico,218,Briefs,6,148
Korea,203,Sandals,5,152
Russia,206,Swimwear,1,152
Mexico,209,Dresses,3,152
Russia,210,T-shirts,9,152
Great Britain,211,Glasses,9,152
Germany,212,Sunglasses,10,152
Iran,214,Suits,18,152
United States,219,Boxers,8,152
Australia,201,Underwear,2,153
Iran,204,Formal Wear,16,153
France,206,Swimwear,3,153
Ireland,211,Glasses,2,153
France,213,Tracksuit,3,153
Great Britain,213,Tracksuit,10,153
Japan,213,Tracksuit,1,153
Ukraine,216,Coats,10,153
Germany,218,Briefs,7,153
Australia,221,Scarves,10,153
Japan,221,Scarves,4,153
India,225,Cap,3,153
United States,201,Underwear,8,154
Iran,207,Kahkis,5,154
France,213,Tracksuit,4,154
Great Britain,213,Tracksuit,10,154
United States,214,Suits,8,154
Great Britain,216,Coats,10,154
Great Britain,221,Scarves,4,154
Mexico,223,Belts,10,154
France,226,Watch,8,154
Russia,226,Watch,3,154
China,200,Jeans,5,155
Ireland,203,Sandals,6,155
Great Britain,204,Formal Wear,9,155
Mexico,208,Gowns,8,155
India,212,Sunglasses,8,155
Iran,212,Sunglasses,4,155
Great Britain,213,Tracksuit,9,155
Mexico,214,Suits,9,155
Ireland,216,Coats,9,155
Australia,219,Boxers,3,155
Iran,219,Boxers,4,155
Mexico,219,Boxers,7,155
Iran,221,Scarves,4,155
Iran,201,Underwear,9,156
Ireland,203,Sandals,1,156
Australia,206,Swimwear,2,156
India,207,Kahkis,7,156
France,213,Tracksuit,7,156
France,214,Suits,4,156
Australia,215,Jackets,10,156
France,215,Jackets,8,156
Australia,217,Ties,5,156
India,217,Ties,6,156
Iran,217,Ties,3,156
Australia,218,Briefs,10,156
Mexico,218,Briefs,2,156
United States,220,Bow-ties,2,156
Great Britain,221,Scarves,6,156
Japan,225,Cap,10,156
Brazil,203,Sandals,8,157
India,204,Formal Wear,5,157
Australia,205,Socks,7,157
Ukraine,205,Socks,6,157
Korea,210,T-shirts,2,157
Mexico,210,T-shirts,7,157
Australia,212,Sunglasses,2,157
Australia,213,Tracksuit,7,157
China,213,Tracksuit,6,157
Germany,213,Tracksuit,3,157
Mexico,214,Suits,7,157
Japan,215,Jackets,4,157
Ukraine,215,Jackets,2,157
India,219,Boxers,1,157
Australia,220,Bow-ties,1,157
Great Britain,221,Scarves,10,157
Ireland,222,Earrings,6,157
Ukraine,223,Belts,7,157
Japan,200,Jeans,9,158
Korea,202,Shoes,4,158
Iran,204,Formal Wear,7,158
Australia,205,Socks,6,158
Ireland,208,Gowns,4,158
Great Britain,210,T-shirts,10,158
India,213,Tracksuit,1,158
United States,213,Tracksuit,10,158
Mexico,216,Coats,7,158
India,219,Boxers,5,158
Korea,220,Bow-ties,8,158
Mexico,222,Earrings,8,158
Ukraine,224,Wallet,8,158
China,201,Underwear,7,159
Mexico,201,Underwear,1,159
Mexico,202,Shoes,6,159
India,204,Formal Wear,10,159
Ukraine,206,Swimwear,8,159
Korea,214,Suits,5,159
Mexico,218,Briefs,6,159
Korea,221,Scarves,4,159
Russia,221,Scarves,4,159
India,224,Wallet,10,159
Ireland,224,Wallet,10,159
Russia,224,Wallet,4,159
China,226,Watch,7,159
Russia,205,Socks,8,160
Germany,207,Kahkis,6,160
United States,208,Gowns,7,160
Australia,210,T-shirts,6,160
Ukraine,212,Sunglasses,3,160
Iran,214,Suits,4,160
Japan,218,Briefs,9,160
Mexico,219,Boxers,7,160
United States,221,Scarves,3,160
France,200,Jeans,5,161
Great Britain,201,Underwear,10,161
United States,202,Shoes,10,161
Brazil,212,Sunglasses,9,161
Japan,212,Sunglasses,6,161
United States,213,Tracksuit,5,161
Germany,215,Jackets,7,161
Japan,215,Jackets,3,161
Great Britain,217,Ties,7,161
India,222,Earrings,2,161
China,225,Cap,1,161
Iran,202,Shoes,4,162
Iran,203,Sandals,6,162
France,205,Socks,3,162
Germany,208,Gowns,1,162
Korea,209,Dresses,9,162
Russia,212,Sunglasses,9,162
Great Britain,213,Tracksuit,7,162
India,217,Ties,1,162
Australia,220,Bow-ties,6,162
India,221,Scarves,1,162
Mexico,221,Scarves,5,162
Great Britain,222,Earrings,3,162
United States,225,Cap,1,162
Mexico,206,Swimwear,8,163
United States,206,Swimwear,7,163
Mexico,208,Gowns,7,163
Russia,212,Sunglasses,10,163
Japan,213,Tracksuit,5,163
India,216,Coats,12,163
Great Britain,218,Briefs,1,163
Mexico,219,Boxers,7,163
Brazil,220,Bow-ties,3,163
United States,223,Belts,1,163
Mexico,224,Wallet,5,163
Germany,225,Cap,3,163
Great Britain,202,Shoes,9,164
France,215,Jackets,6,164
Germany,216,Coats,9,164
Great Britain,217,Ties,9,164
Mexico,218,Briefs,8,164
Brazil,221,Scarves,3,164
Brazil,222,Earrings,3,164
United States,222,Earrings,10,164
Australia,223,Belts,9,164
India,205,Socks,7,165
Australia,206,Swimwear,10,165
Iran,207,Kahkis,5,165
Mexico,208,Gowns,5,165
United States,209,Dresses,10,165
Great Britain,210,T-shirts,7,165
China,213,Tracksuit,7,165
Russia,215,Jackets,8,165
Brazil,216,Coats,1,165
Australia,220,Bow-ties,3,165
Russia,221,Scarves,5,165
Mexico,223,Belts,1,165
France,226,Watch,2,165
France,200,Jeans,5,166
Mexico,203,Sandals,8,166
Korea,207,Kahkis,7,166
Ukraine,208,Gowns,9,166
Brazil,212,Sunglasses,6,166
Great Britain,213,Tracksuit,4,166
Mexico,213,Tracksuit,4,166
Ireland,215,Jackets,6,166
Mexico,216,Coats,4,166
Japan,222,Earrings,10,166
Germany,223,Belts,9,166
India,204,Formal Wear,3,167
France,205,Socks,3,167
Mexico,205,Socks,4,167
Great Britain,207,Kahkis,7,167
Iran,209,Dresses,1,167
France,210,T-shirts,8,167
Japan,211,Glasses,10,167
Ukraine,212,Sunglasses,5,167
France,213,Tracksuit,8,167
France,217,Ties,8,167
Russia,217,Ties,7,167
Russia,218,Briefs,3,167
Australia,219,Boxers,1,167
Russia,219,Boxers,8,167
Australia,225,Cap,9,167
Australia,226,Watch,3,167
Ukraine,226,Watch,8,167
India,201,Underwear,7,168
Mexico,201,Underwear,1,168
Brazil,202,Shoes,2,168
Russia,205,Socks,7,168
Australia,213,Tracksuit,6,168
Ireland,219,Boxers,4,168
Germany,224,Wallet,9,168
Great Britain,225,Cap,4,168
Great Britain,200,Jeans,5,169
Ukraine,215,Jackets,7,169
Great Britain,218,Briefs,5,169
Germany,221,Scarves,9,169
Korea,222,Earrings,8,169
United States,225,Cap,7,169
Ireland,226,Watch,6,169
France,203,Sandals,8,170
Ireland,204,Formal Wear,1,170
China,209,Dresses,6,170
Ireland,210,T-shirts,3,170
India,215,Jackets,6,170
France,222,Earrings,7,170
Australia,226,Watch,6,170
Brazil,226,Watch,4,170
United States,206,Swimwear,6,171
Japan,208,Gowns,10,171
Mexico,208,Gowns,10,171
Australia,213,Tracksuit,10,171
Germany,220,Bow-ties,1,171
Australia,224,Wallet,9,171
India,225,Cap,5,171
Brazil,203,Sandals,3,172
Korea,205,Socks,8,172
Great Britain,208,Gowns,9,172
Australia,213,Tracksuit,2,172
Ireland,216,Coats,2,172
Ukraine,218,Briefs,6,172
Germany,220,Bow-ties,6,172
China,221,Scarves,4,172
Ukraine,225,Cap,8,172
United States,225,Cap,6,172
France,201,Underwear,2,173
Mexico,201,Underwear,9,173
India,206,Swimwear,8,173
Brazil,208,Gowns,3,173
Ukraine,208,Gowns,3,173
Germany,214,Suits,2,173
Australia,215,Jackets,1,173
Mexico,215,Jackets,9,173
Ukraine,215,Jackets,4,173
France,217,Ties,2,173
Korea,217,Ties,6,173
France,219,Boxers,5,173
Korea,219,Boxers,7,173
Korea,224,Wallet,7,173
France,226,Watch,6,173
Germany,205,Socks,1,174
Great Britain,209,Dresses,3,174
Ireland,209,Dresses,4,174
Ukraine,213,Tracksuit,7,174
China,219,Boxers,3,174
France,220,Bow-ties,10,174
Russia,222,Earrings,13,174
France,203,Sandals,3,175
Korea,207,Kahkis,2,175
Korea,214,Suits,2,175
Brazil,219,Boxers,7,175
Ukraine,221,Scarves,10,175
Korea,226,Watch,5,175
Russia,203,Sandals,4,176
Mexico,204,Formal Wear,10,176
China,210,T-shirts,4,176
Japan,220,Bow-ties,6,176
India,201,Underwear,7,177
Japan,212,Sunglasses,10,177
Germany,214,Suits,1,177
United States,215,Jackets,2,177
Brazil,216,Coats,5,177
France,217,Ties,10,177
Japan,218,Briefs,5,177
Russia,218,Briefs,1,177
Australia,222,Earrings,2,177
Germany,223,Belts,9,177
India,204,Formal Wear,9,178
United States,205,Socks,8,178
Brazil,206,Swimwear,3,178
Germany,208,Gowns,2,178
Ukraine,212,Sunglasses,10,178
France,218,Briefs,4,178
Great Britain,218,Briefs,10,178
Iran,203,Sandals,14,179
Japan,208,Gowns,9,179
France,214,Suits,6,179
United States,216,Coats,8,179
Ireland,217,Ties,4,179
Ukraine,218,Briefs,2,179
Brazil,222,Earrings,6,179
Korea,224,Wallet,9,179
Mexico,202,Shoes,8,182
Great Britain,212,Sunglasses,7,182
Korea,216,Coats,2,182
Russia,221,Scarves,1,182
Mexico,222,Earrings,7,182
Japan,226,Watch,10,182
Russia,200,Jeans,5,183
France,201,Underwear,9,183
Australia,205,Socks,1,183
Germany,206,Swimwear,1,183
Ireland,212,Sunglasses,2,183
France,219,Boxers,5,183
Iran,226,Watch,3,183
Japan,226,Watch,6,183
Mexico,203,Sandals,6,184
Ireland,207,Kahkis,6,184
United States,207,Kahkis,1,184
Iran,212,Sunglasses,6,184
Germany,221,Scarves,7,184
China,224,Wallet,8,184
France,202,Shoes,9,185
Germany,202,Shoes,2,185
France,203,Sandals,4,185
India,208,Gowns,1,185
Mexico,208,Gowns,4,185
Ukraine,209,Dresses,3,185
Ireland,212,Sunglasses,5,185
Japan,212,Sunglasses,3,185
Mexico,214,Suits,1,185
Ireland,218,Briefs,10,185
Mexico,223,Belts,1,185
Brazil,200,Jeans,2,186
Great Britain,203,Sandals,5,186
Great Britain,205,Socks,1,186
Mexico,209,Dresses,10,186
Germany,215,Jackets,7,186
Germany,218,Briefs,9,186
Korea,200,Jeans,8,187
Iran,207,Kahkis,1,187
Mexico,207,Kahkis,4,187
Russia,207,Kahkis,4,187
United States,214,Suits,1,187
Russia,218,Briefs,1,187
Ukraine,222,Earrings,2,187
Ukraine,226,Watch,9,187
France,202,Shoes,2,188
Korea,202,Shoes,10,188
Brazil,208,Gowns,6,188
France,208,Gowns,4,188
Mexico,208,Gowns,2,188
Ukraine,210,T-shirts,3,188
Brazil,217,Ties,7,188
Ireland,217,Ties,7,188
Russia,218,Briefs,5,188
Brazil,219,Boxers,6,188
China,219,Boxers,2,188
Australia,221,Scarves,6,188
Iran,226,Watch,3,188
Mexico,217,Ties,4,189
Germany,220,Bow-ties,1,189
Germany,221,Scarves,6,189
Russia,221,Scarves,2,189
India,223,Belts,8,189
Iran,225,Cap,10,189
Ukraine,200,Jeans,7,190
Japan,203,Sandals,1,190
Russia,206,Swimwear,3,190
Australia,207,Kahkis,6,190
Australia,216,Coats,10,190
China,219,Boxers,3,190
Russia,220,Bow-ties,9,190
Brazil,222,Earrings,10,190
Russia,206,Swimwear,9,191
Iran,207,Kahkis,9,191
Germany,208,Gowns,4,191
United States,212,Sunglasses,6,191
Brazil,214,Suits,6,191
Korea,214,Suits,4,191
Ukraine,214,Suits,2,191
Japan,217,Ties,6,191
India,219,Boxers,9,191
Ukraine,220,Bow-ties,2,191
Japan,226,Watch,1,191
Ukraine,200,Jeans,6,192
Great Britain,217,Ties,10,192
Germany,222,Earrings,3,192
China,223,Belts,3,192
Korea,223,Belts,10,192
France,226,Watch,10,192
Germany,202,Shoes,7,193
Germany,205,Socks,8,193
Russia,207,Kahkis,9,193
United States,211,Glasses,3,193
Germany,212,Sunglasses,7,193
Brazil,215,Jackets,10,193
China,216,Coats,10,193
United States,221,Scarves,5,193
Russia,222,Earrings,2,193
United States,224,Wallet,1,193
Mexico,225,Cap,8,193
Japan,226,Watch,2,193
Germany,200,Jeans,4,194
Ireland,209,Dresses,1,194
Iran,213,Tracksuit,5,194
Japan,215,Jackets,3,194
Mexico,215,Jackets,10,194
India,216,Coats,6,194
Germany,217,Ties,10,194
Brazil,221,Scarves,2,194
Mexico,225,Cap,10,194
Ukraine,226,Watch,7,194
Germany,202,Shoes,8,195
Ireland,204,Formal Wear,7,195
Australia,212,Sunglasses,14,195
Germany,213,Tracksuit,8,195
Korea,213,Tracksuit,10,195
Australia,214,Suits,10,195
United States,214,Suits,6,195
Iran,219,Boxers,5,195
Korea,222,Earrings,10,195
Korea,224,Wallet,7,195
Australia,206,Swimwear,7,196
Iran,207,Kahkis,2,196
Korea,207,Kahkis,7,196
India,210,T-shirts,2,196
Ukraine,213,Tracksuit,4,196
Great Britain,214,Suits,9,196
Korea,225,Cap,10,196
Japan,226,Watch,3,196
Korea,203,Sandals,8,197
India,207,Kahkis,9,197
India,208,Gowns,9,197
Korea,217,Ties,3,197
India,223,Belts,1,197
India,200,Jeans,4,198
Mexico,205,Socks,2,198
France,206,Swimwear,5,198
Great Britain,208,Gowns,8,198
India,210,T-shirts,6,198
Brazil,211,Glasses,6,198
Australia,213,Tracksuit,7,198
Korea,219,Boxers,4,198
Brazil,220,Bow-ties,5,198
China,201,Underwear,7,199
Ireland,206,Swimwear,10,199
Ireland,211,Glasses,10,199
Great Britain,213,Tracksuit,1,199
France,217,Ties,5,199
Iran,219,Boxers,9,199
Japan,219,Boxers,5,199
Korea,219,Boxers,2,199
Brazil,223,Belts,1,199
United States,226,Watch,8,199
Japan,202,Shoes,7,200
Ireland,204,Formal Wear,2,200
Ireland,207,Kahkis,4,200
Japan,207,Kahkis,1,200
Brazil,209,Dresses,4,200
Russia,209,Dresses,6,200
Ireland,221,Scarves,2,200
Korea,226,Watch,1,200
Brazil,202,Shoes,10,202
Japan,202,Shoes,8,202
Brazil,204,Formal Wear,5,202
Mexico,204,Formal Wear,10,202
United States,204,Formal Wear,2,202
Russia,209,Dresses,4,202
United States,210,T-shirts,9,202
Australia,219,Boxers,6,202
China,220,Bow-ties,6,202
Korea,200,Jeans,10,203
India,203,Sandals,9,203
United States,206,Swimwear,7,203
Brazil,207,Kahkis,5,203
United States,207,Kahkis,9,203
France,208,Gowns,6,203
Korea,208,Gowns,7,203
China,210,T-shirts,6,203
Korea,210,T-shirts,7,203
United States,210,T-shirts,7,203
India,213,Tracksuit,9,203
Korea,217,Ties,7,203
Australia,220,Bow-ties,6,203
Ukraine,222,Earrings,7,203
Brazil,223,Belts,3,203
China,223,Belts,6,203
China,204,Formal Wear,6,204
Korea,209,Dresses,10,204
Mexico,210,T-shirts,7,204
Iran,211,Glasses,5,204
Mexico,219,Boxers,2,204
Great Britain,222,Earrings,4,204
Iran,226,Watch,10,204
China,216,Coats,4,205
Germany,219,Boxers,9,205
Ireland,224,Wallet,1,205
Germany,200,Jeans,1,206
Japan,201,Underwear,3,206
Brazil,211,Glasses,5,206
Ireland,220,Bow-ties,4,206
Brazil,223,Belts,4,206
Korea,226,Watch,5,206
United States,226,Watch,1,206
Korea,209,Dresses,2,207
Mexico,211,Glasses,7,207
Russia,212,Sunglasses,7,207
United States,212,Sunglasses,9,207
United States,213,Tracksuit,3,207
France,214,Suits,10,207
India,221,Scarves,3,207
Australia,222,Earrings,10,207
Germany,201,Underwear,5,208
Australia,207,Kahkis,7,208
Germany,207,Kahkis,6,208
Australia,209,Dresses,10,208
China,214,Suits,1,208
Iran,221,Scarves,4,208
Korea,222,Earrings,8,208
Mexico,223,Belts,7,208
Iran,224,Wallet,6,208
Japan,202,Shoes,3,209
Great Britain,204,Formal Wear,4,209
Brazil,208,Gowns,7,209
Japan,212,Sunglasses,9,209
Japan,216,Coats,8,209
Brazil,221,Scarves,1,209
Mexico,208,Gowns,1,213
Ireland,212,Sunglasses,4,213
India,214,Suits,10,213
Brazil,206,Swimwear,9,214
United States,207,Kahkis,1,214
Australia,209,Dresses,4,214
Ukraine,209,Dresses,9,214
France,224,Wallet,8,214
Brazil,208,Gowns,2,215
India,221,Scarves,3,215
China,222,Earrings,6,215
Iran,203,Sandals,9,216
Germany,204,Formal Wear,1,216
Great Britain,204,Formal Wear,2,216
Russia,214,Suits,8,216
Australia,219,Boxers,1,216
Australia,220,Bow-ties,3,216
Australia,226,Watch,3,216
Brazil,200,Jeans,2,217
Iran,210,T-shirts,3,217
Germany,215,Jackets,8,217
Russia,221,Scarves,4,217
Korea,200,Jeans,10,218
Australia,201,Underwear,8,218
India,206,Swimwear,4,218
France,209,Dresses,7,218
India,213,Tracksuit,4,218
France,216,Coats,7,218
Brazil,223,Belts,5,218
Great Britain,205,Socks,8,219
Russia,206,Swimwear,10,219
Australia,210,T-shirts,5,219
Brazil,218,Briefs,7,219
India,221,Scarves,1,219
Ukraine,222,Earrings,1,219
Great Britain,204,Formal Wear,4,220
India,204,Formal Wear,1,220
India,209,Dresses,5,220
Mexico,211,Glasses,7,220
China,213,Tracksuit,9,220
Korea,221,Scarves,7,220
Ukraine,203,Sandals,1,221
Ireland,205,Socks,2,221
India,206,Swimwear,4,221
Russia,222,Earrings,9,221
Mexico,224,Wallet,8,221
Brazil,206,Swimwear,7,222
United States,216,Coats,10,222
Brazil,219,Boxers,13,222
Ukraine,221,Scarves,3,222
China,223,Belts,4,222
Ireland,223,Belts,6,222
Korea,225,Cap,10,222
United States,202,Shoes,3,223
China,213,Tracksuit,6,223
Ukraine,218,Briefs,1,223
Japan,223,Belts,7,223
Ukraine,200,Jeans,6,224
Germany,201,Underwear,3,224
Ukraine,203,Sandals,6,224
Ireland,204,Formal Wear,6,224
United States,204,Formal Wear,2,224
Russia,206,Swimwear,9,224
Australia,208,Gowns,7,224
India,216,Coats,7,224
Iran,220,Bow-ties,3,224
Japan,220,Bow-ties,10,224
China,222,Earrings,4,224
Germany,200,Jeans,10,225
Ukraine,203,Sandals,5,225
Brazil,204,Formal Wear,8,225
France,206,Swimwear,9,225
Korea,209,Dresses,8,225
Russia,221,Scarves,10,225
Iran,207,Kahkis,1,226
Ukraine,214,Suits,6,226
Brazil,215,Jackets,2,226
Ireland,219,Boxers,10,226
Germany,225,Cap,1,226
India,201,Underwear,6,227
Japan,222,Earrings,2,227
India,224,Wallet,6,227
United States,207,Kahkis,3,228
Ireland,209,Dresses,4,228
France,221,Scarves,1,228
Iran,222,Earrings,6,228
Russia,226,Watch,5,228
Great Britain,202,Shoes,5,229
Mexico,219,Boxers,1,229
Australia,224,Wallet,1,229
Great Britain,225,Cap,1,229
United States,226,Watch,1,229
Ireland,205,Socks,8,230
China,214,Suits,7,230
France,223,Belts,10,230
France,201,Underwear,5,231
Iran,204,Formal Wear,1,231
France,209,Dresses,1,231
Great Britain,217,Ties,2,231
France,210,T-shirts,2,232
United States,217,Ties,7,232
Iran,220,Bow-ties,3,232
United States,221,Scarves,4,232
Japan,223,Belts,10,232
Ireland,204,Formal Wear,6,233
Ukraine,219,Boxers,8,233
Korea,220,Bow-ties,8,233
Russia,204,Formal Wear,1,234
Australia,208,Gowns,5,234
France,214,Suits,9,234
Brazil,216,Coats,8,234
France,220,Bow-ties,9,234
Brazil,206,Swimwear,8,235
India,222,Earrings,9,235
Australia,204,Formal Wear,5,236
Iran,205,Socks,7,236
United States,212,Sunglasses,9,236
United States,214,Suits,1,236
United States,209,Dresses,7,237
Brazil,221,Scarves,7,237
Great Britain,222,Earrings,6,237
Mexico,225,Cap,3,237
Iran,226,Watch,2,237
Germany,200,Jeans,7,238
Germany,212,Sunglasses,8,238
United States,220,Bow-ties,2,238
Germany,204,Formal Wear,4,239
Brazil,206,Swimwear,9,239
China,213,Tracksuit,2,239
Mexico,216,Coats,10,239
Mexico,219,Boxers,10,239
Ukraine,221,Scarves,4,239
Great Britain,223,Belts,5,239
Brazil,202,Shoes,3,240
Iran,211,Glasses,2,240
United States,216,Coats,3,240
Brazil,217,Ties,9,244
Ukraine,212,Sunglasses,1,245
Australia,218,Briefs,6,245
Great Britain,220,Bow-ties,3,245
Korea,226,Watch,8,245
India,200,Jeans,7,246
France,203,Sandals,10,246
Russia,209,Dresses,1,246
China,210,T-shirts,9,246
France,210,T-shirts,9,246
Great Britain,223,Belts,8,246
United States,224,Wallet,9,246
United States,213,Tracksuit,9,247
Germany,214,Suits,2,247
China,215,Jackets,10,247
United States,216,Coats,5,247
Korea,224,Wallet,9,247
Korea,207,Kahkis,8,248
Iran,208,Gowns,2,248
Ireland,213,Tracksuit,8,248
China,216,Coats,2,248
Australia,218,Briefs,2,248
India,218,Briefs,4,248
United States,224,Wallet,10,248
France,201,Underwear,9,250
Japan,203,Sandals,5,250
United States,210,T-shirts,3,250
China,214,Suits,1,250
Korea,214,Suits,9,250
Japan,220,Bow-ties,5,250
Korea,224,Wallet,10,250
Iran,225,Cap,9,250
China,208,Gowns,9,251
India,209,Dresses,6,251
Iran,217,Ties,7,251
Russia,200,Jeans,1,252
Brazil,205,Socks,3,252
China,205,Socks,7,252
Japan,206,Swimwear,6,252
Ireland,208,Gowns,1,252
United States,217,Ties,1,252
Russia,224,Wallet,5,252
Ireland,201,Underwear,1,253
Japan,208,Gowns,4,253
Korea,219,Boxers,3,253
Japan,221,Scarves,8,253
Mexico,223,Belts,4,253
Japan,224,Wallet,7,253
India,225,Cap,6,253
United States,225,Cap,3,253
China,203,Sandals,9,254
Japan,206,Swimwear,10,254
China,221,Scarves,9,254
Iran,222,Earrings,6,254
Great Britain,208,Gowns,8,255
Russia,208,Gowns,4,255
Ireland,224,Wallet,5,255
Mexico,224,Wallet,7,255
Great Britain,202,Shoes,8,256
Russia,216,Coats,10,256
Great Britain,218,Briefs,1,257
Ireland,221,Scarves,2,257
Ireland,204,Formal Wear,1,258
Great Britain,207,Kahkis,2,258
Japan,209,Dresses,9,259
Ukraine,214,Suits,14,259
Great Britain,220,Bow-ties,6,259
Korea,224,Wallet,6,259
Korea,209,Dresses,4,260
France,216,Coats,9,260
Japan,217,Ties,9,260
Korea,200,Jeans,8,261
Russia,203,Sandals,3,261
United States,206,Swimwear,4,261
Russia,209,Dresses,8,261
Korea,212,Sunglasses,8,261
Ukraine,213,Tracksuit,1,261
Japan,215,Jackets,1,261
Brazil,217,Ties,5,261
United States,218,Briefs,3,261
Mexico,209,Dresses,8,262
China,213,Tracksuit,2,262
Great Britain,215,Jackets,4,262
Ukraine,224,Wallet,7,262
Brazil,204,Formal Wear,4,263
Korea,206,Swimwear,3,263
Japan,209,Dresses,3,263
Ireland,210,T-shirts,3,263
Ukraine,224,Wallet,2,263
Korea,226,Watch,7,263
Ukraine,208,Gowns,10,264
Mexico,200,Jeans,2,265
Ireland,207,Kahkis,7,265
Iran,212,Sunglasses,2,265
Korea,213,Tracksuit,8,265
Russia,213,Tracksuit,10,265
Brazil,214,Suits,4,265
Brazil,216,Coats,5,265
Brazil,224,Wallet,10,265
Mexico,218,Briefs,8,266
United States,220,Bow-ties,6,266
Iran,226,Watch,4,266
Brazil,202,Shoes,7,267
Ireland,212,Sunglasses,4,267
Germany,219,Boxers,5,267
Ukraine,219,Boxers,6,267
Germany,223,Belts,10,267
France,225,Cap,6,267
India,202,Shoes,10,268
Ireland,214,Suits,8,268
France,218,Briefs,7,268
Korea,209,Dresses,9,269
France,216,Coats,1,269
Great Britain,217,Ties,4,269
Mexico,224,Wallet,7,269
Great Britain,226,Watch,4,269
Korea,211,Glasses,4,270
Australia,215,Jackets,2,270
Brazil,217,Ties,5,270
Korea,224,Wallet,10,270
Mexico,224,Wallet,6,270
Germany,204,Formal Wear,9,271
Great Britain,205,Socks,3,271
Brazil,215,Jackets,9,271
France,220,Bow-ties,3,271
Great Britain,203,Sandals,8,274
Korea,207,Kahkis,6,274
Russia,216,Coats,6,274
Brazil,219,Boxers,4,274
Ukraine,221,Scarves,4,274
Great Britain,222,Earrings,6,274
Japan,224,Wallet,10,274
Great Britain,226,Watch,4,274
United States,200,Jeans,7,275
Japan,202,Shoes,4,275
Mexico,202,Shoes,4,275
Iran,208,Gowns,1,275
China,209,Dresses,1,275
Russia,212,Sunglasses,9,275
Australia,213,Tracksuit,6,275
Great Britain,215,Jackets,3,275
China,217,Ties,1,275
Great Britain,218,Briefs,3,275
United States,220,Bow-ties,3,275
Ireland,224,Wallet,1,275
Germany,226,Watch,9,275
Great Britain,226,Watch,4,275
France,200,Jeans,1,276
China,202,Shoes,4,276
Japan,205,Socks,5,276
Russia,206,Swimwear,5,276
Korea,207,Kahkis,1,276
Russia,209,Dresses,10,276
Japan,220,Bow-ties,1,276
France,222,Earrings,3,276
India,223,Belts,9,276
Great Britain,225,Cap,6,276
Ireland,225,Cap,5,276
Mexico,201,Underwear,6,277
India,203,Sandals,2,277
Australia,204,Formal Wear,1,277
Ireland,208,Gowns,8,277
Mexico,209,Dresses,5,277
Germany,210,T-shirts,3,277
Australia,212,Sunglasses,1,277
United States,212,Sunglasses,1,277
Germany,213,Tracksuit,5,277
Australia,215,Jackets,1,277
China,215,Jackets,5,277
Australia,216,Coats,3,277
Ukraine,224,Wallet,4,277
Ireland,225,Cap,10,277
Australia,200,Jeans,6,278
Brazil,202,Shoes,8,278
Iran,204,Formal Wear,5,278
Korea,204,Formal Wear,7,278
Mexico,205,Socks,6,278
China,208,Gowns,6,278
Brazil,213,Tracksuit,6,278
Russia,216,Coats,9,278
Russia,200,Jeans,4,279
China,201,Underwear,8,279
Russia,202,Shoes,5,279
China,203,Sandals,8,279
Germany,203,Sandals,8,279
Ireland,204,Formal Wear,1,279
Korea,207,Kahkis,4,279
Great Britain,208,Gowns,8,279
Germany,213,Tracksuit,6,279
France,222,Earrings,7,279
Russia,202,Shoes,1,280
France,204,Formal Wear,10,280
India,205,Socks,4,280
Japan,205,Socks,2,280
United States,205,Socks,10,280
Iran,207,Kahkis,8,280
India,208,Gowns,10,280
Mexico,209,Dresses,7,280
China,211,Glasses,5,280
Japan,212,Sunglasses,8,280
Korea,213,Tracksuit,6,280
Russia,215,Jackets,10,280
United States,215,Jackets,3,280
Australia,216,Coats,4,280
Japan,217,Ties,3,280
India,218,Briefs,3,280
Japan,219,Boxers,2,280
Korea,224,Wallet,3,280
Russia,225,Cap,6,280
India,226,Watch,5,280
China,201,Underwear,6,281
Great Britain,204,Formal Wear,6,281
United States,205,Socks,3,281
Germany,206,Swimwear,5,281
India,207,Kahkis,1,281
United States,208,Gowns,3,281
Russia,209,Dresses,4,281
Ukraine,209,Dresses,5,281
India,210,T-shirts,4,281
Korea,211,Glasses,3,281
Brazil,217,Ties,8,281
Brazil,220,Bow-ties,6,281
Korea,222,Earrings,2,281
Australia,224,Wallet,4,281
Iran,225,Cap,2,281
China,200,Jeans,8,282
United States,203,Sandals,1,282
Ukraine,204,Formal Wear,10,282
Germany,208,Gowns,1,282
Australia,209,Dresses,3,282
Russia,210,T-shirts,2,282
Iran,211,Glasses,4,282
Japan,212,Sunglasses,4,282
Iran,218,Briefs,4,282
France,222,Earrings,2,282
Ukraine,223,Belts,3,282
Korea,224,Wallet,7,282
Brazil,204,Formal Wear,1,283
Great Britain,204,Formal Wear,7,283
Iran,205,Socks,9,283
Japan,206,Swimwear,10,283
Brazil,209,Dresses,7,283
Ukraine,212,Sunglasses,6,283
China,214,Suits,2,283
Germany,216,Coats,9,283
Germany,217,Ties,8,283
Great Britain,219,Boxers,8,283
Australia,221,Scarves,2,283
China,221,Scarves,2,283
China,222,Earrings,3,283
China,226,Watch,6,283
Great Britain,200,Jeans,9,284
United States,200,Jeans,6,284
Brazil,206,Swimwear,1,284
Mexico,206,Swimwear,3,284
Great Britain,209,Dresses,2,284
Ukraine,212,Sunglasses,4,284
Ukraine,213,Tracksuit,2,284
Australia,217,Ties,11,284
China,217,Ties,8,284
Brazil,218,Briefs,1,284
China,218,Briefs,5,284
Korea,222,Earrings,2,284
China,223,Belts,5,284
Ukraine,224,Wallet,1,284
France,226,Watch,3,284
Germany,200,Jeans,9,285
Iran,200,Jeans,10,285
Mexico,203,Sandals,1,285
Brazil,204,Formal Wear,8,285
France,205,Socks,2,285
France,206,Swimwear,2,285
Japan,206,Swimwear,9,285
France,207,Kahkis,2,285
Mexico,207,Kahkis,10,285
Korea,209,Dresses,4,285
China,210,T-shirts,19,285
Japan,210,T-shirts,6,285
Iran,211,Glasses,4,285
Russia,213,Tracksuit,4,285
Mexico,217,Ties,6,285
Australia,218,Briefs,4,285
Ireland,218,Briefs,9,285
Germany,220,Bow-ties,2,285
Germany,221,Scarves,9,285
Brazil,223,Belts,5,285
Iran,224,Wallet,3,285
Korea,224,Wallet,4,285
Iran,204,Formal Wear,9,286
Iran,207,Kahkis,2,286
Korea,208,Gowns,8,286
Brazil,210,T-shirts,7,286
Ireland,212,Sunglasses,9,286
Australia,213,Tracksuit,8,286
Russia,216,Coats,5,286
India,220,Bow-ties,2,286
China,222,Earrings,1,286
Germany,225,Cap,3,286
Korea,225,Cap,9,286
India,203,Sandals,3,287
Russia,203,Sandals,10,287
India,204,Formal Wear,3,287
Ukraine,204,Formal Wear,8,287
Ireland,205,Socks,7,287
Mexico,205,Socks,6,287
Germany,206,Swimwear,7,287
Great Britain,207,Kahkis,5,287
Brazil,209,Dresses,10,287
France,210,T-shirts,8,287
Korea,210,T-shirts,4,287
Germany,211,Glasses,4,287
Brazil,214,Suits,1,287
Iran,218,Briefs,4,287
Iran,219,Boxers,9,287
Japan,223,Belts,10,287
Mexico,226,Watch,10,287
Iran,201,Underwear,4,288
Brazil,203,Sandals,9,288
United States,205,Socks,9,288
United States,211,Glasses,8,288
Mexico,214,Suits,1,288
Great Britain,219,Boxers,2,288
Japan,219,Boxers,2,288
Brazil,222,Earrings,9,288
Ireland,222,Earrings,7,288
Korea,222,Earrings,10,288
Mexico,224,Wallet,1,288
Ukraine,225,Cap,2,288
Mexico,200,Jeans,2,289
Brazil,202,Shoes,1,289
Brazil,204,Formal Wear,3,289
Australia,205,Socks,4,289
Brazil,205,Socks,1,289
India,206,Swimwear,2,289
Mexico,208,Gowns,4,289
India,214,Suits,10,289
France,215,Jackets,7,289
Ireland,216,Coats,9,289
France,223,Belts,10,289
Russia,203,Sandals,4,290
Germany,211,Glasses,5,290
Brazil,213,Tracksuit,5,290
Russia,213,Tracksuit,3,290
Ireland,215,Jackets,15,290
Germany,216,Coats,6,290
Ireland,217,Ties,5,290
India,218,Briefs,6,290
Iran,224,Wallet,1,290
Russia,200,Jeans,10,291
Iran,201,Underwear,9,291
Australia,203,Sandals,2,291
France,203,Sandals,3,291
Germany,203,Sandals,6,291
Korea,207,Kahkis,4,291
Germany,209,Dresses,6,291
Brazil,216,Coats,10,291
France,216,Coats,8,291
France,218,Briefs,8,291
Germany,220,Bow-ties,7,291
Brazil,224,Wallet,3,291
France,224,Wallet,10,291
Japan,224,Wallet,5,291
United States,225,Cap,2,291
Korea,226,Watch,5,291
India,200,Jeans,5,292
Germany,210,T-shirts,2,292
Russia,210,T-shirts,1,292
United States,211,Glasses,3,292
Japan,213,Tracksuit,6,292
India,215,Jackets,5,292
United States,216,Coats,9,292
Germany,217,Ties,6,292
Mexico,218,Briefs,5,292
Australia,219,Boxers,9,292
Mexico,222,Earrings,2,292
Iran,223,Belts,5,292
Ireland,225,Cap,8,292
China,204,Formal Wear,6,293
Germany,204,Formal Wear,4,293
Iran,204,Formal Wear,10,293
Russia,208,Gowns,8,293
Germany,211,Glasses,2,293
Brazil,216,Coats,2,293
Australia,217,Ties,5,293
Great Britain,222,Earrings,6,293
Australia,223,Belts,5,293
Germany,224,Wallet,8,293
India,224,Wallet,10,293
Russia,225,Cap,8,293
Ireland,203,Sandals,8,294
Korea,204,Formal Wear,5,294
Russia,204,Formal Wear,10,294
France,210,T-shirts,7,294
France,214,Suits,5,294
Ireland,214,Suits,4,294
India,216,Coats,5,294
Germany,218,Briefs,9,294
Japan,218,Briefs,2,294
Russia,221,Scarves,4,294
United States,225,Cap,10,294
Iran,200,Jeans,4,295
Japan,200,Jeans,10,295
Germany,201,Underwear,4,295
China,204,Formal Wear,2,295
United States,207,Kahkis,5,295
China,213,Tracksuit,8,295
Germany,217,Ties,10,295
Japan,218,Briefs,10,295
Iran,226,Watch,7,295
United States,226,Watch,5,295
Great Britain,206,Swimwear,1,296
France,209,Dresses,2,296
India,209,Dresses,6,296
Ukraine,210,T-shirts,8,296
Korea,212,Sunglasses,4,296
Brazil,213,Tracksuit,3,296
France,214,Suits,7,296
Mexico,223,Belts,10,296
Russia,224,Wallet,5,296
Ireland,226,Watch,1,296
Japan,203,Sandals,5,297
Japan,207,Kahkis,7,297
Russia,207,Kahkis,5,297
Brazil,208,Gowns,1,297
China,212,Sunglasses,9,297
Russia,212,Sunglasses,5,297
United States,216,Coats,2,297
Ukraine,218,Briefs,5,297
Iran,220,Bow-ties,8,297
Great Britain,222,Earrings,8,297
Ukraine,225,Cap,9,297
Australia,203,Sandals,8,298
Ireland,204,Formal Wear,3,298
Ireland,205,Socks,6,298
United States,207,Kahkis,5,298
Germany,208,Gowns,8,298
Ukraine,210,T-shirts,10,298
Brazil,211,Glasses,4,298
India,212,Sunglasses,4,298
Russia,217,Ties,9,298
Australia,219,Boxers,2,298
Russia,221,Scarves,1,298
Korea,223,Belts,3,298
France,225,Cap,1,298
Germany,200,Jeans,5,299
Germany,201,Underwear,10,299
Russia,201,Underwear,2,299
Japan,203,Sandals,1,299
Korea,204,Formal Wear,5,299
Brazil,206,Swimwear,10,299
China,206,Swimwear,2,299
United States,206,Swimwear,5,299
Iran,211,Glasses,6,299
Germany,213,Tracksuit,5,299
Ukraine,215,Jackets,5,299
Iran,218,Briefs,4,299
Australia,222,Earrings,6,299
Ireland,222,Earrings,7,299
Brazil,202,Shoes,5,300
Ukraine,202,Shoes,7,300
Ukraine,204,Formal Wear,1,300
India,205,Socks,10,300
China,206,Swimwear,7,300
Iran,206,Swimwear,3,300
Ukraine,207,Kahkis,4,300
Ukraine,210,T-shirts,2,300
United States,212,Sunglasses,6,300
Germany,215,Jackets,8,300
Brazil,217,Ties,10,300
Great Britain,223,Belts,8,300
Brazil,225,Cap,3,300
Germany,201,Underwear,7,301
Brazil,202,Shoes,9,301
Germany,204,Formal Wear,7,301
Japan,207,Kahkis,1,301
India,213,Tracksuit,4,301
China,215,Jackets,4,301
Iran,215,Jackets,1,301
Great Britain,216,Coats,9,301
India,216,Coats,5,301
Ireland,216,Coats,9,301
Ireland,217,Ties,9,301
Brazil,218,Briefs,10,301
Iran,219,Boxers,6,301
Ireland,220,Bow-ties,1,301
Germany,221,Scarves,3,301
France,200,Jeans,7,305
Germany,200,Jeans,5,305
Ukraine,202,Shoes,7,305
France,203,Sandals,9,305
Great Britain,203,Sandals,13,305
Iran,203,Sandals,5,305
Mexico,203,Sandals,6,305
France,204,Formal Wear,8,305
India,205,Socks,9,305
Iran,205,Socks,10,305
Japan,205,Socks,10,305
Ireland,206,Swimwear,7,305
United States,206,Swimwear,5,305
Ireland,208,Gowns,6,305
Korea,208,Gowns,3,305
Mexico,208,Gowns,4,305
Russia,208,Gowns,7,305
France,211,Glasses,9,305
Korea,211,Glasses,1,305
Great Britain,212,Sunglasses,6,305
Iran,213,Tracksuit,5,305
Iran,216,Coats,6,305
Great Britain,218,Briefs,3,305
Brazil,219,Boxers,5,305
Ireland,219,Boxers,9,305
Ireland,220,Bow-ties,2,305
Ireland,221,Scarves,7,305
United States,223,Belts,5,305
India,225,Cap,4,305
Russia,226,Watch,7,305
Japan,200,Jeans,9,306
United States,200,Jeans,7,306
Ukraine,201,Underwear,2,306
Japan,204,Formal Wear,6,306
Iran,205,Socks,9,306
United States,206,Swimwear,9,306
Ireland,207,Kahkis,6,306
Mexico,207,Kahkis,10,306
Germany,208,Gowns,9,306
Korea,208,Gowns,7,306
Korea,210,T-shirts,9,306
Germany,211,Glasses,4,306
India,212,Sunglasses,9,306
United States,214,Suits,4,306
China,215,Jackets,6,306
Ireland,215,Jackets,4,306
Ireland,216,Coats,4,306
India,217,Ties,3,306
Great Britain,218,Briefs,9,306
Brazil,220,Bow-ties,2,306
Russia,220,Bow-ties,5,306
United States,221,Scarves,2,306
Germany,222,Earrings,9,306
Ireland,223,Belts,6,306
Japan,224,Wallet,1,306
Ukraine,224,Wallet,8,306
Germany,204,Formal Wear,8,307
Iran,204,Formal Wear,3,307
China,207,Kahkis,5,307
Brazil,208,Gowns,1,307
Ireland,210,T-shirts,7,307
Australia,214,Suits,12,307
Russia,214,Suits,6,307
Great Britain,215,Jackets,4,307
United States,216,Coats,2,307
Iran,218,Briefs,7,307
Ireland,218,Briefs,7,307
Australia,219,Boxers,5,307
Ireland,220,Bow-ties,10,307
Iran,221,Scarves,8,307
Russia,221,Scarves,8,307
Brazil,223,Belts,1,307
Korea,225,Cap,5,307
Japan,202,Shoes,6,308
Russia,203,Sandals,8,308
Japan,204,Formal Wear,7,308
France,205,Socks,9,308
United States,206,Swimwear,6,308
Mexico,207,Kahkis,7,308
Germany,208,Gowns,5,308
Brazil,209,Dresses,8,308
Korea,209,Dresses,7,308
United States,209,Dresses,2,308
Great Britain,212,Sunglasses,1,308
Korea,215,Jackets,10,308
Japan,216,Coats,4,308
United States,216,Coats,7,308
Australia,218,Briefs,7,308
India,218,Briefs,10,308
Ukraine,219,Boxers,18,308
Iran,221,Scarves,4,308
Russia,221,Scarves,5,308
China,222,Earrings,2,308
France,223,Belts,9,308
Brazil,224,Wallet,5,308
China,224,Wallet,1,308
Ireland,225,Cap,3,308
Russia,225,Cap,5,308
Ukraine,225,Cap,6,308
Germany,226,Watch,7,308
Brazil,200,Jeans,2,309
Japan,200,Jeans,8,309
United States,200,Jeans,1,309
Germany,203,Sandals,7,309
Australia,204,Formal Wear,9,309
Great Britain,204,Formal Wear,9,309
Japan,204,Formal Wear,9,309
China,205,Socks,3,309
Iran,206,Swimwear,2,309
France,207,Kahkis,4,309
India,208,Gowns,7,309
Iran,210,T-shirts,5,309
France,212,Sunglasses,10,309
Ireland,214,Suits,9,309
Mexico,217,Ties,7,309
Brazil,218,Briefs,2,309
India,219,Boxers,7,309
Ireland,221,Scarves,9,309
Japan,222,Earrings,2,309
Australia,224,Wallet,9,309
Australia,225,Cap,9,309
Japan,225,Cap,16,309
Russia,201,Underwear,5,310
Brazil,203,Sandals,4,310
Ireland,203,Sandals,10,310
India,204,Formal Wear,3,310
Germany,205,Socks,8,310
Iran,205,Socks,6,310
Mexico,207,Kahkis,6,310
Mexico,208,Gowns,1,310
China,209,Dresses,4,310
Australia,210,T-shirts,10,310
Ukraine,210,T-shirts,2,310
Great Britain,211,Glasses,7,310
Ukraine,211,Glasses,5,310
India,212,Sunglasses,6,310
Ukraine,213,Tracksuit,5,310
Ireland,216,Coats,10,310
Germany,219,Boxers,9,310
Australia,220,Bow-ties,7,310
Russia,220,Bow-ties,1,310
United States,221,Scarves,4,310
Germany,223,Belts,10,310
China,202,Shoes,10,311
Germany,204,Formal Wear,5,311
Australia,205,Socks,8,311
Ukraine,206,Swimwear,1,311
United States,207,Kahkis,3,311
Iran,209,Dresses,8,311
United States,209,Dresses,10,311
Brazil,211,Glasses,4,311
Great Britain,211,Glasses,1,311
Iran,211,Glasses,8,311
Korea,211,Glasses,9,311
Australia,212,Sunglasses,8,311
Russia,212,Sunglasses,8,311
India,214,Suits,5,311
Mexico,214,Suits,1,311
Russia,215,Jackets,7,311
Mexico,216,Coats,9,311
Russia,216,Coats,6,311
Germany,218,Briefs,4,311
India,218,Briefs,10,311
Germany,219,Boxers,4,311
Ireland,220,Bow-ties,5,311
China,221,Scarves,10,311
Germany,221,Scarves,6,311
Japan,223,Belts,4,311
United States,225,Cap,2,311
Mexico,226,Watch,2,311
Ireland,201,Underwear,9,312
China,203,Sandals,8,312
Ukraine,204,Formal Wear,9,312
Germany,205,Socks,9,312
Great Britain,206,Swimwear,5,312
Australia,207,Kahkis,7,312
Great Britain,210,T-shirts,5,312
France,211,Glasses,7,312
Mexico,211,Glasses,3,312
Iran,212,Sunglasses,7,312
Ukraine,212,Sunglasses,9,312
Germany,214,Suits,4,312
China,215,Jackets,8,312
Russia,215,Jackets,10,312
Ireland,218,Briefs,9,312
Russia,218,Briefs,4,312
Brazil,220,Bow-ties,5,312
Korea,220,Bow-ties,3,312
Brazil,221,Scarves,2,312
Japan,221,Scarves,3,312
United States,221,Scarves,5,312
India,222,Earrings,4,312
United States,223,Belts,5,312
France,225,Cap,6,312
Germany,200,Jeans,9,313
Brazil,201,Underwear,9,313
Ukraine,201,Underwear,3,313
France,203,Sandals,2,313
Germany,204,Formal Wear,4,313
Korea,204,Formal Wear,7,313
Australia,205,Socks,9,313
China,206,Swimwear,16,313
Germany,206,Swimwear,1,313
Mexico,207,Kahkis,10,313
France,209,Dresses,9,313
India,210,T-shirts,6,313
Japan,210,T-shirts,9,313
Japan,211,Glasses,6,313
Ukraine,213,Tracksuit,3,313
France,214,Suits,10,313
Japan,216,Coats,6,313
Australia,217,Ties,8,313
China,217,Ties,7,313
Ireland,217,Ties,9,313
Great Britain,218,Briefs,8,313
Ireland,218,Briefs,1,313
China,219,Boxers,8,313
Ukraine,219,Boxers,3,313
Korea,220,Bow-ties,2,313
Ukraine,220,Bow-ties,3,313
Russia,221,Scarves,5,313
United States,222,Earrings,5,313
Iran,223,Belts,9,313
Japan,223,Belts,10,313
China,224,Wallet,7,313
Great Britain,226,Watch,8,313
Japan,226,Watch,2,313
United States,201,Underwear,2,314
Russia,202,Shoes,9,314
United States,202,Shoes,2,314
Japan,205,Socks,1,314
India,206,Swimwear,3,314
Ireland,207,Kahkis,7,314
Ukraine,208,Gowns,9,314
Australia,211,Glasses,10,314
United States,211,Glasses,2,314
Japan,213,Tracksuit,3,314
Iran,215,Jackets,7,314
Australia,216,Coats,7,314
India,216,Coats,4,314
Iran,216,Coats,8,314
Ukraine,217,Ties,1,314
Germany,218,Briefs,9,314
Japan,219,Boxers,3,314
Australia,220,Bow-ties,4,314
Germany,220,Bow-ties,9,314
Ireland,220,Bow-ties,10,314
Iran,221,Scarves,10,314
Korea,221,Scarves,3,314
China,222,Earrings,1,314
France,200,Jeans,6,315
Germany,201,Underwear,3,315
Korea,202,Shoes,9,315
Ukraine,202,Shoes,5,315
Ukraine,204,Formal Wear,6,315
Korea,205,Socks,1,315
Great Britain,206,Swimwear,12,315
India,206,Swimwear,8,315
China,207,Kahkis,4,315
Germany,208,Gowns,6,315
India,208,Gowns,5,315
Russia,208,Gowns,10,315
China,209,Dresses,4,315
Korea,210,T-shirts,6,315
Russia,214,Suits,1,315
Korea,216,Coats,7,315
France,217,Ties,6,315
Mexico,218,Briefs,7,315
India,220,Bow-ties,9,315
Great Britain,222,Earrings,1,315
France,223,Belts,1,315
China,224,Wallet,9,315
Iran,226,Watch,6,315
Australia,200,Jeans,4,316
Great Britain,201,Underwear,2,316
Mexico,201,Underwear,3,316
Ukraine,201,Underwear,10,316
Russia,204,Formal Wear,6,316
Brazil,206,Swimwear,6,316
Brazil,207,Kahkis,6,316
Mexico,208,Gowns,1,316
Iran,211,Glasses,18,316
Iran,213,Tracksuit,9,316
Iran,215,Jackets,5,316
Brazil,217,Ties,10,316
Japan,221,Scarves,3,316
Ukraine,222,Earrings,10,316
Germany,223,Belts,7,316
Iran,223,Belts,8,316
Russia,223,Belts,7,316
United States,223,Belts,6,316
Germany,224,Wallet,3,316
China,225,Cap,10,316
Mexico,225,Cap,8,316
India,226,Watch,5,316
Brazil,200,Jeans,10,317
France,201,Underwear,5,317
United States,201,Underwear,8,317
Australia,203,Sandals,2,317
France,203,Sandals,4,317
United States,204,Formal Wear,1,317
Iran,205,Socks,10,317
Germany,206,Swimwear,8,317
France,209,Dresses,7,317
Brazil,210,T-shirts,3,317
Mexico,210,T-shirts,4,317
China,211,Glasses,4,317
Great Britain,212,Sunglasses,2,317
Ukraine,220,Bow-ties,3,317
Ukraine,222,Earrings,6,317
Ireland,224,Wallet,3,317
Japan,224,Wallet,3,317
Brazil,225,Cap,7,317
Australia,202,Shoes,9,318
Germany,203,Sandals,9,318
Ireland,205,Socks,6,318
Russia,205,Socks,10,318
China,207,Kahkis,5,318
Japan,207,Kahkis,1,318
Russia,209,Dresses,8,318
Ireland,210,T-shirts,4,318
Mexico,210,T-shirts,10,318
Brazil,212,Sunglasses,7,318
Japan,213,Tracksuit,9,318
India,214,Suits,7,318
Australia,215,Jackets,8,318
India,215,Jackets,2,318
Korea,215,Jackets,10,318
France,217,Ties,7,318
Ukraine,217,Ties,8,318
Great Britain,222,Earrings,1,318
Japan,222,Earrings,4,318
Iran,224,Wallet,2,318
United States,225,Cap,3,318
Australia,201,Underwear,4,319
China,202,Shoes,1,319
Korea,203,Sandals,4,319
Iran,205,Socks,1,319
Great Britain,207,Kahkis,2,319
Australia,208,Gowns,4,319
Germany,208,Gowns,2,319
Great Britain,209,Dresses,5,319
India,210,T-shirts,6,319
Iran,214,Suits,5,319
China,215,Jackets,1,319
Ireland,217,Ties,9,319
Mexico,219,Boxers,8,319
Japan,221,Scarves,1,319
China,224,Wallet,6,319
Great Britain,203,Sandals,7,320
India,204,Formal Wear,8,320
Korea,204,Formal Wear,1,320
Ireland,205,Socks,5,320
United States,207,Kahkis,9,320
Iran,209,Dresses,10,320
Germany,213,Tracksuit,4,320
Mexico,215,Jackets,2,320
Ukraine,217,Ties,7,320
Korea,219,Boxers,1,320
Ukraine,219,Boxers,10,320
Ireland,222,Earrings,1,320
France,224,Wallet,5,320
India,226,Watch,8,320
Russia,200,Jeans,10,321
Australia,201,Underwear,6,321
France,201,Underwear,6,321
Australia,202,Shoes,3,321
United States,202,Shoes,6,321
Germany,204,Formal Wear,10,321
India,205,Socks,9,321
Japan,205,Socks,4,321
United States,206,Swimwear,7,321
China,211,Glasses,10,321
Iran,212,Sunglasses,8,321
Russia,215,Jackets,7,321
United States,215,Jackets,9,321
Ukraine,216,Coats,8,321
Ukraine,217,Ties,4,321
India,218,Briefs,9,321
China,219,Boxers,4,321
Japan,221,Scarves,4,321
Ukraine,221,Scarves,2,321
France,222,Earrings,6,321
Germany,222,Earrings,1,321
Germany,223,Belts,1,321
United States,224,Wallet,3,321
Russia,225,Cap,10,321
United States,201,Underwear,9,322
United States,203,Sandals,9,322
France,205,Socks,1,322
Korea,207,Kahkis,1,322
Russia,207,Kahkis,6,322
Russia,208,Gowns,10,322
Brazil,210,T-shirts,2,322
Germany,213,Tracksuit,9,322
Brazil,215,Jackets,5,322
Great Britain,215,Jackets,6,322
Australia,216,Coats,4,322
Mexico,218,Briefs,9,322
Australia,219,Boxers,10,322
Mexico,219,Boxers,6,322
Korea,220,Bow-ties,6,322
China,221,Scarves,7,322
Japan,221,Scarves,4,322
Australia,222,Earrings,10,322
Ireland,222,Earrings,5,322
India,223,Belts,5,322
Ireland,223,Belts,8,322
Ukraine,223,Belts,7,322
India,224,Wallet,7,322
Japan,226,Watch,10,322
Korea,201,Underwear,10,323
Russia,204,Formal Wear,2,323
Great Britain,206,Swimwear,9,323
Mexico,207,Kahkis,1,323
Mexico,210,T-shirts,3,323
Ukraine,213,Tracksuit,6,323
India,215,Jackets,7,323
Mexico,216,Coats,3,323
China,218,Briefs,2,323
China,221,Scarves,10,323
Korea,225,Cap,3,323
Russia,200,Jeans,3,324
China,201,Underwear,4,324
Great Britain,201,Underwear,4,324
Japan,201,Underwear,8,324
Russia,201,Underwear,5,324
Australia,202,Shoes,2,324
Mexico,204,Formal Wear,10,324
India,206,Swimwear,9,324
Brazil,207,Kahkis,3,324
Japan,208,Gowns,3,324
Great Britain,209,Dresses,4,324
Mexico,209,Dresses,7,324
Russia,212,Sunglasses,5,324
Australia,213,Tracksuit,3,324
Mexico,213,Tracksuit,5,324
Australia,214,Suits,9,324
China,215,Jackets,4,324
France,218,Briefs,10,324
Japan,219,Boxers,4,324
Ireland,220,Bow-ties,4,324
Mexico,224,Wallet,4,324
China,225,Cap,1,324
China,200,Jeans,2,325
Ukraine,200,Jeans,6,325
Japan,201,Underwear,10,325
Japan,204,Formal Wear,8,325
Australia,206,Swimwear,1,325
Iran,206,Swimwear,9,325
Korea,206,Swimwear,6,325
China,208,Gowns,5,325
France,213,Tracksuit,4,325
Ukraine,213,Tracksuit,6,325
India,214,Suits,2,325
Iran,214,Suits,4,325
Russia,215,Jackets,7,325
Australia,216,Coats,9,325
India,217,Ties,7,325
France,219,Boxers,6,325
Mexico,221,Scarves,8,325
Ukraine,221,Scarves,1,325
Japan,222,Earrings,2,325
China,223,Belts,8,325
India,223,Belts,2,325
India,225,Cap,3,325
Germany,226,Watch,1,325
Ireland,200,Jeans,1,326
Ireland,202,Shoes,3,326
Australia,203,Sandals,3,326
India,203,Sandals,10,326
Mexico,203,Sandals,5,326
France,204,Formal Wear,6,326
Iran,204,Formal Wear,3,326
Germany,208,Gowns,6,326
India,209,Dresses,4,326
Japan,209,Dresses,7,326
Brazil,210,T-shirts,2,326
Iran,210,T-shirts,17,326
India,211,Glasses,7,326
Korea,214,Suits,2,326
Russia,214,Suits,1,326
India,215,Jackets,7,326
Great Britain,217,Ties,16,326
Brazil,222,Earrings,1,326
Japan,224,Wallet,3,326
Korea,224,Wallet,2,326
China,201,Underwear,10,327
Ukraine,202,Shoes,4,327
United States,202,Shoes,9,327
Iran,204,Formal Wear,5,327
Japan,204,Formal Wear,1,327
Germany,206,Swimwear,9,327
India,207,Kahkis,2,327
Japan,208,Gowns,3,327
Brazil,210,T-shirts,4,327
Japan,210,T-shirts,8,327
Great Britain,211,Glasses,7,327
Brazil,214,Suits,3,327
Iran,215,Jackets,8,327
Ireland,215,Jackets,6,327
Ukraine,215,Jackets,9,327
Germany,218,Briefs,8,327
Mexico,218,Briefs,18,327
Ukraine,218,Briefs,9,327
Iran,220,Bow-ties,4,327
Ukraine,220,Bow-ties,8,327
Australia,222,Earrings,10,327
Iran,222,Earrings,2,327
Great Britain,223,Belts,6,327
Russia,223,Belts,1,327
Ukraine,223,Belts,6,327
United States,223,Belts,6,327
France,224,Wallet,5,327
Japan,224,Wallet,5,327
Mexico,224,Wallet,10,327
Ireland,226,Watch,1,327
Australia,200,Jeans,1,328
Mexico,200,Jeans,2,328
Germany,201,Underwear,6,328
Great Britain,201,Underwear,6,328
Japan,201,Underwear,9,328
Iran,202,Shoes,7,328
Iran,203,Sandals,13,328
Ireland,203,Sandals,10,328
United States,203,Sandals,8,328
China,204,Formal Wear,3,328
Iran,204,Formal Wear,16,328
Mexico,206,Swimwear,1,328
Japan,210,T-shirts,3,328
India,211,Glasses,6,328
China,212,Sunglasses,3,328
India,212,Sunglasses,4,328
China,213,Tracksuit,2,328
Great Britain,213,Tracksuit,4,328
Mexico,213,Tracksuit,3,328
United States,213,Tracksuit,10,328
Australia,214,Suits,5,328
France,214,Suits,4,328
Ireland,214,Suits,6,328
Korea,215,Jackets,7,328
Australia,216,Coats,8,328
Ireland,218,Briefs,7,328
Ukraine,220,Bow-ties,5,328
Great Britain,221,Scarves,2,328
Ukraine,221,Scarves,10,328
Australia,222,Earrings,1,328
China,224,Wallet,6,328
Brazil,225,Cap,1,328
Germany,200,Jeans,3,329
Mexico,200,Jeans,2,329
China,201,Underwear,4,329
India,204,Formal Wear,8,329
Australia,205,Socks,6,329
United States,205,Socks,10,329
Ireland,206,Swimwear,17,329
Mexico,206,Swimwear,10,329
United States,210,T-shirts,5,329
Korea,211,Glasses,6,329
Russia,212,Sunglasses,10,329
Great Britain,216,Coats,8,329
Russia,216,Coats,8,329
Mexico,217,Ties,5,329
Ukraine,217,Ties,1,329
Ukraine,219,Boxers,1,329
Korea,221,Scarves,5,329
France,222,Earrings,9,329
France,223,Belts,10,329
Ukraine,223,Belts,3,329
Iran,225,Cap,6,329
Germany,203,Sandals,2,330
Japan,203,Sandals,8,330
Australia,204,Formal Wear,1,330
Ukraine,204,Formal Wear,4,330
France,205,Socks,10,330
Mexico,207,Kahkis,8,330
Ireland,208,Gowns,8,330
Australia,209,Dresses,10,330
Great Britain,211,Glasses,6,330
Korea,211,Glasses,6,330
India,212,Sunglasses,3,330
Great Britain,213,Tracksuit,3,330
United States,215,Jackets,3,330
Iran,216,Coats,4,330
Japan,216,Coats,7,330
Brazil,218,Briefs,1,330
Germany,219,Boxers,5,330
Ireland,220,Bow-ties,7,330
France,221,Scarves,3,330
Australia,223,Belts,1,330
Germany,223,Belts,15,330
United States,223,Belts,1,330
India,224,Wallet,6,330
Ukraine,224,Wallet,2,330
Brazil,225,Cap,9,330
India,226,Watch,8,330
France,203,Sandals,8,331
Ukraine,205,Socks,5,331
France,206,Swimwear,10,331
Russia,207,Kahkis,1,331
Great Britain,208,Gowns,8,331
Ireland,210,T-shirts,1,331
Great Britain,211,Glasses,6,331
Great Britain,215,Jackets,6,331
Russia,215,Jackets,3,331
Ukraine,216,Coats,6,331
United States,217,Ties,2,331
Brazil,220,Bow-ties,9,331
Great Britain,221,Scarves,4,331
India,222,Earrings,7,331
Korea,222,Earrings,3,331
Japan,223,Belts,4,331
Korea,224,Wallet,2,331
Mexico,224,Wallet,10,331
Russia,204,Formal Wear,1,332
Iran,207,Kahkis,3,332
Korea,209,Dresses,17,332
Great Britain,211,Glasses,2,332
Iran,211,Glasses,1,332
Iran,212,Sunglasses,2,332
Japan,212,Sunglasses,8,332
Mexico,212,Sunglasses,5,332
China,213,Tracksuit,4,332
India,213,Tracksuit,9,332
Ireland,214,Suits,2,332
Ukraine,214,Suits,3,332
Great Britain,215,Jackets,10,332
Ukraine,215,Jackets,8,332
Japan,219,Boxers,8,332
Mexico,219,Boxers,2,332
Great Britain,222,Earrings,6,332
Australia,223,Belts,7,332
United States,224,Wallet,2,332
China,225,Cap,2,332
Japan,225,Cap,1,332
Russia,225,Cap,10,332
France,226,Watch,10,332
Ukraine,226,Watch,3,332
Great Britain,200,Jeans,10,335
Australia,201,Underwear,3,335
Iran,202,Shoes,2,335
Iran,204,Formal Wear,1,335
Ireland,205,Socks,9,335
Japan,205,Socks,1,335
Australia,207,Kahkis,2,335
Ukraine,207,Kahkis,5,335
Great Britain,208,Gowns,10,335
Mexico,208,Gowns,6,335
Iran,209,Dresses,8,335
India,210,T-shirts,3,335
Australia,211,Glasses,6,335
Ireland,212,Sunglasses,10,335
Ukraine,212,Sunglasses,7,335
Australia,213,Tracksuit,2,335
Iran,214,Suits,3,335
Iran,216,Coats,9,335
Korea,218,Briefs,10,335
Great Britain,219,Boxers,6,335
Iran,219,Boxers,9,335
India,220,Bow-ties,4,335
Russia,220,Bow-ties,6,335
Iran,221,Scarves,5,335
France,222,Earrings,9,335
United States,222,Earrings,9,335
France,223,Belts,7,335
Germany,223,Belts,5,335
China,224,Wallet,7,335
France,224,Wallet,8,335
Korea,225,Cap,12,335
France,226,Watch,2,335
China,200,Jeans,4,336
India,200,Jeans,8,336
United States,200,Jeans,9,336
France,201,Underwear,7,336
Ireland,201,Underwear,4,336
Russia,201,Underwear,5,336
United States,201,Underwear,1,336
Japan,203,Sandals,8,336
Mexico,205,Socks,4,336
China,206,Swimwear,2,336
Japan,206,Swimwear,9,336
Great Britain,207,Kahkis,3,336
India,209,Dresses,7,336
United States,209,Dresses,10,336
Iran,210,T-shirts,4,336
Korea,210,T-shirts,7,336
Great Britain,211,Glasses,8,336
Ukraine,211,Glasses,6,336
India,212,Sunglasses,3,336
Ireland,212,Sunglasses,10,336
Russia,213,Tracksuit,5,336
Ukraine,213,Tracksuit,6,336
Korea,214,Suits,10,336
Brazil,215,Jackets,9,336
India,215,Jackets,7,336
Ireland,215,Jackets,6,336
France,216,Coats,5,336
Ukraine,216,Coats,9,336
Great Britain,217,Ties,2,336
United States,217,Ties,6,336
China,218,Briefs,5,336
Germany,219,Boxers,4,336
Ukraine,219,Boxers,1,336
France,220,Bow-ties,3,336
Japan,220,Bow-ties,8,336
Japan,221,Scarves,5,336
China,223,Belts,6,336
Russia,223,Belts,5,336
Japan,224,Wallet,5,336
United States,224,Wallet,1,336
Great Britain,225,Cap,2,336
Iran,225,Cap,3,336
Mexico,226,Watch,2,336
France,201,Underwear,6,337
India,201,Underwear,2,337
Mexico,201,Underwear,8,337
United States,202,Shoes,2,337
Germany,203,Sandals,10,337
Australia,204,Formal Wear,9,337
Ukraine,204,Formal Wear,2,337
India,208,Gowns,4,337
Australia,209,Dresses,6,337
India,210,T-shirts,7,337
Ireland,210,T-shirts,5,337
Russia,210,T-shirts,9,337
Ukraine,210,T-shirts,4,337
Australia,211,Glasses,7,337
Ireland,211,Glasses,9,337
Japan,211,Glasses,2,337
Ukraine,212,Sunglasses,9,337
Japan,213,Tracksuit,5,337
Ireland,214,Suits,9,337
Japan,215,Jackets,6,337
Great Britain,216,Coats,10,337
Mexico,220,Bow-ties,4,337
Ukraine,220,Bow-ties,4,337
Mexico,221,Scarves,4,337
Germany,222,Earrings,2,337
Great Britain,223,Belts,5,337
India,223,Belts,4,337
Mexico,223,Belts,10,337
China,224,Wallet,9,337
Ukraine,225,Cap,5,337
Germany,200,Jeans,2,338
Mexico,200,Jeans,4,338
China,201,Underwear,4,338
Germany,201,Underwear,7,338
Australia,202,Shoes,5,338
Mexico,202,Shoes,9,338
Russia,202,Shoes,1,338
Australia,204,Formal Wear,6,338
Japan,204,Formal Wear,8,338
Ireland,205,Socks,7,338
Ireland,207,Kahkis,10,338
Brazil,208,Gowns,3,338
China,208,Gowns,10,338
Korea,208,Gowns,1,338
Russia,208,Gowns,2,338
Ireland,209,Dresses,9,338
Korea,209,Dresses,2,338
France,210,T-shirts,5,338
Mexico,211,Glasses,5,338
China,213,Tracksuit,4,338
Brazil,214,Suits,1,338
Ireland,214,Suits,4,338
Australia,215,Jackets,7,338
Ireland,215,Jackets,10,338
France,216,Coats,5,338
Iran,216,Coats,10,338
France,217,Ties,4,338
Australia,218,Briefs,1,338
Brazil,219,Boxers,10,338
Germany,219,Boxers,1,338
Iran,219,Boxers,8,338
Korea,219,Boxers,10,338
Japan,221,Scarves,8,338
Russia,221,Scarves,3,338
France,222,Earrings,3,338
India,222,Earrings,7,338
Japan,222,Earrings,10,338
Korea,222,Earrings,9,338
Australia,223,Belts,1,338
Great Britain,223,Belts,9,338
Brazil,224,Wallet,3,338
Japan,224,Wallet,10,338
Ireland,225,Cap,7,338
Japan,226,Watch,2,338
Japan,200,Jeans,8,339
Russia,200,Jeans,7,339
United States,200,Jeans,10,339
China,201,Underwear,9,339
France,201,Underwear,8,339
Great Britain,201,Underwear,7,339
India,202,Shoes,4,339
Japan,202,Shoes,7,339
Great Britain,204,Formal Wear,7,339
Ireland,205,Socks,8,339
Mexico,205,Socks,7,339
China,206,Swimwear,7,339
Iran,206,Swimwear,9,339
Korea,206,Swimwear,5,339
United States,206,Swimwear,5,339
China,207,Kahkis,2,339
Great Britain,207,Kahkis,9,339
India,207,Kahkis,2,339
Ireland,207,Kahkis,4,339
Mexico,207,Kahkis,6,339
Japan,208,Gowns,11,339
Germany,209,Dresses,8,339
Ireland,209,Dresses,5,339
Ireland,211,Glasses,3,339
Korea,211,Glasses,2,339
United States,212,Sunglasses,2,339
Australia,213,Tracksuit,6,339
Germany,214,Suits,6,339
Great Britain,216,Coats,5,339
Iran,216,Coats,4,339
Australia,217,Ties,8,339
Ireland,217,Ties,10,339
Japan,217,Ties,2,339
Australia,218,Briefs,5,339
China,219,Boxers,1,339
Great Britain,219,Boxers,6,339
Ireland,219,Boxers,7,339
Germany,220,Bow-ties,1,339
Great Britain,220,Bow-ties,3,339
India,221,Scarves,6,339
Ukraine,221,Scarves,7,339
Korea,222,Earrings,8,339
United States,222,Earrings,6,339
Iran,223,Belts,2,339
Mexico,223,Belts,8,339
China,224,Wallet,15,339
Brazil,225,Cap,3,339
Korea,225,Cap,10,339
Japan,226,Watch,5,339
Russia,201,Underwear,3,340
Japan,203,Sandals,10,340
Germany,204,Formal Wear,6,340
Ireland,204,Formal Wear,2,340
Korea,204,Formal Wear,1,340
Russia,204,Formal Wear,3,340
India,205,Socks,5,340
Japan,206,Swimwear,3,340
Brazil,207,Kahkis,8,340
Australia,208,Gowns,9,340
China,208,Gowns,6,340
Ireland,208,Gowns,10,340
Brazil,209,Dresses,11,340
Great Britain,210,T-shirts,3,340
Iran,213,Tracksuit,5,340
Japan,213,Tracksuit,1,340
Brazil,214,Suits,9,340
Mexico,214,Suits,6,340
China,215,Jackets,2,340
Ireland,216,Coats,5,340
China,217,Ties,3,340
Australia,218,Briefs,6,340
India,218,Briefs,6,340
United States,220,Bow-ties,10,340
China,221,Scarves,9,340
Great Britain,221,Scarves,5,340
India,221,Scarves,9,340
Korea,221,Scarves,8,340
Russia,222,Earrings,1,340
Ireland,224,Wallet,3,340
Ukraine,224,Wallet,6,340
India,225,Cap,10,340
Brazil,226,Watch,3,340
Iran,226,Watch,8,340
Ukraine,200,Jeans,10,341
Australia,202,Shoes,7,341
Brazil,202,Shoes,1,341
Great Britain,202,Shoes,5,341
Mexico,202,Shoes,9,341
Germany,203,Sandals,9,341
Great Britain,203,Sandals,5,341
Korea,203,Sandals,2,341
Mexico,203,Sandals,6,341
France,207,Kahkis,3,341
Brazil,208,Gowns,10,341
Mexico,208,Gowns,10,341
Brazil,209,Dresses,7,341
France,209,Dresses,8,341
Russia,210,T-shirts,7,341
Germany,212,Sunglasses,2,341
Germany,213,Tracksuit,10,341
Brazil,216,Coats,9,341
China,216,Coats,6,341
Great Britain,216,Coats,9,341
Ireland,217,Ties,6,341
Russia,217,Ties,2,341
Brazil,219,Boxers,6,341
Great Britain,220,Bow-ties,4,341
United States,222,Earrings,5,341
Brazil,223,Belts,7,341
Ireland,223,Belts,5,341
China,224,Wallet,3,341
India,224,Wallet,10,341
Japan,224,Wallet,10,341
Mexico,225,Cap,3,341
Mexico,226,Watch,10,341
Ireland,200,Jeans,6,342
Korea,200,Jeans,5,342
Germany,202,Shoes,6,342
Japan,204,Formal Wear,4,342
Australia,205,Socks,8,342
France,205,Socks,2,342
Great Britain,205,Socks,9,342
Ireland,205,Socks,10,342
Korea,207,Kahkis,5,342
United States,207,Kahkis,9,342
India,208,Gowns,9,342
Iran,208,Gowns,10,342
Iran,209,Dresses,7,342
United States,211,Glasses,8,342
Brazil,213,Tracksuit,6,342
Australia,214,Suits,4,342
Australia,215,Jackets,7,342
China,216,Coats,9,342
United States,216,Coats,7,342
Australia,217,Ties,10,342
Brazil,217,Ties,7,342
Iran,217,Ties,10,342
France,219,Boxers,10,342
France,222,Earrings,6,342
Korea,223,Belts,10,342
Mexico,223,Belts,7,342
Ukraine,224,Wallet,4,342
Great Britain,225,Cap,2,342
Brazil,226,Watch,4,342
Ireland,226,Watch,5,342
Australia,200,Jeans,2,343
China,200,Jeans,9,343
Brazil,201,Underwear,10,343
Ireland,201,Underwear,4,343
United States,201,Underwear,6,343
Iran,202,Shoes,3,343
China,203,Sandals,8,343
Brazil,204,Formal Wear,4,343
France,206,Swimwear,2,343
France,208,Gowns,13,343
Mexico,208,Gowns,9,343
Ireland,209,Dresses,3,343
Mexico,210,T-shirts,8,343
China,211,Glasses,10,343
France,211,Glasses,4,343
Germany,211,Glasses,14,343
Korea,211,Glasses,4,343
India,212,Sunglasses,3,343
Iran,212,Sunglasses,5,343
Japan,212,Sunglasses,1,343
United States,212,Sunglasses,7,343
Australia,214,Suits,3,343
Iran,214,Suits,4,343
Great Britain,216,Coats,3,343
Korea,216,Coats,3,343
Ukraine,216,Coats,8,343
Germany,217,Ties,5,343
Ireland,217,Ties,9,343
Mexico,217,Ties,5,343
Ukraine,217,Ties,8,343
Australia,218,Briefs,13,343
France,218,Briefs,10,343
Great Britain,218,Briefs,10,343
Mexico,218,Briefs,10,343
Japan,220,Bow-ties,8,343
India,221,Scarves,8,343
United States,222,Earrings,2,343
Germany,223,Belts,6,343
India,225,Cap,4,343
Great Britain,226,Watch,2,343
India,200,Jeans,10,344
Great Britain,201,Underwear,3,344
Iran,202,Shoes,6,344
Ukraine,202,Shoes,6,344
Brazil,203,Sandals,2,344
India,204,Formal Wear,4,344
Brazil,205,Socks,4,344
Germany,205,Socks,5,344
Ireland,205,Socks,3,344
Great Britain,207,Kahkis,8,344
India,207,Kahkis,3,344
Great Britain,208,Gowns,5,344
Ireland,208,Gowns,10,344
Australia,209,Dresses,10,344
Iran,211,Glasses,2,344
Ukraine,212,Sunglasses,4,344
Iran,214,Suits,1,344
Ireland,214,Suits,15,344
Germany,216,Coats,6,344
Japan,216,Coats,8,344
Ireland,218,Briefs,5,344
United States,218,Briefs,2,344
China,220,Bow-ties,4,344
Ukraine,220,Bow-ties,10,344
Russia,221,Scarves,1,344
Ukraine,221,Scarves,7,344
United States,221,Scarves,6,344
Great Britain,222,Earrings,1,344
Korea,223,Belts,1,344
China,224,Wallet,15,344
Germany,224,Wallet,13,344
Great Britain,225,Cap,10,344
Iran,202,Shoes,3,345
Australia,203,Sandals,4,345
Ukraine,203,Sandals,7,345
Brazil,204,Formal Wear,8,345
Korea,204,Formal Wear,11,345
Korea,205,Socks,9,345
China,207,Kahkis,12,345
Korea,207,Kahkis,9,345
France,208,Gowns,8,345
China,209,Dresses,1,345
Iran,209,Dresses,6,345
Russia,209,Dresses,8,345
Ukraine,209,Dresses,1,345
Japan,210,T-shirts,1,345
Ukraine,210,T-shirts,6,345
China,211,Glasses,6,345
Mexico,211,Glasses,9,345
Ukraine,211,Glasses,5,345
India,212,Sunglasses,3,345
Mexico,212,Sunglasses,8,345
Australia,213,Tracksuit,4,345
Iran,214,Suits,1,345
United States,214,Suits,2,345
Iran,215,Jackets,4,345
United States,216,Coats,9,345
Australia,218,Briefs,3,345
Germany,220,Bow-ties,2,345
China,222,Earrings,7,345
Germany,222,Earrings,2,345
Japan,222,Earrings,2,345
Ukraine,222,Earrings,5,345
Iran,223,Belts,8,345
United States,223,Belts,1,345
India,224,Wallet,4,345
Australia,226,Watch,6,345
Germany,226,Watch,9,345
Iran,226,Watch,8,345
Iran,200,Jeans,7,346
Great Britain,201,Underwear,2,346
Ireland,201,Underwear,6,346
Great Britain,202,Shoes,1,346
Brazil,203,Sandals,6,346
Korea,203,Sandals,4,346
France,207,Kahkis,8,346
Japan,207,Kahkis,9,346
Ukraine,207,Kahkis,2,346
Great Britain,208,Gowns,11,346
United States,208,Gowns,7,346
Mexico,209,Dresses,3,346
Brazil,210,T-shirts,3,346
China,211,Glasses,10,346
Japan,211,Glasses,9,346
Ireland,212,Sunglasses,7,346
Brazil,213,Tracksuit,10,346
China,213,Tracksuit,3,346
Japan,213,Tracksuit,2,346
France,214,Suits,9,346
Japan,214,Suits,10,346
Korea,215,Jackets,2,346
France,216,Coats,4,346
Great Britain,216,Coats,8,346
Ukraine,217,Ties,9,346
China,219,Boxers,1,346
France,219,Boxers,3,346
Iran,220,Bow-ties,12,346
Japan,220,Bow-ties,8,346
Brazil,221,Scarves,1,346
India,221,Scarves,9,346
Japan,221,Scarves,2,346
Brazil,222,Earrings,3,346
Ireland,222,Earrings,9,346
Ireland,224,Wallet,10,346
Russia,224,Wallet,1,346
Mexico,225,Cap,7,346
China,226,Watch,10,346
China,200,Jeans,3,347
Korea,201,Underwear,2,347
Russia,201,Underwear,5,347
Ukraine,201,Underwear,8,347
Germany,204,Formal Wear,9,347
China,205,Socks,7,347
United States,205,Socks,8,347
China,206,Swimwear,3,347
Great Britain,206,Swimwear,7,347
Iran,207,Kahkis,10,347
Russia,207,Kahkis,5,347
China,209,Dresses,5,347
Germany,211,Glasses,4,347
Germany,212,Sunglasses,6,347
Japan,212,Sunglasses,9,347
China,213,Tracksuit,3,347
Japan,215,Jackets,7,347
China,216,Coats,3,347
Ukraine,216,Coats,18,347
Germany,217,Ties,9,347
United States,217,Ties,4,347
France,218,Briefs,7,347
United States,218,Briefs,6,347
Mexico,219,Boxers,8,347
Australia,220,Bow-ties,2,347
Korea,220,Bow-ties,7,347
Brazil,221,Scarves,9,347
Australia,223,Belts,5,347
India,223,Belts,4,347
Korea,223,Belts,7,347
Ukraine,223,Belts,6,347
Great Britain,224,Wallet,3,347
China,201,Underwear,8,348
France,201,Underwear,5,348
Iran,202,Shoes,9,348
Ukraine,202,Shoes,5,348
Mexico,203,Sandals,1,348
Ukraine,203,Sandals,10,348
Australia,207,Kahkis,1,348
Iran,207,Kahkis,12,348
Ukraine,209,Dresses,7,348
Ukraine,210,T-shirts,8,348
Australia,212,Sunglasses,5,348
Russia,212,Sunglasses,2,348
Ireland,213,Tracksuit,10,348
Iran,215,Jackets,9,348
China,216,Coats,10,348
Germany,216,Coats,5,348
Australia,217,Ties,8,348
Brazil,217,Ties,2,348
Mexico,217,Ties,4,348
Russia,217,Ties,9,348
United States,217,Ties,6,348
Ireland,218,Briefs,6,348
Australia,220,Bow-ties,5,348
Iran,220,Bow-ties,5,348
Ireland,220,Bow-ties,6,348
Germany,221,Scarves,2,348
Japan,222,Earrings,3,348
France,225,Cap,5,348
Germany,225,Cap,5,348
Japan,225,Cap,4,348
Korea,225,Cap,5,348
Mexico,225,Cap,3,348
Australia,226,Watch,5,348
France,226,Watch,9,348
Ukraine,226,Watch,10,348
India,200,Jeans,9,349
China,201,Underwear,2,349
India,201,Underwear,10,349
Ukraine,201,Underwear,4,349
Brazil,202,Shoes,7,349
Germany,203,Sandals,9,349
China,204,Formal Wear,10,349
Iran,206,Swimwear,6,349
Korea,206,Swimwear,6,349
United States,207,Kahkis,8,349
Australia,209,Dresses,10,349
Great Britain,209,Dresses,4,349
Mexico,210,T-shirts,5,349
France,212,Sunglasses,3,349
India,214,Suits,9,349
Korea,214,Suits,4,349
Germany,215,Jackets,7,349
United States,215,Jackets,3,349
Korea,216,Coats,9,349
Ireland,218,Briefs,7,349
Russia,218,Briefs,9,349
China,219,Boxers,9,349
Iran,219,Boxers,5,349
Brazil,220,Bow-ties,10,349
Germany,220,Bow-ties,8,349
India,220,Bow-ties,2,349
Korea,220,Bow-ties,9,349
Germany,221,Scarves,8,349
India,221,Scarves,2,349
Japan,221,Scarves,3,349
Mexico,222,Earrings,10,349
Russia,222,Earrings,6,349
Iran,223,Belts,9,349
Great Britain,225,Cap,3,349
United States,226,Watch,9,349
Germany,201,Underwear,9,350
Ireland,201,Underwear,1,350
France,203,Sandals,2,350
Great Britain,204,Formal Wear,6,350
China,205,Socks,10,350
Korea,206,Swimwear,3,350
Mexico,206,Swimwear,2,350
France,208,Gowns,9,350
Iran,209,Dresses,3,350
Ireland,209,Dresses,10,350
United States,209,Dresses,3,350
Great Britain,210,T-shirts,10,350
Japan,210,T-shirts,3,350
Ireland,211,Glasses,7,350
France,212,Sunglasses,2,350
Russia,212,Sunglasses,3,350
China,213,Tracksuit,5,350
Korea,213,Tracksuit,4,350
Ukraine,213,Tracksuit,3,350
Great Britain,214,Suits,4,350
Ireland,215,Jackets,6,350
Iran,216,Coats,6,350
United States,217,Ties,1,350
Great Britain,218,Briefs,4,350
France,219,Boxers,9,350
Germany,221,Scarves,8,350
Japan,221,Scarves,3,350
China,222,Earrings,1,350
Great Britain,223,Belts,9,350
Russia,224,Wallet,1,350
Great Britain,225,Cap,8,350
Ireland,225,Cap,10,350
France,205,Socks,2,351
Korea,205,Socks,2,351
United States,205,Socks,7,351
Ireland,206,Swimwear,8,351
France,208,Gowns,9,351
Germany,208,Gowns,6,351
Japan,208,Gowns,5,351
China,209,Dresses,9,351
Mexico,209,Dresses,9,351
France,210,T-shirts,1,351
China,212,Sunglasses,9,351
Korea,213,Tracksuit,5,351
Australia,214,Suits,10,351
France,214,Suits,9,351
Australia,215,Jackets,9,351
Germany,215,Jackets,7,351
Brazil,216,Coats,7,351
China,216,Coats,2,351
Great Britain,216,Coats,6,351
United States,216,Coats,10,351
Brazil,218,Briefs,3,351
France,218,Briefs,1,351
Australia,219,Boxers,4,351
Mexico,219,Boxers,9,351
Iran,221,Scarves,3,351
Iran,222,Earrings,9,351
Australia,224,Wallet,2,351
Germany,224,Wallet,8,351
China,226,Watch,2,351
France,226,Watch,9,351
Great Britain,226,Watch,10,351
Australia,200,Jeans,8,352
Germany,200,Jeans,8,352
Mexico,200,Jeans,10,352
Russia,200,Jeans,6,352
Australia,201,Underwear,8,352
Brazil,201,Underwear,10,352
France,202,Shoes,4,352
India,202,Shoes,2,352
Ukraine,202,Shoes,9,352
Brazil,204,Formal Wear,10,352
Japan,204,Formal Wear,9,352
China,205,Socks,6,352
India,205,Socks,2,352
China,206,Swimwear,1,352
Korea,206,Swimwear,7,352
China,207,Kahkis,4,352
Germany,207,Kahkis,1,352
Great Britain,207,Kahkis,7,352
China,208,Gowns,9,352
Great Britain,208,Gowns,3,352
Brazil,209,Dresses,1,352
China,212,Sunglasses,4,352
Russia,213,Tracksuit,6,352
Australia,214,Suits,4,352
China,214,Suits,4,352
Ireland,214,Suits,7,352
Ukraine,215,Jackets,9,352
Germany,216,Coats,1,352
Mexico,216,Coats,7,352
United States,217,Ties,10,352
Great Britain,218,Briefs,5,352
Iran,218,Briefs,15,352
Mexico,218,Briefs,10,352
Ireland,219,Boxers,5,352
France,220,Bow-ties,6,352
Great Britain,220,Bow-ties,4,352
Mexico,220,Bow-ties,4,352
United States,220,Bow-ties,10,352
Germany,221,Scarves,3,352
Germany,222,Earrings,1,352
United States,222,Earrings,2,352
India,226,Watch,1,352
Iran,226,Watch,8,352
Brazil,200,Jeans,5,353
Great Britain,203,Sandals,5,353
Japan,204,Formal Wear,1,353
Ukraine,204,Formal Wear,8,353
Iran,205,Socks,8,353
Japan,205,Socks,4,353
Brazil,207,Kahkis,9,353
Australia,211,Glasses,8,353
China,211,Glasses,4,353
Ukraine,211,Glasses,2,353
Ukraine,212,Sunglasses,4,353
Great Britain,213,Tracksuit,3,353
Ukraine,213,Tracksuit,6,353
United States,213,Tracksuit,6,353
India,215,Jackets,8,353
Ireland,216,Coats,10,353
Korea,216,Coats,3,353
Great Britain,217,Ties,5,353
Mexico,217,Ties,8,353
Ukraine,218,Briefs,8,353
United States,219,Boxers,1,353
Australia,220,Bow-ties,10,353
United States,221,Scarves,8,353
Great Britain,222,Earrings,5,353
Iran,223,Belts,10,353
Brazil,224,Wallet,2,353
Great Britain,224,Wallet,10,353
Ireland,224,Wallet,3,353
India,225,Cap,4,353
Australia,226,Watch,6,353
Korea,226,Watch,3,353
United States,226,Watch,8,353
Mexico,200,Jeans,9,354
Mexico,201,Underwear,10,354
France,202,Shoes,8,354
Mexico,203,Sandals,10,354
Russia,204,Formal Wear,8,354
Ukraine,205,Socks,9,354
Japan,206,Swimwear,8,354
Ukraine,207,Kahkis,2,354
Germany,208,Gowns,4,354
Germany,209,Dresses,2,354
Japan,209,Dresses,3,354
Mexico,210,T-shirts,1,354
China,211,Glasses,1,354
Great Britain,211,Glasses,8,354
Ukraine,211,Glasses,2,354
Germany,212,Sunglasses,8,354
Australia,213,Tracksuit,2,354
Germany,213,Tracksuit,3,354
Australia,214,Suits,10,354
Mexico,214,Suits,7,354
Russia,215,Jackets,3,354
Australia,217,Ties,10,354
France,217,Ties,1,354
Russia,217,Ties,1,354
Ukraine,217,Ties,1,354
Brazil,218,Briefs,10,354
Japan,218,Briefs,5,354
Ukraine,218,Briefs,3,354
Korea,219,Boxers,9,354
Australia,220,Bow-ties,9,354
Russia,220,Bow-ties,1,354
Mexico,221,Scarves,7,354
Australia,223,Belts,8,354
Brazil,225,Cap,8,354
Mexico,225,Cap,9,354
Ukraine,225,Cap,9,354
India,200,Jeans,5,355
Iran,201,Underwear,12,355
United States,201,Underwear,2,355
Brazil,203,Sandals,5,355
Great Britain,204,Formal Wear,5,355
Korea,204,Formal Wear,3,355
India,205,Socks,8,355
Korea,205,Socks,5,355
India,207,Kahkis,1,355
Iran,207,Kahkis,1,355
Australia,209,Dresses,1,355
Iran,209,Dresses,10,355
France,210,T-shirts,18,355
Great Britain,210,T-shirts,3,355
Iran,211,Glasses,10,355
United States,212,Sunglasses,7,355
Brazil,214,Suits,6,355
Iran,214,Suits,1,355
Korea,214,Suits,2,355
Germany,216,Coats,5,355
China,218,Briefs,8,355
Great Britain,218,Briefs,6,355
Russia,218,Briefs,3,355
Ukraine,218,Briefs,10,355
France,219,Boxers,10,355
Iran,219,Boxers,8,355
Brazil,220,Bow-ties,9,355
Mexico,220,Bow-ties,7,355
United States,220,Bow-ties,6,355
Brazil,221,Scarves,5,355
Brazil,222,Earrings,1,355
Germany,222,Earrings,4,355
Japan,223,Belts,7,355
Mexico,223,Belts,7,355
Japan,224,Wallet,4,355
Great Britain,225,Cap,3,355
India,225,Cap,8,355
Mexico,225,Cap,7,355
United States,226,Watch,10,355
Germany,200,Jeans,2,356
Ukraine,200,Jeans,5,356
Ukraine,201,Underwear,7,356
Australia,202,Shoes,8,356
France,202,Shoes,6,356
India,202,Shoes,6,356
Ukraine,202,Shoes,7,356
Iran,203,Sandals,5,356
Korea,203,Sandals,6,356
Ukraine,203,Sandals,10,356
France,204,Formal Wear,7,356
Australia,205,Socks,9,356
China,205,Socks,2,356
Germany,205,Socks,5,356
China,206,Swimwear,1,356
France,207,Kahkis,7,356
Iran,207,Kahkis,5,356
Korea,207,Kahkis,5,356
Mexico,209,Dresses,3,356
Japan,210,T-shirts,2,356
Ukraine,210,T-shirts,10,356
Mexico,212,Sunglasses,7,356
Germany,213,Tracksuit,3,356
Ireland,213,Tracksuit,7,356
Mexico,213,Tracksuit,3,356
Germany,214,Suits,10,356
Ukraine,214,Suits,7,356
Germany,215,Jackets,10,356
Great Britain,215,Jackets,1,356
Great Britain,216,Coats,1,356
Japan,216,Coats,10,356
United States,216,Coats,5,356
China,218,Briefs,5,356
India,218,Briefs,7,356
Russia,218,Briefs,2,356
China,219,Boxers,3,356
France,220,Bow-ties,5,356
Mexico,221,Scarves,2,356
Australia,222,Earrings,11,356
India,222,Earrings,7,356
Great Britain,223,Belts,10,356
Korea,223,Belts,4,356
United States,223,Belts,7,356
France,224,Wallet,1,356
United States,224,Wallet,3,356
India,226,Watch,7,356
Great Britain,200,Jeans,7,357
Ireland,201,Underwear,4,357
Korea,201,Underwear,8,357
China,203,Sandals,4,357
France,203,Sandals,10,357
India,203,Sandals,8,357
Mexico,204,Formal Wear,4,357
United States,204,Formal Wear,10,357
Germany,205,Socks,4,357
Great Britain,205,Socks,1,357
Mexico,205,Socks,4,357
Germany,206,Swimwear,8,357
Ukraine,206,Swimwear,1,357
Mexico,207,Kahkis,5,357
India,208,Gowns,2,357
Mexico,209,Dresses,3,357
Ireland,210,T-shirts,2,357
Korea,211,Glasses,8,357
United States,211,Glasses,9,357
Iran,213,Tracksuit,7,357
China,214,Suits,8,357
Iran,215,Jackets,4,357
Korea,215,Jackets,2,357
Korea,216,Coats,5,357
United States,216,Coats,1,357
Ukraine,217,Ties,1,357
Iran,218,Briefs,4,357
Ireland,219,Boxers,2,357
United States,221,Scarves,2,357
Germany,222,Earrings,13,357
Ireland,222,Earrings,4,357
India,223,Belts,6,357
Great Britain,224,Wallet,2,357
Russia,224,Wallet,5,357
Ukraine,224,Wallet,10,357
France,225,Cap,2,357
Great Britain,225,Cap,8,357
Russia,225,Cap,19,357
Korea,226,Watch,9,357
Brazil,200,Jeans,3,358
Great Britain,200,Jeans,8,358
France,201,Underwear,5,358
United States,201,Underwear,6,358
Australia,202,Shoes,4,358
Great Britain,202,Shoes,3,358
Ireland,202,Shoes,8,358
Russia,202,Shoes,12,358
India,204,Formal Wear,6,358
Australia,205,Socks,7,358
Australia,206,Swimwear,8,358
Brazil,206,Swimwear,8,358
Russia,207,Kahkis,2,358
Japan,208,Gowns,1,358
Germany,209,Dresses,10,358
United States,209,Dresses,4,358
France,210,T-shirts,5,358
Ireland,211,Glasses,3,358
Russia,211,Glasses,1,358
Iran,212,Sunglasses,10,358
Germany,213,Tracksuit,2,358
Great Britain,213,Tracksuit,3,358
Russia,213,Tracksuit,6,358
Great Britain,216,Coats,1,358
Iran,216,Coats,7,358
Brazil,217,Ties,8,358
Iran,217,Ties,3,358
India,219,Boxers,10,358
Germany,220,Bow-ties,4,358
India,221,Scarves,3,358
China,223,Belts,8,358
Iran,223,Belts,10,358
Korea,225,Cap,8,358
Russia,226,Watch,4,358
United States,226,Watch,7,358
Brazil,200,Jeans,5,359
Mexico,200,Jeans,3,359
Ukraine,200,Jeans,7,359
Brazil,201,Underwear,4,359
United States,202,Shoes,7,359
Brazil,205,Socks,4,359
Iran,207,Kahkis,9,359
Great Britain,208,Gowns,4,359
Germany,209,Dresses,8,359
Iran,209,Dresses,10,359
Japan,209,Dresses,8,359
India,211,Glasses,10,359
Japan,211,Glasses,6,359
Ukraine,211,Glasses,1,359
Brazil,213,Tracksuit,8,359
Ukraine,213,Tracksuit,8,359
India,214,Suits,3,359
Korea,214,Suits,2,359
Brazil,217,Ties,5,359
Ireland,219,Boxers,6,359
India,222,Earrings,1,359
France,223,Belts,2,359
Mexico,223,Belts,7,359
Korea,224,Wallet,10,359
Russia,224,Wallet,7,359
Russia,226,Watch,9,359
Ireland,200,Jeans,7,360
United States,200,Jeans,7,360
Germany,201,Underwear,3,360
Japan,201,Underwear,9,360
Japan,202,Shoes,4,360
Russia,202,Shoes,10,360
Ukraine,203,Sandals,7,360
Japan,205,Socks,10,360
France,206,Swimwear,1,360
Korea,206,Swimwear,2,360
United States,206,Swimwear,4,360
Brazil,208,Gowns,7,360
India,208,Gowns,3,360
Great Britain,210,T-shirts,1,360
Ireland,210,T-shirts,4,360
Ukraine,211,Glasses,7,360
Iran,212,Sunglasses,14,360
Russia,215,Jackets,10,360
India,216,Coats,8,360
United States,217,Ties,7,360
Japan,218,Briefs,4,360
Korea,218,Briefs,9,360
United States,218,Briefs,6,360
Great Britain,219,Boxers,8,360
Japan,219,Boxers,5,360
China,222,Earrings,8,360
Korea,222,Earrings,4,360
Japan,223,Belts,6,360
Japan,224,Wallet,5,360
India,225,Cap,7,360
Ireland,225,Cap,1,360
Mexico,225,Cap,3,360
China,226,Watch,5,360
Russia,200,Jeans,9,361
China,201,Underwear,3,361
India,203,Sandals,6,361
Ireland,203,Sandals,6,361
China,204,Formal Wear,8,361
Ireland,204,Formal Wear,4,361
Great Britain,205,Socks,4,361
China,207,Kahkis,6,361
Brazil,208,Gowns,6,361
United States,208,Gowns,6,361
Great Britain,209,Dresses,6,361
Korea,209,Dresses,6,361
China,210,T-shirts,8,361
Japan,213,Tracksuit,9,361
Ireland,214,Suits,5,361
Russia,214,Suits,1,361
United States,215,Jackets,10,361
France,216,Coats,10,361
France,217,Ties,5,361
Germany,218,Briefs,6,361
China,219,Boxers,5,361
Iran,219,Boxers,1,361
Korea,219,Boxers,2,361
Ukraine,219,Boxers,16,361
United States,219,Boxers,6,361
Australia,220,Bow-ties,2,361
France,220,Bow-ties,7,361
Korea,222,Earrings,4,361
Korea,223,Belts,9,361
Russia,223,Belts,1,361
India,224,Wallet,4,361
Ireland,225,Cap,1,361
Brazil,200,Jeans,1,362
India,200,Jeans,6,362
India,202,Shoes,5,362
Iran,202,Shoes,4,362
France,203,Sandals,4,362
Ireland,203,Sandals,4,362
Japan,203,Sandals,3,362
Australia,204,Formal Wear,8,362
China,204,Formal Wear,10,362
Iran,204,Formal Wear,9,362
China,205,Socks,10,362
India,205,Socks,7,362
Ireland,206,Swimwear,6,362
Mexico,206,Swimwear,4,362
Ukraine,206,Swimwear,2,362
Australia,207,Kahkis,9,362
Korea,207,Kahkis,2,362
United States,208,Gowns,9,362
France,211,Glasses,10,362
Germany,211,Glasses,3,362
Iran,211,Glasses,10,362
Australia,212,Sunglasses,6,362
France,212,Sunglasses,1,362
Germany,212,Sunglasses,2,362
Korea,212,Sunglasses,1,362
India,214,Suits,7,362
Mexico,215,Jackets,1,362
United States,215,Jackets,9,362
France,216,Coats,5,362
Iran,216,Coats,10,362
Korea,216,Coats,9,362
France,217,Ties,10,362
Ireland,217,Ties,4,362
Brazil,218,Briefs,8,362
Japan,218,Briefs,6,362
Germany,219,Boxers,4,362
Iran,219,Boxers,5,362
Brazil,220,Bow-ties,2,362
Mexico,220,Bow-ties,6,362
United States,220,Bow-ties,2,362
Russia,222,Earrings,10,362
Iran,223,Belts,10,362
Korea,223,Belts,5,362
Australia,224,Wallet,1,362
Australia,225,Cap,1,362
Korea,225,Cap,6,362
Mexico,225,Cap,10,362
Ireland,226,Watch,8,362
Mexico,226,Watch,2,362
United States,226,Watch,6,362
